Thu Jan 02 2014 00:00:00 GMT+0800 (China Standard Time),2.55,2.98,2.51,2.95,5103900,2.95,ATHX
Fri Jan 03 2014 00:00:00 GMT+0800 (China Standard Time),2.98,2.99,2.51,2.87,3447200,2.87,ATHX
Mon Jan 06 2014 00:00:00 GMT+0800 (China Standard Time),3.11,3.2,2.95,3.05,4576300,3.05,ATHX
Tue Jan 07 2014 00:00:00 GMT+0800 (China Standard Time),3.14,3.2,2.96,3.16,2638800,3.16,ATHX
Wed Jan 08 2014 00:00:00 GMT+0800 (China Standard Time),3.2,3.97,3.18,3.92,7078200,3.92,ATHX
Thu Jan 09 2014 00:00:00 GMT+0800 (China Standard Time),4.29,4.33,3.95,4.05,6715400,4.05,ATHX
Fri Jan 10 2014 00:00:00 GMT+0800 (China Standard Time),4.08,4.08,3.7,4,4421100,4,ATHX
Mon Jan 13 2014 00:00:00 GMT+0800 (China Standard Time),4.07,4.1,3.8,3.9,2524800,3.9,ATHX
Tue Jan 14 2014 00:00:00 GMT+0800 (China Standard Time),3.91,3.94,3.75,3.88,1633200,3.88,ATHX
Wed Jan 15 2014 00:00:00 GMT+0800 (China Standard Time),3.9,4,3.81,3.96,1453300,3.96,ATHX
Thu Jan 16 2014 00:00:00 GMT+0800 (China Standard Time),4,4.11,4,4.03,1767500,4.03,ATHX
Fri Jan 17 2014 00:00:00 GMT+0800 (China Standard Time),4.03,4.1,4.01,4.05,865000,4.05,ATHX
Tue Jan 21 2014 00:00:00 GMT+0800 (China Standard Time),4.15,4.23,4.1,4.17,2035500,4.17,ATHX
Wed Jan 22 2014 00:00:00 GMT+0800 (China Standard Time),4.2,4.21,4.06,4.15,1885700,4.15,ATHX
Thu Jan 23 2014 00:00:00 GMT+0800 (China Standard Time),4.13,4.25,4.09,4.18,1451600,4.18,ATHX
Fri Jan 24 2014 00:00:00 GMT+0800 (China Standard Time),4.2,4.22,4,4.06,1469000,4.06,ATHX
Mon Jan 27 2014 00:00:00 GMT+0800 (China Standard Time),4.09,4.1,3.28,3.78,4426000,3.78,ATHX
Tue Jan 28 2014 00:00:00 GMT+0800 (China Standard Time),3.79,3.88,3.62,3.85,1502600,3.85,ATHX
Wed Jan 29 2014 00:00:00 GMT+0800 (China Standard Time),3.81,3.91,3.72,3.8,1313500,3.8,ATHX
Thu Jan 30 2014 00:00:00 GMT+0800 (China Standard Time),3.86,3.96,3.81,3.88,763700,3.88,ATHX
Fri Jan 31 2014 00:00:00 GMT+0800 (China Standard Time),3.84,3.9,3.78,3.85,658800,3.85,ATHX
Mon Feb 03 2014 00:00:00 GMT+0800 (China Standard Time),3.81,3.85,3.32,3.54,3326900,3.54,ATHX
Tue Feb 04 2014 00:00:00 GMT+0800 (China Standard Time),3.5,3.61,3.42,3.48,1029300,3.48,ATHX
Wed Feb 05 2014 00:00:00 GMT+0800 (China Standard Time),3.46,3.52,3.25,3.38,1458200,3.38,ATHX
Thu Feb 06 2014 00:00:00 GMT+0800 (China Standard Time),3.36,3.47,3.28,3.34,603800,3.34,ATHX
Fri Feb 07 2014 00:00:00 GMT+0800 (China Standard Time),3.41,3.81,3.4,3.79,1481600,3.79,ATHX
Mon Feb 10 2014 00:00:00 GMT+0800 (China Standard Time),3.8,3.95,3.72,3.88,1600200,3.88,ATHX
Tue Feb 11 2014 00:00:00 GMT+0800 (China Standard Time),3.92,4,3.82,3.84,1084900,3.84,ATHX
Wed Feb 12 2014 00:00:00 GMT+0800 (China Standard Time),3.86,3.95,3.72,3.76,1607500,3.76,ATHX
Thu Feb 13 2014 00:00:00 GMT+0800 (China Standard Time),3.75,3.87,3.66,3.83,863200,3.83,ATHX
Fri Feb 14 2014 00:00:00 GMT+0800 (China Standard Time),3.84,3.9,3.75,3.79,643300,3.79,ATHX
Tue Feb 18 2014 00:00:00 GMT+0800 (China Standard Time),3.77,3.84,3.7,3.78,756600,3.78,ATHX
Wed Feb 19 2014 00:00:00 GMT+0800 (China Standard Time),3.8,3.89,3.7,3.84,916700,3.84,ATHX
Thu Feb 20 2014 00:00:00 GMT+0800 (China Standard Time),3.83,4.09,3.8,4,2520100,4,ATHX
Fri Feb 21 2014 00:00:00 GMT+0800 (China Standard Time),4.01,4.11,3.98,3.99,1189100,3.99,ATHX
Mon Feb 24 2014 00:00:00 GMT+0800 (China Standard Time),4.03,4.08,3.94,3.99,1091000,3.99,ATHX
Tue Feb 25 2014 00:00:00 GMT+0800 (China Standard Time),4.01,4.08,3.98,4.05,1041000,4.05,ATHX
Wed Feb 26 2014 00:00:00 GMT+0800 (China Standard Time),4.05,4.08,3.85,4,1216100,4,ATHX
Thu Feb 27 2014 00:00:00 GMT+0800 (China Standard Time),4.02,4.02,3.88,3.93,950800,3.93,ATHX
Fri Feb 28 2014 00:00:00 GMT+0800 (China Standard Time),3.91,3.93,3.61,3.78,1707900,3.78,ATHX
Mon Mar 03 2014 00:00:00 GMT+0800 (China Standard Time),3.68,3.82,3.5,3.78,1211100,3.78,ATHX
Tue Mar 04 2014 00:00:00 GMT+0800 (China Standard Time),3.83,3.93,3.83,3.84,955200,3.84,ATHX
Wed Mar 05 2014 00:00:00 GMT+0800 (China Standard Time),3.85,3.86,3.77,3.79,646100,3.79,ATHX
Thu Mar 06 2014 00:00:00 GMT+0800 (China Standard Time),3.82,3.86,3.62,3.7,1128400,3.7,ATHX
Fri Mar 07 2014 00:00:00 GMT+0800 (China Standard Time),3.68,3.71,3.57,3.66,918300,3.66,ATHX
Mon Mar 10 2014 00:00:00 GMT+0800 (China Standard Time),3.69,3.71,3.61,3.68,607000,3.68,ATHX
Tue Mar 11 2014 00:00:00 GMT+0800 (China Standard Time),3.78,3.8,3.59,3.7,1288000,3.7,ATHX
Wed Mar 12 2014 00:00:00 GMT+0800 (China Standard Time),3.71,3.85,3.6,3.68,963800,3.68,ATHX
Thu Mar 13 2014 00:00:00 GMT+0800 (China Standard Time),3.7,3.77,3.53,3.68,1193800,3.68,ATHX
Fri Mar 14 2014 00:00:00 GMT+0800 (China Standard Time),3.5,3.62,3.35,3.55,2160700,3.55,ATHX
Mon Mar 17 2014 00:00:00 GMT+0800 (China Standard Time),3.54,3.54,3.41,3.44,1015800,3.44,ATHX
Tue Mar 18 2014 00:00:00 GMT+0800 (China Standard Time),3.44,3.7,3.42,3.69,921200,3.69,ATHX
Wed Mar 19 2014 00:00:00 GMT+0800 (China Standard Time),3.72,3.74,3.6,3.63,525700,3.63,ATHX
Thu Mar 20 2014 00:00:00 GMT+0800 (China Standard Time),3.63,3.65,3.51,3.57,455900,3.57,ATHX
Fri Mar 21 2014 00:00:00 GMT+0800 (China Standard Time),3.56,3.58,3.37,3.39,1275200,3.39,ATHX
Mon Mar 24 2014 00:00:00 GMT+0800 (China Standard Time),3.38,3.45,3.13,3.33,1241400,3.33,ATHX
Tue Mar 25 2014 00:00:00 GMT+0800 (China Standard Time),3.35,3.6,3.17,3.23,1158500,3.23,ATHX
Wed Mar 26 2014 00:00:00 GMT+0800 (China Standard Time),3.23,3.31,3.03,3.09,1283400,3.09,ATHX
Thu Mar 27 2014 00:00:00 GMT+0800 (China Standard Time),3.05,3.19,2.89,3.11,1138400,3.11,ATHX
Fri Mar 28 2014 00:00:00 GMT+0800 (China Standard Time),3.15,3.3,3.11,3.25,969100,3.25,ATHX
Mon Mar 31 2014 00:00:00 GMT+0800 (China Standard Time),3.29,3.4,3.2,3.24,924300,3.24,ATHX
Tue Apr 01 2014 00:00:00 GMT+0800 (China Standard Time),3.26,3.48,3.26,3.39,805600,3.39,ATHX
Wed Apr 02 2014 00:00:00 GMT+0800 (China Standard Time),3.43,3.5,3.34,3.38,654000,3.38,ATHX
Thu Apr 03 2014 00:00:00 GMT+0800 (China Standard Time),3.39,3.39,3.17,3.24,943100,3.24,ATHX
Fri Apr 04 2014 00:00:00 GMT+0800 (China Standard Time),3.24,3.29,3.06,3.14,858700,3.14,ATHX
Mon Apr 07 2014 00:00:00 GMT+0800 (China Standard Time),3.15,3.23,2.97,3.05,1230400,3.05,ATHX
Tue Apr 08 2014 00:00:00 GMT+0800 (China Standard Time),3.04,3.13,2.97,3,1095100,3,ATHX
Wed Apr 09 2014 00:00:00 GMT+0800 (China Standard Time),3.01,3.1,3.01,3.04,1078400,3.04,ATHX
Thu Apr 10 2014 00:00:00 GMT+0800 (China Standard Time),3.05,3.07,2.84,3.01,1229100,3.01,ATHX
Fri Apr 11 2014 00:00:00 GMT+0800 (China Standard Time),2.94,2.99,2.83,2.86,792900,2.86,ATHX
Mon Apr 14 2014 00:00:00 GMT+0800 (China Standard Time),2.83,2.85,2.62,2.7,1818400,2.7,ATHX
Tue Apr 15 2014 00:00:00 GMT+0800 (China Standard Time),2.67,2.7,2.35,2.64,2133300,2.64,ATHX
Wed Apr 16 2014 00:00:00 GMT+0800 (China Standard Time),2.65,2.72,2.55,2.63,664200,2.63,ATHX
Thu Apr 17 2014 00:00:00 GMT+0800 (China Standard Time),2.64,2.78,2.6,2.73,717100,2.73,ATHX
Mon Apr 21 2014 00:00:00 GMT+0800 (China Standard Time),2.73,2.86,2.72,2.79,823800,2.79,ATHX
Tue Apr 22 2014 00:00:00 GMT+0800 (China Standard Time),2.76,2.96,2.76,2.94,934500,2.94,ATHX
Wed Apr 23 2014 00:00:00 GMT+0800 (China Standard Time),2.95,3.08,2.87,2.94,539300,2.94,ATHX
Thu Apr 24 2014 00:00:00 GMT+0800 (China Standard Time),2.92,2.93,2.77,2.86,576000,2.86,ATHX
Fri Apr 25 2014 00:00:00 GMT+0800 (China Standard Time),2.86,2.88,2.69,2.73,677300,2.73,ATHX
Mon Apr 28 2014 00:00:00 GMT+0800 (China Standard Time),1.27,1.33,1.08,1.33,12770500,1.33,ATHX
Tue Apr 29 2014 00:00:00 GMT+0800 (China Standard Time),1.28,1.51,1.28,1.43,3077800,1.43,ATHX
Wed Apr 30 2014 00:00:00 GMT+0800 (China Standard Time),1.39,1.51,1.36,1.47,1242100,1.47,ATHX
Thu May 01 2014 00:00:00 GMT+0800 (China Standard Time),1.5,1.5,1.4,1.46,1026200,1.46,ATHX
Fri May 02 2014 00:00:00 GMT+0800 (China Standard Time),1.44,1.67,1.4,1.63,2013800,1.63,ATHX
Mon May 05 2014 00:00:00 GMT+0800 (China Standard Time),1.64,1.82,1.6,1.7,1886700,1.7,ATHX
Tue May 06 2014 00:00:00 GMT+0800 (China Standard Time),1.68,1.68,1.55,1.6,1110400,1.6,ATHX
Wed May 07 2014 00:00:00 GMT+0800 (China Standard Time),1.59,1.62,1.5,1.54,748900,1.54,ATHX
Thu May 08 2014 00:00:00 GMT+0800 (China Standard Time),1.44,1.51,1.4,1.4,1121800,1.4,ATHX
Fri May 09 2014 00:00:00 GMT+0800 (China Standard Time),1.41,1.47,1.33,1.4,1134100,1.4,ATHX
Mon May 12 2014 00:00:00 GMT+0800 (China Standard Time),1.42,1.47,1.33,1.33,1115200,1.33,ATHX
Tue May 13 2014 00:00:00 GMT+0800 (China Standard Time),1.35,1.47,1.31,1.44,890200,1.44,ATHX
Wed May 14 2014 00:00:00 GMT+0800 (China Standard Time),1.43,1.47,1.42,1.46,392900,1.46,ATHX
Thu May 15 2014 00:00:00 GMT+0800 (China Standard Time),1.42,1.52,1.38,1.45,608600,1.45,ATHX
Fri May 16 2014 00:00:00 GMT+0800 (China Standard Time),1.44,1.47,1.4,1.44,240800,1.44,ATHX
Mon May 19 2014 00:00:00 GMT+0800 (China Standard Time),1.43,1.55,1.43,1.54,447500,1.54,ATHX
Tue May 20 2014 00:00:00 GMT+0800 (China Standard Time),1.55,1.61,1.47,1.5,507200,1.5,ATHX
Wed May 21 2014 00:00:00 GMT+0800 (China Standard Time),1.5,1.52,1.45,1.46,360600,1.46,ATHX
Thu May 22 2014 00:00:00 GMT+0800 (China Standard Time),1.44,1.54,1.43,1.49,481300,1.49,ATHX
Fri May 23 2014 00:00:00 GMT+0800 (China Standard Time),1.5,1.59,1.49,1.56,452400,1.56,ATHX
Tue May 27 2014 00:00:00 GMT+0800 (China Standard Time),1.57,1.66,1.57,1.59,535900,1.59,ATHX
Wed May 28 2014 00:00:00 GMT+0800 (China Standard Time),1.61,1.69,1.6,1.63,411800,1.63,ATHX
Thu May 29 2014 00:00:00 GMT+0800 (China Standard Time),1.66,1.74,1.63,1.73,498300,1.73,ATHX
Fri May 30 2014 00:00:00 GMT+0800 (China Standard Time),1.75,1.84,1.73,1.78,664500,1.78,ATHX
Mon Jun 02 2014 00:00:00 GMT+0800 (China Standard Time),1.8,1.83,1.62,1.68,518800,1.68,ATHX
Tue Jun 03 2014 00:00:00 GMT+0800 (China Standard Time),1.69,1.7,1.62,1.68,199000,1.68,ATHX
Wed Jun 04 2014 00:00:00 GMT+0800 (China Standard Time),1.69,1.69,1.62,1.66,229200,1.66,ATHX
Thu Jun 05 2014 00:00:00 GMT+0800 (China Standard Time),1.67,1.67,1.55,1.58,567000,1.58,ATHX
Fri Jun 06 2014 00:00:00 GMT+0800 (China Standard Time),1.58,1.62,1.58,1.62,297300,1.62,ATHX
Mon Jun 09 2014 00:00:00 GMT+0800 (China Standard Time),1.65,1.7,1.6,1.66,388100,1.66,ATHX
Tue Jun 10 2014 00:00:00 GMT+0800 (China Standard Time),1.68,1.7,1.65,1.67,283900,1.67,ATHX
Wed Jun 11 2014 00:00:00 GMT+0800 (China Standard Time),1.68,1.7,1.58,1.61,323500,1.61,ATHX
Thu Jun 12 2014 00:00:00 GMT+0800 (China Standard Time),1.61,1.65,1.6,1.64,173800,1.64,ATHX
Fri Jun 13 2014 00:00:00 GMT+0800 (China Standard Time),1.66,1.72,1.62,1.72,479800,1.72,ATHX
Mon Jun 16 2014 00:00:00 GMT+0800 (China Standard Time),1.73,1.75,1.64,1.64,241400,1.64,ATHX
Tue Jun 17 2014 00:00:00 GMT+0800 (China Standard Time),1.64,1.7,1.63,1.65,334000,1.65,ATHX
Wed Jun 18 2014 00:00:00 GMT+0800 (China Standard Time),1.65,1.7,1.62,1.65,570600,1.65,ATHX
Thu Jun 19 2014 00:00:00 GMT+0800 (China Standard Time),1.63,1.66,1.58,1.61,910600,1.61,ATHX
Fri Jun 20 2014 00:00:00 GMT+0800 (China Standard Time),1.6,1.62,1.56,1.6,451000,1.6,ATHX
Mon Jun 23 2014 00:00:00 GMT+0800 (China Standard Time),1.58,1.61,1.53,1.55,499400,1.55,ATHX
Tue Jun 24 2014 00:00:00 GMT+0800 (China Standard Time),1.58,1.59,1.5,1.51,533400,1.51,ATHX
Wed Jun 25 2014 00:00:00 GMT+0800 (China Standard Time),1.52,1.65,1.5,1.65,1141300,1.65,ATHX
Thu Jun 26 2014 00:00:00 GMT+0800 (China Standard Time),1.65,1.66,1.6,1.66,284500,1.66,ATHX
Fri Jun 27 2014 00:00:00 GMT+0800 (China Standard Time),1.68,1.84,1.65,1.8,1169400,1.8,ATHX
Mon Jun 30 2014 00:00:00 GMT+0800 (China Standard Time),1.8,1.9,1.77,1.79,860800,1.79,ATHX
Tue Jul 01 2014 00:00:00 GMT+0800 (China Standard Time),1.83,1.85,1.75,1.79,418400,1.79,ATHX
Wed Jul 02 2014 00:00:00 GMT+0800 (China Standard Time),1.75,1.85,1.73,1.82,354100,1.82,ATHX
Thu Jul 03 2014 00:00:00 GMT+0800 (China Standard Time),1.88,1.96,1.87,1.94,499100,1.94,ATHX
Mon Jul 07 2014 00:00:00 GMT+0800 (China Standard Time),1.95,1.99,1.89,1.9,471000,1.9,ATHX
Tue Jul 08 2014 00:00:00 GMT+0800 (China Standard Time),1.88,1.88,1.76,1.78,471700,1.78,ATHX
Wed Jul 09 2014 00:00:00 GMT+0800 (China Standard Time),1.76,1.81,1.71,1.73,232700,1.73,ATHX
Thu Jul 10 2014 00:00:00 GMT+0800 (China Standard Time),1.75,1.77,1.64,1.69,328400,1.69,ATHX
Fri Jul 11 2014 00:00:00 GMT+0800 (China Standard Time),1.69,1.79,1.69,1.71,458600,1.71,ATHX
Mon Jul 14 2014 00:00:00 GMT+0800 (China Standard Time),1.74,1.74,1.7,1.71,274500,1.71,ATHX
Tue Jul 15 2014 00:00:00 GMT+0800 (China Standard Time),1.72,1.74,1.62,1.63,217300,1.63,ATHX
Wed Jul 16 2014 00:00:00 GMT+0800 (China Standard Time),1.62,1.68,1.56,1.59,523500,1.59,ATHX
Thu Jul 17 2014 00:00:00 GMT+0800 (China Standard Time),1.58,1.58,1.5,1.5,447800,1.5,ATHX
Fri Jul 18 2014 00:00:00 GMT+0800 (China Standard Time),1.5,1.63,1.49,1.56,501700,1.56,ATHX
Mon Jul 21 2014 00:00:00 GMT+0800 (China Standard Time),1.53,1.55,1.5,1.52,276400,1.52,ATHX
Tue Jul 22 2014 00:00:00 GMT+0800 (China Standard Time),1.55,1.61,1.52,1.59,211800,1.59,ATHX
Wed Jul 23 2014 00:00:00 GMT+0800 (China Standard Time),1.6,1.67,1.59,1.66,240300,1.66,ATHX
Thu Jul 24 2014 00:00:00 GMT+0800 (China Standard Time),1.69,1.73,1.65,1.69,214700,1.69,ATHX
Fri Jul 25 2014 00:00:00 GMT+0800 (China Standard Time),1.68,1.72,1.67,1.68,86400,1.68,ATHX
Mon Jul 28 2014 00:00:00 GMT+0800 (China Standard Time),1.7,1.7,1.52,1.58,363200,1.58,ATHX
Tue Jul 29 2014 00:00:00 GMT+0800 (China Standard Time),1.58,1.65,1.57,1.64,120500,1.64,ATHX
Wed Jul 30 2014 00:00:00 GMT+0800 (China Standard Time),1.65,1.67,1.6,1.62,86900,1.62,ATHX
Thu Jul 31 2014 00:00:00 GMT+0800 (China Standard Time),1.61,1.63,1.55,1.61,219200,1.61,ATHX
Fri Aug 01 2014 00:00:00 GMT+0800 (China Standard Time),1.63,1.63,1.55,1.59,228800,1.59,ATHX
Mon Aug 04 2014 00:00:00 GMT+0800 (China Standard Time),1.57,1.7,1.54,1.57,274200,1.57,ATHX
Tue Aug 05 2014 00:00:00 GMT+0800 (China Standard Time),1.62,1.72,1.56,1.63,988500,1.63,ATHX
Wed Aug 06 2014 00:00:00 GMT+0800 (China Standard Time),1.64,1.65,1.57,1.59,249800,1.59,ATHX
Thu Aug 07 2014 00:00:00 GMT+0800 (China Standard Time),1.59,1.62,1.53,1.55,303800,1.55,ATHX
Fri Aug 08 2014 00:00:00 GMT+0800 (China Standard Time),1.56,1.62,1.53,1.55,153600,1.55,ATHX
Mon Aug 11 2014 00:00:00 GMT+0800 (China Standard Time),1.59,1.7,1.57,1.65,411400,1.65,ATHX
Tue Aug 12 2014 00:00:00 GMT+0800 (China Standard Time),1.53,1.63,1.53,1.57,508900,1.57,ATHX
Wed Aug 13 2014 00:00:00 GMT+0800 (China Standard Time),1.59,1.61,1.53,1.55,437300,1.55,ATHX
Thu Aug 14 2014 00:00:00 GMT+0800 (China Standard Time),1.56,1.59,1.53,1.59,128100,1.59,ATHX
Fri Aug 15 2014 00:00:00 GMT+0800 (China Standard Time),1.6,1.63,1.57,1.58,136000,1.58,ATHX
Mon Aug 18 2014 00:00:00 GMT+0800 (China Standard Time),1.58,1.63,1.51,1.52,574200,1.52,ATHX
Tue Aug 19 2014 00:00:00 GMT+0800 (China Standard Time),1.52,1.54,1.49,1.5,395500,1.5,ATHX
Wed Aug 20 2014 00:00:00 GMT+0800 (China Standard Time),1.48,1.52,1.48,1.5,338200,1.5,ATHX
Thu Aug 21 2014 00:00:00 GMT+0800 (China Standard Time),1.51,1.52,1.46,1.5,243800,1.5,ATHX
Fri Aug 22 2014 00:00:00 GMT+0800 (China Standard Time),1.48,1.5,1.45,1.5,141000,1.5,ATHX
Mon Aug 25 2014 00:00:00 GMT+0800 (China Standard Time),1.48,1.49,1.36,1.44,1009200,1.44,ATHX
Tue Aug 26 2014 00:00:00 GMT+0800 (China Standard Time),1.42,1.45,1.38,1.41,522400,1.41,ATHX
Wed Aug 27 2014 00:00:00 GMT+0800 (China Standard Time),1.42,1.43,1.38,1.4,397100,1.4,ATHX
Thu Aug 28 2014 00:00:00 GMT+0800 (China Standard Time),1.4,1.41,1.37,1.38,247000,1.38,ATHX
Fri Aug 29 2014 00:00:00 GMT+0800 (China Standard Time),1.38,1.42,1.37,1.41,271500,1.41,ATHX
Tue Sep 02 2014 00:00:00 GMT+0800 (China Standard Time),1.42,1.47,1.41,1.45,263400,1.45,ATHX
Wed Sep 03 2014 00:00:00 GMT+0800 (China Standard Time),1.44,1.49,1.39,1.42,247900,1.42,ATHX
Thu Sep 04 2014 00:00:00 GMT+0800 (China Standard Time),1.4,1.43,1.37,1.4,459800,1.4,ATHX
Fri Sep 05 2014 00:00:00 GMT+0800 (China Standard Time),1.39,1.42,1.37,1.4,307000,1.4,ATHX
Mon Sep 08 2014 00:00:00 GMT+0800 (China Standard Time),1.35,1.42,1.35,1.38,404400,1.38,ATHX
Tue Sep 09 2014 00:00:00 GMT+0800 (China Standard Time),1.37,1.38,1.33,1.37,200600,1.37,ATHX
Wed Sep 10 2014 00:00:00 GMT+0800 (China Standard Time),1.37,1.38,1.35,1.37,109000,1.37,ATHX
Thu Sep 11 2014 00:00:00 GMT+0800 (China Standard Time),1.37,1.39,1.36,1.38,166100,1.38,ATHX
Fri Sep 12 2014 00:00:00 GMT+0800 (China Standard Time),1.4,1.4,1.35,1.37,191000,1.37,ATHX
Mon Sep 15 2014 00:00:00 GMT+0800 (China Standard Time),1.36,1.37,1.33,1.34,226100,1.34,ATHX
Tue Sep 16 2014 00:00:00 GMT+0800 (China Standard Time),1.34,1.35,1.31,1.33,288000,1.33,ATHX
Wed Sep 17 2014 00:00:00 GMT+0800 (China Standard Time),1.34,1.37,1.33,1.36,157700,1.36,ATHX
Thu Sep 18 2014 00:00:00 GMT+0800 (China Standard Time),1.36,1.49,1.35,1.44,479100,1.44,ATHX
Fri Sep 19 2014 00:00:00 GMT+0800 (China Standard Time),1.42,1.49,1.4,1.41,540600,1.41,ATHX
Mon Sep 22 2014 00:00:00 GMT+0800 (China Standard Time),1.41,1.42,1.37,1.41,193700,1.41,ATHX
Tue Sep 23 2014 00:00:00 GMT+0800 (China Standard Time),1.4,1.43,1.37,1.4,228400,1.4,ATHX
Wed Sep 24 2014 00:00:00 GMT+0800 (China Standard Time),1.38,1.4,1.36,1.38,142000,1.38,ATHX
Thu Sep 25 2014 00:00:00 GMT+0800 (China Standard Time),1.39,1.43,1.36,1.37,191200,1.37,ATHX
Fri Sep 26 2014 00:00:00 GMT+0800 (China Standard Time),1.37,1.4,1.36,1.39,80300,1.39,ATHX
Mon Sep 29 2014 00:00:00 GMT+0800 (China Standard Time),1.37,1.39,1.34,1.37,241800,1.37,ATHX
Tue Sep 30 2014 00:00:00 GMT+0800 (China Standard Time),1.36,1.42,1.34,1.39,187600,1.39,ATHX
Wed Oct 01 2014 00:00:00 GMT+0800 (China Standard Time),1.36,1.38,1.34,1.37,174000,1.37,ATHX
Thu Oct 02 2014 00:00:00 GMT+0800 (China Standard Time),1.35,1.38,1.34,1.37,101500,1.37,ATHX
Fri Oct 03 2014 00:00:00 GMT+0800 (China Standard Time),1.38,1.38,1.36,1.38,62200,1.38,ATHX
Mon Oct 06 2014 00:00:00 GMT+0800 (China Standard Time),1.4,1.41,1.32,1.37,295500,1.37,ATHX
Tue Oct 07 2014 00:00:00 GMT+0800 (China Standard Time),1.34,1.37,1.33,1.35,265700,1.35,ATHX
Wed Oct 08 2014 00:00:00 GMT+0800 (China Standard Time),1.34,1.36,1.3,1.35,421500,1.35,ATHX
Thu Oct 09 2014 00:00:00 GMT+0800 (China Standard Time),1.35,1.35,1.3,1.34,197300,1.34,ATHX
Fri Oct 10 2014 00:00:00 GMT+0800 (China Standard Time),1.3,1.32,1.25,1.3,421700,1.3,ATHX
Mon Oct 13 2014 00:00:00 GMT+0800 (China Standard Time),1.3,1.32,1.22,1.24,310300,1.24,ATHX
Tue Oct 14 2014 00:00:00 GMT+0800 (China Standard Time),1.23,1.26,1.15,1.15,398200,1.15,ATHX
Wed Oct 15 2014 00:00:00 GMT+0800 (China Standard Time),1.15,1.21,1.13,1.19,506500,1.19,ATHX
Thu Oct 16 2014 00:00:00 GMT+0800 (China Standard Time),1.19,1.36,1.19,1.34,484900,1.34,ATHX
Fri Oct 17 2014 00:00:00 GMT+0800 (China Standard Time),1.33,1.38,1.25,1.32,274200,1.32,ATHX
Mon Oct 20 2014 00:00:00 GMT+0800 (China Standard Time),1.33,1.38,1.29,1.33,137400,1.33,ATHX
Tue Oct 21 2014 00:00:00 GMT+0800 (China Standard Time),1.34,1.34,1.28,1.32,136500,1.32,ATHX
Wed Oct 22 2014 00:00:00 GMT+0800 (China Standard Time),1.32,1.37,1.29,1.29,165200,1.29,ATHX
Thu Oct 23 2014 00:00:00 GMT+0800 (China Standard Time),1.3,1.36,1.3,1.33,200000,1.33,ATHX
Fri Oct 24 2014 00:00:00 GMT+0800 (China Standard Time),1.35,1.4,1.32,1.35,288700,1.35,ATHX
Mon Oct 27 2014 00:00:00 GMT+0800 (China Standard Time),1.38,1.43,1.35,1.4,164800,1.4,ATHX
Tue Oct 28 2014 00:00:00 GMT+0800 (China Standard Time),1.43,1.44,1.37,1.37,263100,1.37,ATHX
Wed Oct 29 2014 00:00:00 GMT+0800 (China Standard Time),1.37,1.39,1.35,1.37,61200,1.37,ATHX
Thu Oct 30 2014 00:00:00 GMT+0800 (China Standard Time),1.36,1.45,1.36,1.39,471700,1.39,ATHX
Fri Oct 31 2014 00:00:00 GMT+0800 (China Standard Time),1.44,1.55,1.35,1.54,513900,1.54,ATHX
Mon Nov 03 2014 00:00:00 GMT+0800 (China Standard Time),1.58,1.69,1.5,1.6,853100,1.6,ATHX
Tue Nov 04 2014 00:00:00 GMT+0800 (China Standard Time),1.62,1.74,1.55,1.56,511500,1.56,ATHX
Wed Nov 05 2014 00:00:00 GMT+0800 (China Standard Time),1.58,1.61,1.55,1.58,230800,1.58,ATHX
Thu Nov 06 2014 00:00:00 GMT+0800 (China Standard Time),1.56,1.6,1.53,1.57,151800,1.57,ATHX
Fri Nov 07 2014 00:00:00 GMT+0800 (China Standard Time),1.55,1.59,1.51,1.53,177300,1.53,ATHX
Mon Nov 10 2014 00:00:00 GMT+0800 (China Standard Time),1.55,1.58,1.5,1.54,348000,1.54,ATHX
Tue Nov 11 2014 00:00:00 GMT+0800 (China Standard Time),1.55,1.59,1.47,1.49,381100,1.49,ATHX
Wed Nov 12 2014 00:00:00 GMT+0800 (China Standard Time),1.5,1.5,1.41,1.43,240900,1.43,ATHX
Thu Nov 13 2014 00:00:00 GMT+0800 (China Standard Time),1.45,1.45,1.31,1.39,491400,1.39,ATHX
Fri Nov 14 2014 00:00:00 GMT+0800 (China Standard Time),1.37,1.42,1.35,1.37,164800,1.37,ATHX
Mon Nov 17 2014 00:00:00 GMT+0800 (China Standard Time),1.37,1.4,1.35,1.37,185000,1.37,ATHX
Tue Nov 18 2014 00:00:00 GMT+0800 (China Standard Time),1.37,1.42,1.35,1.39,98100,1.39,ATHX
Wed Nov 19 2014 00:00:00 GMT+0800 (China Standard Time),1.41,1.46,1.38,1.44,145500,1.44,ATHX
Thu Nov 20 2014 00:00:00 GMT+0800 (China Standard Time),1.42,1.44,1.39,1.42,182800,1.42,ATHX
Fri Nov 21 2014 00:00:00 GMT+0800 (China Standard Time),1.42,1.47,1.42,1.46,227500,1.46,ATHX
Mon Nov 24 2014 00:00:00 GMT+0800 (China Standard Time),1.44,1.47,1.41,1.42,206500,1.42,ATHX
Tue Nov 25 2014 00:00:00 GMT+0800 (China Standard Time),1.41,1.5,1.41,1.41,299200,1.41,ATHX
Wed Nov 26 2014 00:00:00 GMT+0800 (China Standard Time),1.44,1.5,1.4,1.44,303900,1.44,ATHX
Fri Nov 28 2014 00:00:00 GMT+0800 (China Standard Time),1.5,1.5,1.42,1.43,96500,1.43,ATHX
Mon Dec 01 2014 00:00:00 GMT+0800 (China Standard Time),1.45,1.45,1.35,1.35,258000,1.35,ATHX
Tue Dec 02 2014 00:00:00 GMT+0800 (China Standard Time),1.35,1.42,1.35,1.35,214700,1.35,ATHX
Wed Dec 03 2014 00:00:00 GMT+0800 (China Standard Time),1.35,1.49,1.35,1.46,307200,1.46,ATHX
Thu Dec 04 2014 00:00:00 GMT+0800 (China Standard Time),1.47,1.48,1.42,1.45,169900,1.45,ATHX
Fri Dec 05 2014 00:00:00 GMT+0800 (China Standard Time),1.47,1.47,1.42,1.44,84200,1.44,ATHX
Mon Dec 08 2014 00:00:00 GMT+0800 (China Standard Time),1.42,1.48,1.38,1.41,169200,1.41,ATHX
Tue Dec 09 2014 00:00:00 GMT+0800 (China Standard Time),1.43,1.43,1.35,1.36,146400,1.36,ATHX
Wed Dec 10 2014 00:00:00 GMT+0800 (China Standard Time),1.37,1.4,1.34,1.34,367200,1.34,ATHX
Thu Dec 11 2014 00:00:00 GMT+0800 (China Standard Time),1.36,1.38,1.3,1.31,255200,1.31,ATHX
Fri Dec 12 2014 00:00:00 GMT+0800 (China Standard Time),1.3,1.37,1.3,1.36,165100,1.36,ATHX
Mon Dec 15 2014 00:00:00 GMT+0800 (China Standard Time),1.34,1.37,1.23,1.27,395500,1.27,ATHX
Tue Dec 16 2014 00:00:00 GMT+0800 (China Standard Time),1.26,1.27,1.21,1.23,398000,1.23,ATHX
Wed Dec 17 2014 00:00:00 GMT+0800 (China Standard Time),1.25,1.28,1.15,1.23,262500,1.23,ATHX
Thu Dec 18 2014 00:00:00 GMT+0800 (China Standard Time),1.16,1.43,1.16,1.29,936000,1.29,ATHX
Fri Dec 19 2014 00:00:00 GMT+0800 (China Standard Time),1.33,1.36,1.24,1.36,552500,1.36,ATHX
Mon Dec 22 2014 00:00:00 GMT+0800 (China Standard Time),1.3,1.36,1.29,1.36,280800,1.36,ATHX
Tue Dec 23 2014 00:00:00 GMT+0800 (China Standard Time),1.33,1.34,1.28,1.33,226300,1.33,ATHX
Wed Dec 24 2014 00:00:00 GMT+0800 (China Standard Time),1.33,1.34,1.3,1.3,135400,1.3,ATHX
Fri Dec 26 2014 00:00:00 GMT+0800 (China Standard Time),1.33,1.34,1.27,1.3,268900,1.3,ATHX
Mon Dec 29 2014 00:00:00 GMT+0800 (China Standard Time),1.35,1.43,1.34,1.41,793200,1.41,ATHX
Tue Dec 30 2014 00:00:00 GMT+0800 (China Standard Time),1.44,1.5,1.33,1.39,657400,1.39,ATHX
Wed Dec 31 2014 00:00:00 GMT+0800 (China Standard Time),1.41,1.58,1.39,1.58,989700,1.58,ATHX
Fri Jan 02 2015 00:00:00 GMT+0800 (China Standard Time),1.56,1.66,1.54,1.66,782800,1.66,ATHX
Mon Jan 05 2015 00:00:00 GMT+0800 (China Standard Time),1.69,1.9,1.66,1.82,1480400,1.82,ATHX
Tue Jan 06 2015 00:00:00 GMT+0800 (China Standard Time),1.96,2.14,1.87,2,3067600,2,ATHX
Wed Jan 07 2015 00:00:00 GMT+0800 (China Standard Time),2.03,2.04,1.81,1.98,1241100,1.98,ATHX
Thu Jan 08 2015 00:00:00 GMT+0800 (China Standard Time),1.92,1.97,1.86,1.9,733200,1.9,ATHX
Fri Jan 09 2015 00:00:00 GMT+0800 (China Standard Time),1.87,1.9,1.77,1.78,556500,1.78,ATHX
Mon Jan 12 2015 00:00:00 GMT+0800 (China Standard Time),1.76,1.98,1.76,1.96,573300,1.96,ATHX
Tue Jan 13 2015 00:00:00 GMT+0800 (China Standard Time),1.96,1.97,1.85,1.88,421000,1.88,ATHX
Wed Jan 14 2015 00:00:00 GMT+0800 (China Standard Time),1.88,1.95,1.82,1.91,374800,1.91,ATHX
Thu Jan 15 2015 00:00:00 GMT+0800 (China Standard Time),1.92,1.94,1.81,1.84,392400,1.84,ATHX
Fri Jan 16 2015 00:00:00 GMT+0800 (China Standard Time),1.81,1.9,1.78,1.88,355400,1.88,ATHX
Tue Jan 20 2015 00:00:00 GMT+0800 (China Standard Time),1.92,2.08,1.87,2.07,1439900,2.07,ATHX
Wed Jan 21 2015 00:00:00 GMT+0800 (China Standard Time),2.1,2.15,1.9,2,1115900,2,ATHX
Thu Jan 22 2015 00:00:00 GMT+0800 (China Standard Time),2.02,2.06,1.93,1.98,510400,1.98,ATHX
Fri Jan 23 2015 00:00:00 GMT+0800 (China Standard Time),2,2.06,1.96,2.04,714900,2.04,ATHX
Mon Jan 26 2015 00:00:00 GMT+0800 (China Standard Time),2.05,2.27,2.04,2.19,2148400,2.19,ATHX
Tue Jan 27 2015 00:00:00 GMT+0800 (China Standard Time),2.22,2.29,2.12,2.27,905100,2.27,ATHX
Wed Jan 28 2015 00:00:00 GMT+0800 (China Standard Time),2.25,2.28,2.06,2.11,1072000,2.11,ATHX
Thu Jan 29 2015 00:00:00 GMT+0800 (China Standard Time),2.1,2.23,2.05,2.22,555800,2.22,ATHX
Fri Jan 30 2015 00:00:00 GMT+0800 (China Standard Time),2.25,2.25,2.08,2.09,418400,2.09,ATHX
Mon Feb 02 2015 00:00:00 GMT+0800 (China Standard Time),2.12,2.15,2.01,2.04,604100,2.04,ATHX
Tue Feb 03 2015 00:00:00 GMT+0800 (China Standard Time),2.1,2.1,1.85,2,678700,2,ATHX
Wed Feb 04 2015 00:00:00 GMT+0800 (China Standard Time),1.95,2.04,1.93,2.02,306500,2.02,ATHX
Thu Feb 05 2015 00:00:00 GMT+0800 (China Standard Time),2.13,2.13,2.02,2.05,522200,2.05,ATHX
Fri Feb 06 2015 00:00:00 GMT+0800 (China Standard Time),2.03,2.07,1.99,2.03,586700,2.03,ATHX
Mon Feb 09 2015 00:00:00 GMT+0800 (China Standard Time),2.04,2.06,1.98,1.99,348100,1.99,ATHX
Tue Feb 10 2015 00:00:00 GMT+0800 (China Standard Time),2,2.04,1.96,1.99,354700,1.99,ATHX
Wed Feb 11 2015 00:00:00 GMT+0800 (China Standard Time),2.02,2.16,2.02,2.06,670000,2.06,ATHX
Thu Feb 12 2015 00:00:00 GMT+0800 (China Standard Time),2.06,2.15,2.05,2.12,592200,2.12,ATHX
Fri Feb 13 2015 00:00:00 GMT+0800 (China Standard Time),2.18,2.18,2.09,2.12,291400,2.12,ATHX
Tue Feb 17 2015 00:00:00 GMT+0800 (China Standard Time),2.15,2.25,2.12,2.21,1002700,2.21,ATHX
Wed Feb 18 2015 00:00:00 GMT+0800 (China Standard Time),2.25,2.27,2.21,2.24,808800,2.24,ATHX
Thu Feb 19 2015 00:00:00 GMT+0800 (China Standard Time),2.29,2.45,2.26,2.38,2092700,2.38,ATHX
Fri Feb 20 2015 00:00:00 GMT+0800 (China Standard Time),2.43,2.46,2.36,2.37,808300,2.37,ATHX
Mon Feb 23 2015 00:00:00 GMT+0800 (China Standard Time),2.42,2.6,2.4,2.49,1650400,2.49,ATHX
Tue Feb 24 2015 00:00:00 GMT+0800 (China Standard Time),2.57,2.59,2.42,2.59,741800,2.59,ATHX
Wed Feb 25 2015 00:00:00 GMT+0800 (China Standard Time),2.58,2.76,2.51,2.52,1649600,2.52,ATHX
Thu Feb 26 2015 00:00:00 GMT+0800 (China Standard Time),2.58,2.63,2.24,2.57,1324500,2.57,ATHX
Fri Feb 27 2015 00:00:00 GMT+0800 (China Standard Time),2.55,2.62,2.5,2.59,666700,2.59,ATHX
Mon Mar 02 2015 00:00:00 GMT+0800 (China Standard Time),3.08,3.29,2.85,2.95,7695200,2.95,ATHX
Tue Mar 03 2015 00:00:00 GMT+0800 (China Standard Time),2.91,3,2.87,2.91,1364500,2.91,ATHX
Wed Mar 04 2015 00:00:00 GMT+0800 (China Standard Time),2.91,3,2.79,2.97,1505800,2.97,ATHX
Thu Mar 05 2015 00:00:00 GMT+0800 (China Standard Time),3,3.05,2.85,2.88,1070800,2.88,ATHX
Fri Mar 06 2015 00:00:00 GMT+0800 (China Standard Time),2.88,2.98,2.86,2.98,738900,2.98,ATHX
Mon Mar 09 2015 00:00:00 GMT+0800 (China Standard Time),3.02,3.02,2.88,2.91,728200,2.91,ATHX
Tue Mar 10 2015 00:00:00 GMT+0800 (China Standard Time),2.87,2.95,2.8,2.87,690400,2.87,ATHX
Wed Mar 11 2015 00:00:00 GMT+0800 (China Standard Time),2.9,2.94,2.81,2.87,526700,2.87,ATHX
Thu Mar 12 2015 00:00:00 GMT+0800 (China Standard Time),2.86,2.91,2.66,2.86,1312500,2.86,ATHX
Fri Mar 13 2015 00:00:00 GMT+0800 (China Standard Time),2.88,2.95,2.69,2.82,1792100,2.82,ATHX
Mon Mar 16 2015 00:00:00 GMT+0800 (China Standard Time),2.87,2.99,2.82,2.98,1680200,2.98,ATHX
Tue Mar 17 2015 00:00:00 GMT+0800 (China Standard Time),3,3.08,2.95,3.07,1754000,3.07,ATHX
Wed Mar 18 2015 00:00:00 GMT+0800 (China Standard Time),3.05,3.16,3.01,3.09,1678000,3.09,ATHX
Thu Mar 19 2015 00:00:00 GMT+0800 (China Standard Time),3.1,3.2,3.05,3.17,1762900,3.17,ATHX
Fri Mar 20 2015 00:00:00 GMT+0800 (China Standard Time),3.19,3.25,3.1,3.2,1860100,3.2,ATHX
Mon Mar 23 2015 00:00:00 GMT+0800 (China Standard Time),3.19,3.43,3.14,3.27,2836400,3.27,ATHX
Tue Mar 24 2015 00:00:00 GMT+0800 (China Standard Time),3.29,3.31,3.19,3.24,1472000,3.24,ATHX
Wed Mar 25 2015 00:00:00 GMT+0800 (China Standard Time),3.24,3.25,2.7,2.87,4350400,2.87,ATHX
Thu Mar 26 2015 00:00:00 GMT+0800 (China Standard Time),2.82,2.9,2.58,2.87,2307800,2.87,ATHX
Fri Mar 27 2015 00:00:00 GMT+0800 (China Standard Time),2.84,2.99,2.8,2.92,1333600,2.92,ATHX
Mon Mar 30 2015 00:00:00 GMT+0800 (China Standard Time),2.92,2.94,2.82,2.86,933300,2.86,ATHX
Tue Mar 31 2015 00:00:00 GMT+0800 (China Standard Time),2.85,2.88,2.77,2.88,692100,2.88,ATHX
Wed Apr 01 2015 00:00:00 GMT+0800 (China Standard Time),2.87,2.88,2.77,2.84,718300,2.84,ATHX
Thu Apr 02 2015 00:00:00 GMT+0800 (China Standard Time),2.84,2.87,2.76,2.79,1094000,2.79,ATHX
Mon Apr 06 2015 00:00:00 GMT+0800 (China Standard Time),2.79,2.85,2.76,2.83,900700,2.83,ATHX
Tue Apr 07 2015 00:00:00 GMT+0800 (China Standard Time),2.82,2.9,2.8,2.85,946600,2.85,ATHX
Wed Apr 08 2015 00:00:00 GMT+0800 (China Standard Time),2.87,3.23,2.86,3.12,4670300,3.12,ATHX
Thu Apr 09 2015 00:00:00 GMT+0800 (China Standard Time),3.22,3.22,2.95,3,2156800,3,ATHX
Fri Apr 10 2015 00:00:00 GMT+0800 (China Standard Time),3.02,3.1,2.99,3.03,1512400,3.03,ATHX
Mon Apr 13 2015 00:00:00 GMT+0800 (China Standard Time),3.08,3.15,2.97,3.05,2152700,3.05,ATHX
Tue Apr 14 2015 00:00:00 GMT+0800 (China Standard Time),3.1,3.11,2.91,2.98,2065600,2.98,ATHX
Wed Apr 15 2015 00:00:00 GMT+0800 (China Standard Time),2.98,2.99,2.61,2.63,4659200,2.63,ATHX
Thu Apr 16 2015 00:00:00 GMT+0800 (China Standard Time),2.62,2.65,2.13,2.18,8274900,2.18,ATHX
Fri Apr 17 2015 00:00:00 GMT+0800 (China Standard Time),0.93,1.45,0.9,1.4,26649200,1.4,ATHX
Mon Apr 20 2015 00:00:00 GMT+0800 (China Standard Time),1.33,1.54,1.31,1.35,6974700,1.35,ATHX
Tue Apr 21 2015 00:00:00 GMT+0800 (China Standard Time),1.36,1.39,1.31,1.33,2035200,1.33,ATHX
Wed Apr 22 2015 00:00:00 GMT+0800 (China Standard Time),1.33,1.38,1.32,1.34,1428700,1.34,ATHX
Thu Apr 23 2015 00:00:00 GMT+0800 (China Standard Time),1.34,1.36,1.31,1.32,1196600,1.32,ATHX
Fri Apr 24 2015 00:00:00 GMT+0800 (China Standard Time),1.31,1.32,1.26,1.29,1615000,1.29,ATHX
Mon Apr 27 2015 00:00:00 GMT+0800 (China Standard Time),1.28,1.28,1.21,1.23,1806400,1.23,ATHX
Tue Apr 28 2015 00:00:00 GMT+0800 (China Standard Time),1.24,1.3,1.21,1.29,997900,1.29,ATHX
Wed Apr 29 2015 00:00:00 GMT+0800 (China Standard Time),1.27,1.33,1.25,1.27,1876200,1.27,ATHX
Thu Apr 30 2015 00:00:00 GMT+0800 (China Standard Time),1.27,1.27,1.19,1.2,1620700,1.2,ATHX
Fri May 01 2015 00:00:00 GMT+0800 (China Standard Time),1.19,1.19,1.14,1.16,1044500,1.16,ATHX
Mon May 04 2015 00:00:00 GMT+0800 (China Standard Time),1.19,1.27,1.15,1.23,914700,1.23,ATHX
Tue May 05 2015 00:00:00 GMT+0800 (China Standard Time),1.23,1.28,1.23,1.28,738800,1.28,ATHX
Wed May 06 2015 00:00:00 GMT+0800 (China Standard Time),1.25,1.29,1.19,1.2,1025800,1.2,ATHX
Thu May 07 2015 00:00:00 GMT+0800 (China Standard Time),1.19,1.24,1.17,1.19,1473700,1.19,ATHX
Fri May 08 2015 00:00:00 GMT+0800 (China Standard Time),1.23,1.35,1.21,1.31,2119700,1.31,ATHX
Mon May 11 2015 00:00:00 GMT+0800 (China Standard Time),1.4,1.44,1.34,1.39,2651900,1.39,ATHX
Tue May 12 2015 00:00:00 GMT+0800 (China Standard Time),1.2,1.41,1.18,1.35,2745500,1.35,ATHX
Wed May 13 2015 00:00:00 GMT+0800 (China Standard Time),1.35,1.35,1.3,1.3,424700,1.3,ATHX
Thu May 14 2015 00:00:00 GMT+0800 (China Standard Time),1.3,1.33,1.26,1.28,953100,1.28,ATHX
Fri May 15 2015 00:00:00 GMT+0800 (China Standard Time),1.26,1.29,1.24,1.27,532800,1.27,ATHX
Mon May 18 2015 00:00:00 GMT+0800 (China Standard Time),1.25,1.34,1.25,1.33,627200,1.33,ATHX
Tue May 19 2015 00:00:00 GMT+0800 (China Standard Time),1.35,1.46,1.3,1.4,1713700,1.4,ATHX
Wed May 20 2015 00:00:00 GMT+0800 (China Standard Time),1.38,1.41,1.36,1.37,655800,1.37,ATHX
Thu May 21 2015 00:00:00 GMT+0800 (China Standard Time),1.38,1.43,1.37,1.37,426400,1.37,ATHX
Fri May 22 2015 00:00:00 GMT+0800 (China Standard Time),1.38,1.4,1.33,1.34,362700,1.34,ATHX
Tue May 26 2015 00:00:00 GMT+0800 (China Standard Time),1.33,1.37,1.3,1.36,289900,1.36,ATHX
Wed May 27 2015 00:00:00 GMT+0800 (China Standard Time),1.34,1.38,1.34,1.35,229700,1.35,ATHX
Thu May 28 2015 00:00:00 GMT+0800 (China Standard Time),1.34,1.36,1.33,1.33,290400,1.33,ATHX
Fri May 29 2015 00:00:00 GMT+0800 (China Standard Time),1.35,1.35,1.31,1.31,687800,1.31,ATHX
Mon Jun 01 2015 00:00:00 GMT+0800 (China Standard Time),1.34,1.37,1.31,1.32,601800,1.32,ATHX
Tue Jun 02 2015 00:00:00 GMT+0800 (China Standard Time),1.32,1.36,1.31,1.31,616700,1.31,ATHX
Wed Jun 03 2015 00:00:00 GMT+0800 (China Standard Time),1.31,1.33,1.29,1.3,635900,1.3,ATHX
Thu Jun 04 2015 00:00:00 GMT+0800 (China Standard Time),1.28,1.3,1.24,1.26,815100,1.26,ATHX
Fri Jun 05 2015 00:00:00 GMT+0800 (China Standard Time),1.24,1.32,1.24,1.28,269900,1.28,ATHX
Mon Jun 08 2015 00:00:00 GMT+0800 (China Standard Time),1.26,1.28,1.25,1.27,317600,1.27,ATHX
Tue Jun 09 2015 00:00:00 GMT+0800 (China Standard Time),1.26,1.3,1.25,1.26,502500,1.26,ATHX
Wed Jun 10 2015 00:00:00 GMT+0800 (China Standard Time),1.26,1.28,1.22,1.22,600200,1.22,ATHX
Thu Jun 11 2015 00:00:00 GMT+0800 (China Standard Time),1.25,1.29,1.24,1.24,421500,1.24,ATHX
Fri Jun 12 2015 00:00:00 GMT+0800 (China Standard Time),1.24,1.26,1.23,1.24,291600,1.24,ATHX
Mon Jun 15 2015 00:00:00 GMT+0800 (China Standard Time),1.23,1.24,1.2,1.2,520000,1.2,ATHX
Tue Jun 16 2015 00:00:00 GMT+0800 (China Standard Time),1.19,1.26,1.19,1.24,427400,1.24,ATHX
Wed Jun 17 2015 00:00:00 GMT+0800 (China Standard Time),1.22,1.23,1.2,1.22,323100,1.22,ATHX
Thu Jun 18 2015 00:00:00 GMT+0800 (China Standard Time),1.21,1.28,1.21,1.21,261900,1.21,ATHX
Fri Jun 19 2015 00:00:00 GMT+0800 (China Standard Time),1.23,1.25,1.19,1.2,528600,1.2,ATHX
Mon Jun 22 2015 00:00:00 GMT+0800 (China Standard Time),1.2,1.24,1.18,1.19,456100,1.19,ATHX
Tue Jun 23 2015 00:00:00 GMT+0800 (China Standard Time),1.2,1.26,1.2,1.25,455800,1.25,ATHX
Wed Jun 24 2015 00:00:00 GMT+0800 (China Standard Time),1.25,1.32,1.24,1.28,596800,1.28,ATHX
Thu Jun 25 2015 00:00:00 GMT+0800 (China Standard Time),1.31,1.33,1.27,1.27,331600,1.27,ATHX
Fri Jun 26 2015 00:00:00 GMT+0800 (China Standard Time),1.28,1.29,1.21,1.26,596100,1.26,ATHX
Mon Jun 29 2015 00:00:00 GMT+0800 (China Standard Time),1.23,1.23,1.18,1.18,302900,1.18,ATHX
Tue Jun 30 2015 00:00:00 GMT+0800 (China Standard Time),1.2,1.22,1.18,1.21,446100,1.21,ATHX
Wed Jul 01 2015 00:00:00 GMT+0800 (China Standard Time),1.21,1.23,1.21,1.21,238200,1.21,ATHX
Thu Jul 02 2015 00:00:00 GMT+0800 (China Standard Time),1.21,1.25,1.2,1.22,147900,1.22,ATHX
Mon Jul 06 2015 00:00:00 GMT+0800 (China Standard Time),1.2,1.22,1.18,1.19,226700,1.19,ATHX
Tue Jul 07 2015 00:00:00 GMT+0800 (China Standard Time),1.18,1.2,1.15,1.16,302000,1.16,ATHX
Wed Jul 08 2015 00:00:00 GMT+0800 (China Standard Time),1.16,1.18,1.15,1.15,262800,1.15,ATHX
Thu Jul 09 2015 00:00:00 GMT+0800 (China Standard Time),1.15,1.17,1.1,1.15,411700,1.15,ATHX
Fri Jul 10 2015 00:00:00 GMT+0800 (China Standard Time),1.15,1.17,1.11,1.14,277800,1.14,ATHX
Mon Jul 13 2015 00:00:00 GMT+0800 (China Standard Time),1.15,1.22,1.15,1.17,398800,1.17,ATHX
Tue Jul 14 2015 00:00:00 GMT+0800 (China Standard Time),1.19,1.23,1.18,1.22,302500,1.22,ATHX
Wed Jul 15 2015 00:00:00 GMT+0800 (China Standard Time),1.2,1.3,1.2,1.23,603000,1.23,ATHX
Thu Jul 16 2015 00:00:00 GMT+0800 (China Standard Time),1.23,1.29,1.23,1.26,278100,1.26,ATHX
Fri Jul 17 2015 00:00:00 GMT+0800 (China Standard Time),1.25,1.28,1.25,1.25,228800,1.25,ATHX
Mon Jul 20 2015 00:00:00 GMT+0800 (China Standard Time),1.28,1.28,1.15,1.15,483000,1.15,ATHX
Tue Jul 21 2015 00:00:00 GMT+0800 (China Standard Time),1.15,1.19,1.12,1.15,504700,1.15,ATHX
Wed Jul 22 2015 00:00:00 GMT+0800 (China Standard Time),1.15,1.17,1.13,1.16,227600,1.16,ATHX
Thu Jul 23 2015 00:00:00 GMT+0800 (China Standard Time),1.15,1.17,1.13,1.13,214200,1.13,ATHX
Fri Jul 24 2015 00:00:00 GMT+0800 (China Standard Time),1.11,1.14,1.11,1.11,221700,1.11,ATHX
Mon Jul 27 2015 00:00:00 GMT+0800 (China Standard Time),1.13,1.13,1.03,1.09,331900,1.09,ATHX
Tue Jul 28 2015 00:00:00 GMT+0800 (China Standard Time),1.1,1.15,1.06,1.11,281900,1.11,ATHX
Wed Jul 29 2015 00:00:00 GMT+0800 (China Standard Time),1.09,1.15,1.08,1.1,387200,1.1,ATHX
Thu Jul 30 2015 00:00:00 GMT+0800 (China Standard Time),1.1,1.1,1.07,1.07,130600,1.07,ATHX
Fri Jul 31 2015 00:00:00 GMT+0800 (China Standard Time),1.08,1.1,1.02,1.05,595600,1.05,ATHX
Mon Aug 03 2015 00:00:00 GMT+0800 (China Standard Time),1.07,1.12,1.05,1.07,273400,1.07,ATHX
Tue Aug 04 2015 00:00:00 GMT+0800 (China Standard Time),1.04,1.1,1.04,1.07,256400,1.07,ATHX
Wed Aug 05 2015 00:00:00 GMT+0800 (China Standard Time),1.06,1.07,1.01,1.04,477700,1.04,ATHX
Thu Aug 06 2015 00:00:00 GMT+0800 (China Standard Time),1.04,1.1,1,1.02,563600,1.02,ATHX
Fri Aug 07 2015 00:00:00 GMT+0800 (China Standard Time),1.12,1.25,1.09,1.11,1318800,1.11,ATHX
Mon Aug 10 2015 00:00:00 GMT+0800 (China Standard Time),1.1,1.18,1.07,1.17,330900,1.17,ATHX
Tue Aug 11 2015 00:00:00 GMT+0800 (China Standard Time),1.15,1.2,1.15,1.18,291900,1.18,ATHX
Wed Aug 12 2015 00:00:00 GMT+0800 (China Standard Time),1.18,1.23,1.13,1.22,442800,1.22,ATHX
Thu Aug 13 2015 00:00:00 GMT+0800 (China Standard Time),1.25,1.33,1.17,1.19,695600,1.19,ATHX
Fri Aug 14 2015 00:00:00 GMT+0800 (China Standard Time),1.22,1.22,1.17,1.19,117000,1.19,ATHX
Mon Aug 17 2015 00:00:00 GMT+0800 (China Standard Time),1.2,1.24,1.15,1.17,353700,1.17,ATHX
Tue Aug 18 2015 00:00:00 GMT+0800 (China Standard Time),1.17,1.2,1.15,1.2,215300,1.2,ATHX
Wed Aug 19 2015 00:00:00 GMT+0800 (China Standard Time),1.2,1.23,1.18,1.2,135900,1.2,ATHX
Thu Aug 20 2015 00:00:00 GMT+0800 (China Standard Time),1.19,1.2,1.15,1.17,241000,1.17,ATHX
Fri Aug 21 2015 00:00:00 GMT+0800 (China Standard Time),1.16,1.22,1.14,1.17,364200,1.17,ATHX
Mon Aug 24 2015 00:00:00 GMT+0800 (China Standard Time),1.13,1.2,1.05,1.13,335400,1.13,ATHX
Tue Aug 25 2015 00:00:00 GMT+0800 (China Standard Time),1.15,1.2,1.06,1.07,325900,1.07,ATHX
Wed Aug 26 2015 00:00:00 GMT+0800 (China Standard Time),1.08,1.13,1.07,1.11,224400,1.11,ATHX
Thu Aug 27 2015 00:00:00 GMT+0800 (China Standard Time),1.11,1.16,1.11,1.14,226300,1.14,ATHX
Fri Aug 28 2015 00:00:00 GMT+0800 (China Standard Time),1.14,1.17,1.13,1.15,236400,1.15,ATHX
Mon Aug 31 2015 00:00:00 GMT+0800 (China Standard Time),1.16,1.16,1.12,1.13,154500,1.13,ATHX
Tue Sep 01 2015 00:00:00 GMT+0800 (China Standard Time),1.12,1.15,1.1,1.13,132800,1.13,ATHX
Wed Sep 02 2015 00:00:00 GMT+0800 (China Standard Time),1.14,1.15,1.12,1.13,88400,1.13,ATHX
Thu Sep 03 2015 00:00:00 GMT+0800 (China Standard Time),1.16,1.16,1.12,1.13,283700,1.13,ATHX
Fri Sep 04 2015 00:00:00 GMT+0800 (China Standard Time),1.12,1.14,1.11,1.14,80900,1.14,ATHX
Tue Sep 08 2015 00:00:00 GMT+0800 (China Standard Time),1.15,1.18,1.13,1.18,192800,1.18,ATHX
Wed Sep 09 2015 00:00:00 GMT+0800 (China Standard Time),1.17,1.24,1.15,1.18,233300,1.18,ATHX
Thu Sep 10 2015 00:00:00 GMT+0800 (China Standard Time),1.19,1.25,1.19,1.22,154400,1.22,ATHX
Fri Sep 11 2015 00:00:00 GMT+0800 (China Standard Time),1.22,1.23,1.2,1.2,105600,1.2,ATHX
Mon Sep 14 2015 00:00:00 GMT+0800 (China Standard Time),1.2,1.23,1.2,1.2,164800,1.2,ATHX
Tue Sep 15 2015 00:00:00 GMT+0800 (China Standard Time),1.21,1.24,1.2,1.22,140700,1.22,ATHX
Wed Sep 16 2015 00:00:00 GMT+0800 (China Standard Time),1.21,1.27,1.21,1.26,436600,1.26,ATHX
Thu Sep 17 2015 00:00:00 GMT+0800 (China Standard Time),1.28,1.57,1.27,1.45,4118100,1.45,ATHX
Fri Sep 18 2015 00:00:00 GMT+0800 (China Standard Time),1.49,1.5,1.32,1.35,970800,1.35,ATHX
Mon Sep 21 2015 00:00:00 GMT+0800 (China Standard Time),1.38,1.39,1.31,1.34,521100,1.34,ATHX
Tue Sep 22 2015 00:00:00 GMT+0800 (China Standard Time),1.35,1.43,1.32,1.35,278000,1.35,ATHX
Wed Sep 23 2015 00:00:00 GMT+0800 (China Standard Time),1.36,1.38,1.3,1.31,209400,1.31,ATHX
Thu Sep 24 2015 00:00:00 GMT+0800 (China Standard Time),1.31,1.34,1.3,1.3,225700,1.3,ATHX
Fri Sep 25 2015 00:00:00 GMT+0800 (China Standard Time),1.34,1.34,1.17,1.22,503200,1.22,ATHX
Mon Sep 28 2015 00:00:00 GMT+0800 (China Standard Time),1.22,1.22,1.07,1.13,506300,1.13,ATHX
Tue Sep 29 2015 00:00:00 GMT+0800 (China Standard Time),1.13,1.22,1.12,1.13,298600,1.13,ATHX
Wed Sep 30 2015 00:00:00 GMT+0800 (China Standard Time),1.18,1.22,1.07,1.1,308800,1.1,ATHX
Thu Oct 01 2015 00:00:00 GMT+0800 (China Standard Time),1.17,1.17,1.04,1.07,423100,1.07,ATHX
Fri Oct 02 2015 00:00:00 GMT+0800 (China Standard Time),1.07,1.12,1.05,1.08,206800,1.08,ATHX
Mon Oct 05 2015 00:00:00 GMT+0800 (China Standard Time),1.08,1.17,1.08,1.13,394200,1.13,ATHX
Tue Oct 06 2015 00:00:00 GMT+0800 (China Standard Time),1.16,1.16,1.06,1.09,358800,1.09,ATHX
Wed Oct 07 2015 00:00:00 GMT+0800 (China Standard Time),1.08,1.16,1.08,1.13,273500,1.13,ATHX
Thu Oct 08 2015 00:00:00 GMT+0800 (China Standard Time),1.14,1.16,1.12,1.15,286800,1.15,ATHX
Fri Oct 09 2015 00:00:00 GMT+0800 (China Standard Time),1.16,1.17,1.11,1.14,332500,1.14,ATHX
Mon Oct 12 2015 00:00:00 GMT+0800 (China Standard Time),1.16,1.16,1.11,1.13,259500,1.13,ATHX
Tue Oct 13 2015 00:00:00 GMT+0800 (China Standard Time),1.12,1.19,1.12,1.14,284300,1.14,ATHX
Wed Oct 14 2015 00:00:00 GMT+0800 (China Standard Time),1.14,1.14,1.12,1.12,130500,1.12,ATHX
Thu Oct 15 2015 00:00:00 GMT+0800 (China Standard Time),1.13,1.16,1.13,1.15,180700,1.15,ATHX
Fri Oct 16 2015 00:00:00 GMT+0800 (China Standard Time),1.15,1.15,1.12,1.12,136000,1.12,ATHX
Mon Oct 19 2015 00:00:00 GMT+0800 (China Standard Time),1.14,1.15,1.1,1.12,215000,1.12,ATHX
Tue Oct 20 2015 00:00:00 GMT+0800 (China Standard Time),1.11,1.14,1.07,1.1,228100,1.1,ATHX
Wed Oct 21 2015 00:00:00 GMT+0800 (China Standard Time),1.06,1.07,0.94,1.02,1437200,1.02,ATHX
Thu Oct 22 2015 00:00:00 GMT+0800 (China Standard Time),1.05,1.08,0.99,1.05,430700,1.05,ATHX
Fri Oct 23 2015 00:00:00 GMT+0800 (China Standard Time),1.05,1.09,1.03,1.07,315100,1.07,ATHX
Mon Oct 26 2015 00:00:00 GMT+0800 (China Standard Time),1.1,1.11,1.04,1.08,277700,1.08,ATHX
Tue Oct 27 2015 00:00:00 GMT+0800 (China Standard Time),1.09,1.1,1.03,1.03,620000,1.03,ATHX
Wed Oct 28 2015 00:00:00 GMT+0800 (China Standard Time),1.02,1.07,1.01,1.02,298700,1.02,ATHX
Thu Oct 29 2015 00:00:00 GMT+0800 (China Standard Time),1.03,1.05,1.01,1.01,121400,1.01,ATHX
Fri Oct 30 2015 00:00:00 GMT+0800 (China Standard Time),1.03,1.05,1,1,222800,1,ATHX
Mon Nov 02 2015 00:00:00 GMT+0800 (China Standard Time),1,1.06,0.99,1.05,472900,1.05,ATHX
Tue Nov 03 2015 00:00:00 GMT+0800 (China Standard Time),1.07,1.07,1.02,1.04,327300,1.04,ATHX
Wed Nov 04 2015 00:00:00 GMT+0800 (China Standard Time),1.03,1.06,1.01,1.05,173300,1.05,ATHX
Thu Nov 05 2015 00:00:00 GMT+0800 (China Standard Time),1.07,1.08,1.03,1.08,184700,1.08,ATHX
Fri Nov 06 2015 00:00:00 GMT+0800 (China Standard Time),1.03,1.07,0.97,0.99,949300,0.99,ATHX
Mon Nov 09 2015 00:00:00 GMT+0800 (China Standard Time),1,1.04,0.97,1.04,398800,1.04,ATHX
Tue Nov 10 2015 00:00:00 GMT+0800 (China Standard Time),1.03,1.11,1.02,1.02,474700,1.02,ATHX
Wed Nov 11 2015 00:00:00 GMT+0800 (China Standard Time),1.03,1.06,1,1.06,126900,1.06,ATHX
Thu Nov 12 2015 00:00:00 GMT+0800 (China Standard Time),1.06,1.06,1.03,1.04,155800,1.04,ATHX
Fri Nov 13 2015 00:00:00 GMT+0800 (China Standard Time),1.05,1.06,1.03,1.05,217900,1.05,ATHX
Mon Nov 16 2015 00:00:00 GMT+0800 (China Standard Time),1.04,1.05,1.01,1.02,180300,1.02,ATHX
Tue Nov 17 2015 00:00:00 GMT+0800 (China Standard Time),1.04,1.04,1,1.03,160400,1.03,ATHX
Wed Nov 18 2015 00:00:00 GMT+0800 (China Standard Time),1.03,1.05,1.01,1.01,211300,1.01,ATHX
Thu Nov 19 2015 00:00:00 GMT+0800 (China Standard Time),1.03,1.1,1.02,1.03,369800,1.03,ATHX
Fri Nov 20 2015 00:00:00 GMT+0800 (China Standard Time),1.04,1.08,1.04,1.05,172000,1.05,ATHX
Mon Nov 23 2015 00:00:00 GMT+0800 (China Standard Time),1.05,1.1,1.04,1.07,329500,1.07,ATHX
Tue Nov 24 2015 00:00:00 GMT+0800 (China Standard Time),1.07,1.1,1.05,1.07,160600,1.07,ATHX
Wed Nov 25 2015 00:00:00 GMT+0800 (China Standard Time),1.08,1.11,1.05,1.05,247700,1.05,ATHX
Fri Nov 27 2015 00:00:00 GMT+0800 (China Standard Time),1.06,1.08,1.05,1.05,146600,1.05,ATHX
Mon Nov 30 2015 00:00:00 GMT+0800 (China Standard Time),1.06,1.11,1.06,1.1,260000,1.1,ATHX
Tue Dec 01 2015 00:00:00 GMT+0800 (China Standard Time),1.08,1.1,1.05,1.07,145200,1.07,ATHX
Wed Dec 02 2015 00:00:00 GMT+0800 (China Standard Time),1.06,1.08,1.05,1.05,155600,1.05,ATHX
Thu Dec 03 2015 00:00:00 GMT+0800 (China Standard Time),1.05,1.07,1.04,1.04,105100,1.04,ATHX
Fri Dec 04 2015 00:00:00 GMT+0800 (China Standard Time),1.05,1.1,1.03,1.1,317300,1.1,ATHX
Mon Dec 07 2015 00:00:00 GMT+0800 (China Standard Time),1.1,1.1,1.05,1.07,203600,1.07,ATHX
Tue Dec 08 2015 00:00:00 GMT+0800 (China Standard Time),1.07,1.1,1.05,1.07,193800,1.07,ATHX
Wed Dec 09 2015 00:00:00 GMT+0800 (China Standard Time),1.07,1.08,1.05,1.06,154200,1.06,ATHX
Thu Dec 10 2015 00:00:00 GMT+0800 (China Standard Time),1.06,1.07,1.05,1.07,143100,1.07,ATHX
Fri Dec 11 2015 00:00:00 GMT+0800 (China Standard Time),1.05,1.06,1.02,1.02,245600,1.02,ATHX
Mon Dec 14 2015 00:00:00 GMT+0800 (China Standard Time),1.03,1.03,0.98,1,451600,1,ATHX
Tue Dec 15 2015 00:00:00 GMT+0800 (China Standard Time),1.04,1.04,0.99,1,273200,1,ATHX
Wed Dec 16 2015 00:00:00 GMT+0800 (China Standard Time),1,1.01,0.97,0.99,293700,0.99,ATHX
Thu Dec 17 2015 00:00:00 GMT+0800 (China Standard Time),1,1.03,0.99,1.03,325800,1.03,ATHX
Fri Dec 18 2015 00:00:00 GMT+0800 (China Standard Time),1,1.08,1,1.03,360700,1.03,ATHX
Mon Dec 21 2015 00:00:00 GMT+0800 (China Standard Time),1.05,1.07,1,1.01,266300,1.01,ATHX
Tue Dec 22 2015 00:00:00 GMT+0800 (China Standard Time),1.01,1.1,0.99,1.08,507900,1.08,ATHX
Wed Dec 23 2015 00:00:00 GMT+0800 (China Standard Time),1.07,1.14,1.06,1.12,346100,1.12,ATHX
Thu Dec 24 2015 00:00:00 GMT+0800 (China Standard Time),1.13,1.18,1.04,1.04,370400,1.04,ATHX
Mon Dec 28 2015 00:00:00 GMT+0800 (China Standard Time),1.04,1.11,1.04,1.06,298000,1.06,ATHX
Tue Dec 29 2015 00:00:00 GMT+0800 (China Standard Time),1.09,1.12,1.04,1.04,267200,1.04,ATHX
Wed Dec 30 2015 00:00:00 GMT+0800 (China Standard Time),1.03,1.06,1.01,1.04,278500,1.04,ATHX
Thu Dec 31 2015 00:00:00 GMT+0800 (China Standard Time),1.01,1.04,1.01,1.03,271300,1.03,ATHX
Mon Jan 04 2016 00:00:00 GMT+0800 (China Standard Time),1.01,1.04,1.01,1.01,163100,1.01,ATHX
Tue Jan 05 2016 00:00:00 GMT+0800 (China Standard Time),1.02,1.02,1,1.01,240700,1.01,ATHX
Wed Jan 06 2016 00:00:00 GMT+0800 (China Standard Time),1.01,1.02,0.98,1,349600,1,ATHX
Thu Jan 07 2016 00:00:00 GMT+0800 (China Standard Time),1,1.03,0.98,1.03,320400,1.03,ATHX
Fri Jan 08 2016 00:00:00 GMT+0800 (China Standard Time),1.31,1.49,1.18,1.25,6539800,1.25,ATHX
Mon Jan 11 2016 00:00:00 GMT+0800 (China Standard Time),1.34,1.37,1.21,1.27,1295500,1.27,ATHX
Tue Jan 12 2016 00:00:00 GMT+0800 (China Standard Time),1.25,1.34,1.21,1.22,595200,1.22,ATHX
Wed Jan 13 2016 00:00:00 GMT+0800 (China Standard Time),1.25,1.27,1.05,1.06,843800,1.06,ATHX
Thu Jan 14 2016 00:00:00 GMT+0800 (China Standard Time),1.09,1.16,1.05,1.16,455100,1.16,ATHX
Fri Jan 15 2016 00:00:00 GMT+0800 (China Standard Time),1.16,1.16,1.09,1.13,292500,1.13,ATHX
Tue Jan 19 2016 00:00:00 GMT+0800 (China Standard Time),1.17,1.17,1.06,1.1,282400,1.1,ATHX
Wed Jan 20 2016 00:00:00 GMT+0800 (China Standard Time),1.11,1.16,1.03,1.16,344200,1.16,ATHX
Thu Jan 21 2016 00:00:00 GMT+0800 (China Standard Time),1.16,1.2,1.12,1.18,266200,1.18,ATHX
Fri Jan 22 2016 00:00:00 GMT+0800 (China Standard Time),1.2,1.25,1.17,1.23,363100,1.23,ATHX
Mon Jan 25 2016 00:00:00 GMT+0800 (China Standard Time),1.22,1.34,1.18,1.18,420800,1.18,ATHX
Tue Jan 26 2016 00:00:00 GMT+0800 (China Standard Time),1.27,1.27,1.15,1.2,347700,1.2,ATHX
Wed Jan 27 2016 00:00:00 GMT+0800 (China Standard Time),1.21,1.25,1.14,1.14,421700,1.14,ATHX
Thu Jan 28 2016 00:00:00 GMT+0800 (China Standard Time),1.19,1.21,1.15,1.15,214500,1.15,ATHX
Fri Jan 29 2016 00:00:00 GMT+0800 (China Standard Time),1.15,1.22,1.15,1.16,140300,1.16,ATHX
Mon Feb 01 2016 00:00:00 GMT+0800 (China Standard Time),1.16,1.23,1.15,1.22,238000,1.22,ATHX
Tue Feb 02 2016 00:00:00 GMT+0800 (China Standard Time),1.22,1.3,1.2,1.24,169500,1.24,ATHX
Wed Feb 03 2016 00:00:00 GMT+0800 (China Standard Time),1.24,1.28,1.2,1.27,186300,1.27,ATHX
Thu Feb 04 2016 00:00:00 GMT+0800 (China Standard Time),1.28,1.32,1.22,1.24,407200,1.24,ATHX
Fri Feb 05 2016 00:00:00 GMT+0800 (China Standard Time),1.23,1.26,1.2,1.23,200400,1.23,ATHX
Mon Feb 08 2016 00:00:00 GMT+0800 (China Standard Time),1.22,1.22,1.15,1.16,341300,1.16,ATHX
Tue Feb 09 2016 00:00:00 GMT+0800 (China Standard Time),1.3,1.3,1.16,1.18,222600,1.18,ATHX
Wed Feb 10 2016 00:00:00 GMT+0800 (China Standard Time),1.18,1.26,1.16,1.21,281600,1.21,ATHX
Thu Feb 11 2016 00:00:00 GMT+0800 (China Standard Time),1.19,1.25,1.16,1.23,315400,1.23,ATHX
Fri Feb 12 2016 00:00:00 GMT+0800 (China Standard Time),1.25,1.26,1.19,1.24,368500,1.24,ATHX
Tue Feb 16 2016 00:00:00 GMT+0800 (China Standard Time),1.26,1.39,1.26,1.34,524500,1.34,ATHX
Wed Feb 17 2016 00:00:00 GMT+0800 (China Standard Time),1.38,1.47,1.35,1.45,761100,1.45,ATHX
Thu Feb 18 2016 00:00:00 GMT+0800 (China Standard Time),1.83,2.15,1.51,1.69,11034900,1.69,ATHX
Fri Feb 19 2016 00:00:00 GMT+0800 (China Standard Time),1.6,1.75,1.5,1.6,2174500,1.6,ATHX
Mon Feb 22 2016 00:00:00 GMT+0800 (China Standard Time),1.6,1.78,1.55,1.78,1419200,1.78,ATHX
Tue Feb 23 2016 00:00:00 GMT+0800 (China Standard Time),1.8,1.8,1.68,1.73,688300,1.73,ATHX
Wed Feb 24 2016 00:00:00 GMT+0800 (China Standard Time),1.73,1.87,1.66,1.83,941800,1.83,ATHX
Thu Feb 25 2016 00:00:00 GMT+0800 (China Standard Time),1.9,2,1.81,1.96,1477900,1.96,ATHX
Fri Feb 26 2016 00:00:00 GMT+0800 (China Standard Time),1.99,2,1.71,1.74,1302000,1.74,ATHX
Mon Feb 29 2016 00:00:00 GMT+0800 (China Standard Time),1.74,1.88,1.74,1.78,821600,1.78,ATHX
Tue Mar 01 2016 00:00:00 GMT+0800 (China Standard Time),1.85,1.91,1.79,1.87,543500,1.87,ATHX
Wed Mar 02 2016 00:00:00 GMT+0800 (China Standard Time),1.87,1.93,1.85,1.89,519400,1.89,ATHX
Thu Mar 03 2016 00:00:00 GMT+0800 (China Standard Time),1.87,1.9,1.77,1.78,583200,1.78,ATHX
Fri Mar 04 2016 00:00:00 GMT+0800 (China Standard Time),1.77,1.93,1.73,1.78,988600,1.78,ATHX
Mon Mar 07 2016 00:00:00 GMT+0800 (China Standard Time),1.8,1.93,1.78,1.84,814600,1.84,ATHX
Tue Mar 08 2016 00:00:00 GMT+0800 (China Standard Time),1.78,2,1.78,1.85,1006900,1.85,ATHX
Wed Mar 09 2016 00:00:00 GMT+0800 (China Standard Time),1.88,1.96,1.81,1.87,734300,1.87,ATHX
Thu Mar 10 2016 00:00:00 GMT+0800 (China Standard Time),1.9,1.9,1.78,1.83,679100,1.83,ATHX
Fri Mar 11 2016 00:00:00 GMT+0800 (China Standard Time),2.01,2.25,1.97,2.18,6436700,2.18,ATHX
Mon Mar 14 2016 00:00:00 GMT+0800 (China Standard Time),2.17,2.38,2.15,2.33,2616500,2.33,ATHX
Tue Mar 15 2016 00:00:00 GMT+0800 (China Standard Time),2.33,2.36,2.2,2.33,921200,2.33,ATHX
Wed Mar 16 2016 00:00:00 GMT+0800 (China Standard Time),2.35,2.42,2.22,2.37,855100,2.37,ATHX
Thu Mar 17 2016 00:00:00 GMT+0800 (China Standard Time),2.44,2.5,2.35,2.47,1180300,2.47,ATHX
Fri Mar 18 2016 00:00:00 GMT+0800 (China Standard Time),2.45,2.46,2.34,2.43,1318900,2.43,ATHX
Mon Mar 21 2016 00:00:00 GMT+0800 (China Standard Time),2.45,2.48,2.38,2.4,831200,2.4,ATHX
Tue Mar 22 2016 00:00:00 GMT+0800 (China Standard Time),2.45,2.68,2.37,2.65,1495800,2.65,ATHX
Wed Mar 23 2016 00:00:00 GMT+0800 (China Standard Time),2.7,2.9,2.5,2.51,1975000,2.51,ATHX
Thu Mar 24 2016 00:00:00 GMT+0800 (China Standard Time),2.48,2.68,2.4,2.63,1186200,2.63,ATHX
Mon Mar 28 2016 00:00:00 GMT+0800 (China Standard Time),2.66,2.69,2.31,2.33,1971200,2.33,ATHX
Tue Mar 29 2016 00:00:00 GMT+0800 (China Standard Time),2.28,2.45,2.25,2.42,881500,2.42,ATHX
Wed Mar 30 2016 00:00:00 GMT+0800 (China Standard Time),2.41,2.43,2.18,2.23,1441600,2.23,ATHX
Thu Mar 31 2016 00:00:00 GMT+0800 (China Standard Time),2.22,2.35,2.22,2.25,928200,2.25,ATHX
Fri Apr 01 2016 00:00:00 GMT+0800 (China Standard Time),2.21,2.34,2.17,2.26,696400,2.26,ATHX
Mon Apr 04 2016 00:00:00 GMT+0800 (China Standard Time),2.23,2.38,2.22,2.34,748800,2.34,ATHX
Tue Apr 05 2016 00:00:00 GMT+0800 (China Standard Time),2.34,2.35,2.23,2.3,1060400,2.3,ATHX
Wed Apr 06 2016 00:00:00 GMT+0800 (China Standard Time),2.31,2.38,2.15,2.3,840600,2.3,ATHX
Thu Apr 07 2016 00:00:00 GMT+0800 (China Standard Time),2.26,2.33,2.2,2.27,623900,2.27,ATHX
Fri Apr 08 2016 00:00:00 GMT+0800 (China Standard Time),2.28,2.29,2.21,2.27,543400,2.27,ATHX
Mon Apr 11 2016 00:00:00 GMT+0800 (China Standard Time),2.3,2.3,2.15,2.19,640900,2.19,ATHX
Tue Apr 12 2016 00:00:00 GMT+0800 (China Standard Time),2.17,2.22,1.98,2.1,1245000,2.1,ATHX
Wed Apr 13 2016 00:00:00 GMT+0800 (China Standard Time),2.09,2.37,2.05,2.37,1109300,2.37,ATHX
Thu Apr 14 2016 00:00:00 GMT+0800 (China Standard Time),2.39,2.52,2.3,2.49,1298000,2.49,ATHX
Fri Apr 15 2016 00:00:00 GMT+0800 (China Standard Time),2.46,2.54,2.39,2.42,599000,2.42,ATHX
Mon Apr 18 2016 00:00:00 GMT+0800 (China Standard Time),2.4,2.48,2.32,2.36,517900,2.36,ATHX
Tue Apr 19 2016 00:00:00 GMT+0800 (China Standard Time),2.4,2.42,2.27,2.32,502200,2.32,ATHX
Wed Apr 20 2016 00:00:00 GMT+0800 (China Standard Time),2.28,2.38,2.27,2.33,420900,2.33,ATHX
Thu Apr 21 2016 00:00:00 GMT+0800 (China Standard Time),2.34,2.45,2.31,2.41,492100,2.41,ATHX
Fri Apr 22 2016 00:00:00 GMT+0800 (China Standard Time),2.44,2.44,2.33,2.37,407400,2.37,ATHX
Mon Apr 25 2016 00:00:00 GMT+0800 (China Standard Time),2.39,2.39,2.28,2.35,526400,2.35,ATHX
Tue Apr 26 2016 00:00:00 GMT+0800 (China Standard Time),2.36,2.42,2.31,2.4,381700,2.4,ATHX
Wed Apr 27 2016 00:00:00 GMT+0800 (China Standard Time),2.37,2.4,2.31,2.37,424100,2.37,ATHX
Thu Apr 28 2016 00:00:00 GMT+0800 (China Standard Time),2.39,2.39,2.23,2.25,504100,2.25,ATHX
Fri Apr 29 2016 00:00:00 GMT+0800 (China Standard Time),2.26,2.35,2.25,2.31,369700,2.31,ATHX
Mon May 02 2016 00:00:00 GMT+0800 (China Standard Time),2.35,2.35,2.29,2.33,338200,2.33,ATHX
Tue May 03 2016 00:00:00 GMT+0800 (China Standard Time),2.27,2.35,2.27,2.33,249900,2.33,ATHX
Wed May 04 2016 00:00:00 GMT+0800 (China Standard Time),2.28,2.35,2.25,2.32,393300,2.32,ATHX
Thu May 05 2016 00:00:00 GMT+0800 (China Standard Time),2.32,2.33,2.2,2.22,710500,2.22,ATHX
Fri May 06 2016 00:00:00 GMT+0800 (China Standard Time),2.35,2.44,2.11,2.24,1294200,2.24,ATHX
Mon May 09 2016 00:00:00 GMT+0800 (China Standard Time),2.26,2.33,2.25,2.31,496600,2.31,ATHX
Tue May 10 2016 00:00:00 GMT+0800 (China Standard Time),2.31,2.33,2.25,2.32,536300,2.32,ATHX
Wed May 11 2016 00:00:00 GMT+0800 (China Standard Time),2.34,2.34,2.24,2.29,466600,2.29,ATHX
Thu May 12 2016 00:00:00 GMT+0800 (China Standard Time),2.3,2.3,2.18,2.23,627400,2.23,ATHX
Fri May 13 2016 00:00:00 GMT+0800 (China Standard Time),2.21,2.22,2.15,2.18,381200,2.18,ATHX
Mon May 16 2016 00:00:00 GMT+0800 (China Standard Time),2.2,2.2,2.11,2.18,279100,2.18,ATHX
Tue May 17 2016 00:00:00 GMT+0800 (China Standard Time),2.2,2.23,2.14,2.16,322800,2.16,ATHX
Wed May 18 2016 00:00:00 GMT+0800 (China Standard Time),2.16,2.2,2.15,2.19,278400,2.19,ATHX
Thu May 19 2016 00:00:00 GMT+0800 (China Standard Time),2.16,2.21,2.15,2.18,222600,2.18,ATHX
Fri May 20 2016 00:00:00 GMT+0800 (China Standard Time),2.18,2.25,2.15,2.23,234700,2.23,ATHX
Mon May 23 2016 00:00:00 GMT+0800 (China Standard Time),2.2,2.28,2.2,2.25,309100,2.25,ATHX
Tue May 24 2016 00:00:00 GMT+0800 (China Standard Time),2.28,2.3,2.22,2.28,224000,2.28,ATHX
Wed May 25 2016 00:00:00 GMT+0800 (China Standard Time),2.3,2.33,2.27,2.29,279900,2.29,ATHX
Thu May 26 2016 00:00:00 GMT+0800 (China Standard Time),2.29,2.32,2.27,2.29,117400,2.29,ATHX
Fri May 27 2016 00:00:00 GMT+0800 (China Standard Time),2.29,2.3,2.28,2.29,184500,2.29,ATHX
Tue May 31 2016 00:00:00 GMT+0800 (China Standard Time),2.29,2.39,2.29,2.3,491400,2.3,ATHX
Wed Jun 01 2016 00:00:00 GMT+0800 (China Standard Time),2.31,2.37,2.29,2.35,355600,2.35,ATHX
Thu Jun 02 2016 00:00:00 GMT+0800 (China Standard Time),2.38,2.41,2.34,2.38,382800,2.38,ATHX
Fri Jun 03 2016 00:00:00 GMT+0800 (China Standard Time),2.4,2.5,2.38,2.5,636700,2.5,ATHX
Mon Jun 06 2016 00:00:00 GMT+0800 (China Standard Time),2.54,2.6,2.36,2.39,572700,2.39,ATHX
Tue Jun 07 2016 00:00:00 GMT+0800 (China Standard Time),2.49,2.53,2.4,2.48,844900,2.48,ATHX
Wed Jun 08 2016 00:00:00 GMT+0800 (China Standard Time),2.5,2.5,2.35,2.39,553500,2.39,ATHX
Thu Jun 09 2016 00:00:00 GMT+0800 (China Standard Time),2.4,2.43,2.35,2.35,400200,2.35,ATHX
Fri Jun 10 2016 00:00:00 GMT+0800 (China Standard Time),2.36,2.4,2.3,2.38,315300,2.38,ATHX
Mon Jun 13 2016 00:00:00 GMT+0800 (China Standard Time),2.39,2.47,2.25,2.26,774300,2.26,ATHX
Tue Jun 14 2016 00:00:00 GMT+0800 (China Standard Time),2.3,2.32,2.14,2.21,477500,2.21,ATHX
Wed Jun 15 2016 00:00:00 GMT+0800 (China Standard Time),2.28,2.28,2.17,2.2,250400,2.2,ATHX
Thu Jun 16 2016 00:00:00 GMT+0800 (China Standard Time),2.21,2.21,2.15,2.19,414400,2.19,ATHX
Fri Jun 17 2016 00:00:00 GMT+0800 (China Standard Time),2.18,2.18,2.15,2.16,521400,2.16,ATHX
Mon Jun 20 2016 00:00:00 GMT+0800 (China Standard Time),2.18,2.21,2.15,2.19,419900,2.19,ATHX
Tue Jun 21 2016 00:00:00 GMT+0800 (China Standard Time),2.2,2.2,2.13,2.16,529600,2.16,ATHX
Wed Jun 22 2016 00:00:00 GMT+0800 (China Standard Time),2.13,2.19,1.9,1.95,1360000,1.95,ATHX
Thu Jun 23 2016 00:00:00 GMT+0800 (China Standard Time),1.99,2.07,1.81,2,1050900,2,ATHX
Fri Jun 24 2016 00:00:00 GMT+0800 (China Standard Time),2,2,1.8,1.97,8137400,1.97,ATHX
Mon Jun 27 2016 00:00:00 GMT+0800 (China Standard Time),1.92,1.96,1.89,1.96,516000,1.96,ATHX
Tue Jun 28 2016 00:00:00 GMT+0800 (China Standard Time),2.02,2.12,1.91,2.08,592800,2.08,ATHX
Wed Jun 29 2016 00:00:00 GMT+0800 (China Standard Time),2.07,2.15,2.06,2.12,283700,2.12,ATHX
Thu Jun 30 2016 00:00:00 GMT+0800 (China Standard Time),2.12,2.18,2.08,2.17,526500,2.17,ATHX
Fri Jul 01 2016 00:00:00 GMT+0800 (China Standard Time),2.14,2.23,2.14,2.22,370700,2.22,ATHX
Tue Jul 05 2016 00:00:00 GMT+0800 (China Standard Time),2.17,2.32,2.12,2.28,420300,2.28,ATHX
Wed Jul 06 2016 00:00:00 GMT+0800 (China Standard Time),2.26,2.33,2.25,2.27,384700,2.27,ATHX
Thu Jul 07 2016 00:00:00 GMT+0800 (China Standard Time),2.24,2.3,2.21,2.24,339500,2.24,ATHX
Fri Jul 08 2016 00:00:00 GMT+0800 (China Standard Time),2.23,2.31,2.21,2.29,385800,2.29,ATHX
Mon Jul 11 2016 00:00:00 GMT+0800 (China Standard Time),2.27,2.35,2.26,2.32,367200,2.32,ATHX
Tue Jul 12 2016 00:00:00 GMT+0800 (China Standard Time),2.34,2.35,2.27,2.32,350800,2.32,ATHX
Wed Jul 13 2016 00:00:00 GMT+0800 (China Standard Time),2.3,2.34,2.26,2.26,312100,2.26,ATHX
Thu Jul 14 2016 00:00:00 GMT+0800 (China Standard Time),2.25,2.32,2.16,2.21,536600,2.21,ATHX
Fri Jul 15 2016 00:00:00 GMT+0800 (China Standard Time),2.21,2.27,2.15,2.26,357900,2.26,ATHX
Mon Jul 18 2016 00:00:00 GMT+0800 (China Standard Time),2.23,2.27,2.16,2.24,241200,2.24,ATHX
Tue Jul 19 2016 00:00:00 GMT+0800 (China Standard Time),2.23,2.26,2.2,2.22,194000,2.22,ATHX
Wed Jul 20 2016 00:00:00 GMT+0800 (China Standard Time),2.2,2.24,2.17,2.18,243600,2.18,ATHX
Thu Jul 21 2016 00:00:00 GMT+0800 (China Standard Time),2.15,2.19,2.08,2.12,356700,2.12,ATHX
Fri Jul 22 2016 00:00:00 GMT+0800 (China Standard Time),2.11,2.16,2.1,2.15,132800,2.15,ATHX
Mon Jul 25 2016 00:00:00 GMT+0800 (China Standard Time),2.13,2.21,2.11,2.15,194800,2.15,ATHX
Tue Jul 26 2016 00:00:00 GMT+0800 (China Standard Time),2.16,2.17,2.11,2.17,279400,2.17,ATHX
Wed Jul 27 2016 00:00:00 GMT+0800 (China Standard Time),2.13,2.2,2.12,2.18,283800,2.18,ATHX
Thu Jul 28 2016 00:00:00 GMT+0800 (China Standard Time),2.17,2.2,2.12,2.2,197900,2.2,ATHX
Fri Jul 29 2016 00:00:00 GMT+0800 (China Standard Time),2.19,2.22,2.12,2.22,303600,2.22,ATHX
Mon Aug 01 2016 00:00:00 GMT+0800 (China Standard Time),2.23,2.23,2.15,2.17,226600,2.17,ATHX
Tue Aug 02 2016 00:00:00 GMT+0800 (China Standard Time),2.17,2.2,2.12,2.12,212300,2.12,ATHX
Wed Aug 03 2016 00:00:00 GMT+0800 (China Standard Time),2.12,2.14,2.09,2.12,227300,2.12,ATHX
Thu Aug 04 2016 00:00:00 GMT+0800 (China Standard Time),2.13,2.13,2.08,2.09,143100,2.09,ATHX
Fri Aug 05 2016 00:00:00 GMT+0800 (China Standard Time),2.09,2.15,2.07,2.14,330800,2.14,ATHX
Mon Aug 08 2016 00:00:00 GMT+0800 (China Standard Time),2.12,2.15,2.08,2.08,196300,2.08,ATHX
Tue Aug 09 2016 00:00:00 GMT+0800 (China Standard Time),2.08,2.12,2.06,2.1,246100,2.1,ATHX
Wed Aug 10 2016 00:00:00 GMT+0800 (China Standard Time),2.05,2.08,1.95,1.96,789700,1.96,ATHX
Thu Aug 11 2016 00:00:00 GMT+0800 (China Standard Time),1.97,2,1.95,1.96,352600,1.96,ATHX
Fri Aug 12 2016 00:00:00 GMT+0800 (China Standard Time),1.95,1.97,1.88,1.95,1058100,1.95,ATHX
Mon Aug 15 2016 00:00:00 GMT+0800 (China Standard Time),1.94,2.03,1.94,2.02,313800,2.02,ATHX
Tue Aug 16 2016 00:00:00 GMT+0800 (China Standard Time),2,2.02,1.97,1.98,166200,1.98,ATHX
Wed Aug 17 2016 00:00:00 GMT+0800 (China Standard Time),1.96,2.02,1.95,1.95,119200,1.95,ATHX
Thu Aug 18 2016 00:00:00 GMT+0800 (China Standard Time),1.94,2.04,1.94,2.02,348400,2.02,ATHX
Fri Aug 19 2016 00:00:00 GMT+0800 (China Standard Time),2.02,2.07,1.98,2.01,316200,2.01,ATHX
Mon Aug 22 2016 00:00:00 GMT+0800 (China Standard Time),2.03,2.03,1.97,2.01,255100,2.01,ATHX
Tue Aug 23 2016 00:00:00 GMT+0800 (China Standard Time),2.01,2.02,1.98,1.98,171500,1.98,ATHX
Wed Aug 24 2016 00:00:00 GMT+0800 (China Standard Time),1.98,2,1.92,1.94,181900,1.94,ATHX
Thu Aug 25 2016 00:00:00 GMT+0800 (China Standard Time),1.93,1.97,1.88,1.96,336900,1.96,ATHX
Fri Aug 26 2016 00:00:00 GMT+0800 (China Standard Time),1.94,2,1.91,1.92,198100,1.92,ATHX
Mon Aug 29 2016 00:00:00 GMT+0800 (China Standard Time),1.92,1.96,1.91,1.96,114700,1.96,ATHX
Tue Aug 30 2016 00:00:00 GMT+0800 (China Standard Time),1.95,1.97,1.94,1.94,106600,1.94,ATHX
Wed Aug 31 2016 00:00:00 GMT+0800 (China Standard Time),1.91,1.95,1.88,1.91,188000,1.91,ATHX
Thu Sep 01 2016 00:00:00 GMT+0800 (China Standard Time),1.92,2,1.91,1.94,259200,1.94,ATHX
Fri Sep 02 2016 00:00:00 GMT+0800 (China Standard Time),1.91,1.96,1.85,1.91,460700,1.91,ATHX
Tue Sep 06 2016 00:00:00 GMT+0800 (China Standard Time),1.92,1.96,1.92,1.93,100300,1.93,ATHX
Wed Sep 07 2016 00:00:00 GMT+0800 (China Standard Time),1.95,1.97,1.92,1.95,162600,1.95,ATHX
Thu Sep 08 2016 00:00:00 GMT+0800 (China Standard Time),1.94,2,1.93,1.95,95700,1.95,ATHX
Fri Sep 09 2016 00:00:00 GMT+0800 (China Standard Time),1.94,1.99,1.89,1.91,401500,1.91,ATHX
Mon Sep 12 2016 00:00:00 GMT+0800 (China Standard Time),1.96,2.04,1.96,2.01,540600,2.01,ATHX
Tue Sep 13 2016 00:00:00 GMT+0800 (China Standard Time),1.96,2,1.9,1.95,382200,1.95,ATHX
Wed Sep 14 2016 00:00:00 GMT+0800 (China Standard Time),1.93,1.99,1.93,1.95,93000,1.95,ATHX
Thu Sep 15 2016 00:00:00 GMT+0800 (China Standard Time),1.94,1.99,1.94,1.98,167600,1.98,ATHX
Fri Sep 16 2016 00:00:00 GMT+0800 (China Standard Time),2,2,1.93,1.97,323400,1.97,ATHX
Mon Sep 19 2016 00:00:00 GMT+0800 (China Standard Time),1.99,1.99,1.94,1.97,269700,1.97,ATHX
Tue Sep 20 2016 00:00:00 GMT+0800 (China Standard Time),1.98,2.04,1.96,1.98,385500,1.98,ATHX
Wed Sep 21 2016 00:00:00 GMT+0800 (China Standard Time),1.98,2.03,1.95,1.97,303000,1.97,ATHX
Thu Sep 22 2016 00:00:00 GMT+0800 (China Standard Time),1.99,2,1.96,2,138200,2,ATHX
Fri Sep 23 2016 00:00:00 GMT+0800 (China Standard Time),2.02,2.04,1.99,2.02,311900,2.02,ATHX
Mon Sep 26 2016 00:00:00 GMT+0800 (China Standard Time),2,2.02,1.96,1.96,174700,1.96,ATHX
Tue Sep 27 2016 00:00:00 GMT+0800 (China Standard Time),1.95,1.99,1.95,1.96,132700,1.96,ATHX
Wed Sep 28 2016 00:00:00 GMT+0800 (China Standard Time),2.23,2.3,2.02,2.06,2059900,2.06,ATHX
Thu Sep 29 2016 00:00:00 GMT+0800 (China Standard Time),2.1,2.15,2.03,2.07,628500,2.07,ATHX
Fri Sep 30 2016 00:00:00 GMT+0800 (China Standard Time),2.1,2.13,2.05,2.13,417400,2.13,ATHX
Mon Oct 03 2016 00:00:00 GMT+0800 (China Standard Time),2.12,2.16,2.05,2.06,414800,2.06,ATHX
Tue Oct 04 2016 00:00:00 GMT+0800 (China Standard Time),2.08,2.11,2.04,2.05,199300,2.05,ATHX
Wed Oct 05 2016 00:00:00 GMT+0800 (China Standard Time),2.09,2.11,2.06,2.09,239600,2.09,ATHX
Thu Oct 06 2016 00:00:00 GMT+0800 (China Standard Time),2.1,2.24,2.09,2.18,892300,2.18,ATHX
Fri Oct 07 2016 00:00:00 GMT+0800 (China Standard Time),2.2,2.22,2.14,2.2,545900,2.2,ATHX
Mon Oct 10 2016 00:00:00 GMT+0800 (China Standard Time),2.21,2.29,2.2,2.24,691500,2.24,ATHX
Tue Oct 11 2016 00:00:00 GMT+0800 (China Standard Time),2.21,2.21,2.11,2.12,340600,2.12,ATHX
Wed Oct 12 2016 00:00:00 GMT+0800 (China Standard Time),2.12,2.16,2.09,2.1,365400,2.1,ATHX
Thu Oct 13 2016 00:00:00 GMT+0800 (China Standard Time),2.09,2.17,2.08,2.1,159000,2.1,ATHX
Fri Oct 14 2016 00:00:00 GMT+0800 (China Standard Time),2.14,2.14,2.01,2.04,329500,2.04,ATHX
Mon Oct 17 2016 00:00:00 GMT+0800 (China Standard Time),2.03,2.03,1.96,1.97,295900,1.97,ATHX
Tue Oct 18 2016 00:00:00 GMT+0800 (China Standard Time),1.97,2.03,1.96,2.01,730100,2.01,ATHX
Wed Oct 19 2016 00:00:00 GMT+0800 (China Standard Time),1.99,2.03,1.99,2.01,128100,2.01,ATHX
Thu Oct 20 2016 00:00:00 GMT+0800 (China Standard Time),1.98,2.05,1.97,2.05,235800,2.05,ATHX
Fri Oct 21 2016 00:00:00 GMT+0800 (China Standard Time),2.03,2.06,1.95,1.96,226000,1.96,ATHX
Mon Oct 24 2016 00:00:00 GMT+0800 (China Standard Time),1.97,2.01,1.95,1.96,307700,1.96,ATHX
Tue Oct 25 2016 00:00:00 GMT+0800 (China Standard Time),1.97,1.97,1.94,1.94,317600,1.94,ATHX
Wed Oct 26 2016 00:00:00 GMT+0800 (China Standard Time),1.93,1.97,1.93,1.93,226800,1.93,ATHX
Thu Oct 27 2016 00:00:00 GMT+0800 (China Standard Time),1.95,1.97,1.9,1.9,274700,1.9,ATHX
Fri Oct 28 2016 00:00:00 GMT+0800 (China Standard Time),1.9,1.94,1.88,1.89,244400,1.89,ATHX
Mon Oct 31 2016 00:00:00 GMT+0800 (China Standard Time),1.9,1.91,1.79,1.81,400300,1.81,ATHX
Tue Nov 01 2016 00:00:00 GMT+0800 (China Standard Time),1.8,1.81,1.61,1.7,781800,1.7,ATHX
Wed Nov 02 2016 00:00:00 GMT+0800 (China Standard Time),1.74,1.74,1.41,1.52,694800,1.52,ATHX
Thu Nov 03 2016 00:00:00 GMT+0800 (China Standard Time),1.47,1.61,1.47,1.57,337200,1.57,ATHX
Fri Nov 04 2016 00:00:00 GMT+0800 (China Standard Time),1.57,1.63,1.51,1.54,344100,1.54,ATHX
Mon Nov 07 2016 00:00:00 GMT+0800 (China Standard Time),1.56,1.66,1.51,1.6,412000,1.6,ATHX
Tue Nov 08 2016 00:00:00 GMT+0800 (China Standard Time),1.61,1.61,1.54,1.56,158400,1.56,ATHX
Wed Nov 09 2016 00:00:00 GMT+0800 (China Standard Time),1.55,1.66,1.53,1.66,467400,1.66,ATHX
Thu Nov 10 2016 00:00:00 GMT+0800 (China Standard Time),1.64,1.7,1.55,1.61,709900,1.61,ATHX
Fri Nov 11 2016 00:00:00 GMT+0800 (China Standard Time),1.61,1.72,1.56,1.7,575000,1.7,ATHX
