Thu Jan 02 2014 00:00:00 GMT+0800 (China Standard Time),9.41,9.45,9.25,9.31,121500,9.31,CPSS
Fri Jan 03 2014 00:00:00 GMT+0800 (China Standard Time),9.41,9.45,9.03,9.2,255600,9.2,CPSS
Mon Jan 06 2014 00:00:00 GMT+0800 (China Standard Time),9.27,9.55,9.12,9.41,134200,9.41,CPSS
Tue Jan 07 2014 00:00:00 GMT+0800 (China Standard Time),9.48,9.49,9.18,9.47,126200,9.47,CPSS
Wed Jan 08 2014 00:00:00 GMT+0800 (China Standard Time),9.45,9.49,9.32,9.48,110600,9.48,CPSS
Thu Jan 09 2014 00:00:00 GMT+0800 (China Standard Time),9.49,9.49,9.36,9.39,54600,9.39,CPSS
Fri Jan 10 2014 00:00:00 GMT+0800 (China Standard Time),9.48,9.59,9.25,9.59,97900,9.59,CPSS
Mon Jan 13 2014 00:00:00 GMT+0800 (China Standard Time),9.61,9.64,9.18,9.41,191300,9.41,CPSS
Tue Jan 14 2014 00:00:00 GMT+0800 (China Standard Time),9.48,9.48,9.25,9.4,60200,9.4,CPSS
Wed Jan 15 2014 00:00:00 GMT+0800 (China Standard Time),9.41,9.49,9.37,9.46,41700,9.46,CPSS
Thu Jan 16 2014 00:00:00 GMT+0800 (China Standard Time),9.41,9.41,9,9.24,105200,9.24,CPSS
Fri Jan 17 2014 00:00:00 GMT+0800 (China Standard Time),9.25,9.46,9.01,9.15,115600,9.15,CPSS
Tue Jan 21 2014 00:00:00 GMT+0800 (China Standard Time),9.21,9.3,9.12,9.25,38100,9.25,CPSS
Wed Jan 22 2014 00:00:00 GMT+0800 (China Standard Time),9.25,9.42,9.13,9.35,42400,9.35,CPSS
Thu Jan 23 2014 00:00:00 GMT+0800 (China Standard Time),9.31,9.44,9.14,9.21,49700,9.21,CPSS
Fri Jan 24 2014 00:00:00 GMT+0800 (China Standard Time),9.16,9.2,8.47,8.47,223300,8.47,CPSS
Mon Jan 27 2014 00:00:00 GMT+0800 (China Standard Time),8.45,8.55,7.84,7.92,220600,7.92,CPSS
Tue Jan 28 2014 00:00:00 GMT+0800 (China Standard Time),7.88,8.88,7.55,8.76,231700,8.76,CPSS
Wed Jan 29 2014 00:00:00 GMT+0800 (China Standard Time),8.63,8.72,8.11,8.21,112200,8.21,CPSS
Thu Jan 30 2014 00:00:00 GMT+0800 (China Standard Time),8.3,8.56,8.3,8.44,104200,8.44,CPSS
Fri Jan 31 2014 00:00:00 GMT+0800 (China Standard Time),8.27,8.58,8,8.51,100400,8.51,CPSS
Mon Feb 03 2014 00:00:00 GMT+0800 (China Standard Time),8.5,8.5,7.82,8.05,146400,8.05,CPSS
Tue Feb 04 2014 00:00:00 GMT+0800 (China Standard Time),7.95,8.1,7.76,7.99,93200,7.99,CPSS
Wed Feb 05 2014 00:00:00 GMT+0800 (China Standard Time),7.9,8,7.64,7.76,66200,7.76,CPSS
Thu Feb 06 2014 00:00:00 GMT+0800 (China Standard Time),7.78,8.05,7.64,7.77,64300,7.77,CPSS
Fri Feb 07 2014 00:00:00 GMT+0800 (China Standard Time),7.78,8.2,7.69,8.16,98700,8.16,CPSS
Mon Feb 10 2014 00:00:00 GMT+0800 (China Standard Time),8.13,8.2,7.75,8.19,108000,8.19,CPSS
Tue Feb 11 2014 00:00:00 GMT+0800 (China Standard Time),8.25,8.4,7.72,7.97,240700,7.97,CPSS
Wed Feb 12 2014 00:00:00 GMT+0800 (China Standard Time),8.01,8.01,7.51,7.89,242800,7.89,CPSS
Thu Feb 13 2014 00:00:00 GMT+0800 (China Standard Time),7.75,7.75,7.35,7.47,309200,7.47,CPSS
Fri Feb 14 2014 00:00:00 GMT+0800 (China Standard Time),7.45,7.61,7.41,7.49,190700,7.49,CPSS
Tue Feb 18 2014 00:00:00 GMT+0800 (China Standard Time),7.47,7.63,7.46,7.51,153000,7.51,CPSS
Wed Feb 19 2014 00:00:00 GMT+0800 (China Standard Time),7.46,7.64,7.46,7.51,136700,7.51,CPSS
Thu Feb 20 2014 00:00:00 GMT+0800 (China Standard Time),7.55,7.66,7.5,7.6,129600,7.6,CPSS
Fri Feb 21 2014 00:00:00 GMT+0800 (China Standard Time),7.61,7.89,7.55,7.85,143400,7.85,CPSS
Mon Feb 24 2014 00:00:00 GMT+0800 (China Standard Time),7.82,7.95,7.75,7.93,63600,7.93,CPSS
Tue Feb 25 2014 00:00:00 GMT+0800 (China Standard Time),7.95,8.04,7.84,7.94,93900,7.94,CPSS
Wed Feb 26 2014 00:00:00 GMT+0800 (China Standard Time),7.98,8,7.86,7.89,35900,7.89,CPSS
Thu Feb 27 2014 00:00:00 GMT+0800 (China Standard Time),7.84,7.95,7.78,7.93,49000,7.93,CPSS
Fri Feb 28 2014 00:00:00 GMT+0800 (China Standard Time),7.94,7.95,7.7,7.79,76500,7.79,CPSS
Mon Mar 03 2014 00:00:00 GMT+0800 (China Standard Time),7.69,7.84,7.61,7.74,41700,7.74,CPSS
Tue Mar 04 2014 00:00:00 GMT+0800 (China Standard Time),7.85,8.06,7.6,7.99,152300,7.99,CPSS
Wed Mar 05 2014 00:00:00 GMT+0800 (China Standard Time),7.97,8.09,7.91,7.93,67600,7.93,CPSS
Thu Mar 06 2014 00:00:00 GMT+0800 (China Standard Time),7.92,8.02,7.84,7.96,81900,7.96,CPSS
Fri Mar 07 2014 00:00:00 GMT+0800 (China Standard Time),8.04,8.12,7.99,8.01,61400,8.01,CPSS
Mon Mar 10 2014 00:00:00 GMT+0800 (China Standard Time),7.99,8.03,7.75,7.85,54900,7.85,CPSS
Tue Mar 11 2014 00:00:00 GMT+0800 (China Standard Time),7.88,7.88,7.46,7.6,85700,7.6,CPSS
Wed Mar 12 2014 00:00:00 GMT+0800 (China Standard Time),7.6,7.63,7.46,7.5,94100,7.5,CPSS
Thu Mar 13 2014 00:00:00 GMT+0800 (China Standard Time),7.5,7.54,7.38,7.48,86600,7.48,CPSS
Fri Mar 14 2014 00:00:00 GMT+0800 (China Standard Time),7.44,7.5,7.38,7.44,55600,7.44,CPSS
Mon Mar 17 2014 00:00:00 GMT+0800 (China Standard Time),7.53,7.58,7.35,7.48,48300,7.48,CPSS
Tue Mar 18 2014 00:00:00 GMT+0800 (China Standard Time),7.54,7.54,7.41,7.49,40600,7.49,CPSS
Wed Mar 19 2014 00:00:00 GMT+0800 (China Standard Time),7.51,7.67,7.45,7.46,52500,7.46,CPSS
Thu Mar 20 2014 00:00:00 GMT+0800 (China Standard Time),7.45,7.45,7.36,7.37,32600,7.37,CPSS
Fri Mar 21 2014 00:00:00 GMT+0800 (China Standard Time),7.43,7.5,7.25,7.29,149300,7.29,CPSS
Mon Mar 24 2014 00:00:00 GMT+0800 (China Standard Time),7.29,7.38,7.07,7.1,92000,7.1,CPSS
Tue Mar 25 2014 00:00:00 GMT+0800 (China Standard Time),7.14,7.45,7.14,7.42,50800,7.42,CPSS
Wed Mar 26 2014 00:00:00 GMT+0800 (China Standard Time),7.5,7.5,6.86,6.87,98300,6.87,CPSS
Thu Mar 27 2014 00:00:00 GMT+0800 (China Standard Time),6.84,7.14,6.84,7.05,112700,7.05,CPSS
Fri Mar 28 2014 00:00:00 GMT+0800 (China Standard Time),7.04,7.13,6.63,6.74,190900,6.74,CPSS
Mon Mar 31 2014 00:00:00 GMT+0800 (China Standard Time),6.77,6.99,6.68,6.84,123100,6.84,CPSS
Tue Apr 01 2014 00:00:00 GMT+0800 (China Standard Time),6.82,7.06,6.75,6.96,53100,6.96,CPSS
Wed Apr 02 2014 00:00:00 GMT+0800 (China Standard Time),6.96,6.98,6.68,6.83,85600,6.83,CPSS
Thu Apr 03 2014 00:00:00 GMT+0800 (China Standard Time),6.8,6.86,6.69,6.77,73600,6.77,CPSS
Fri Apr 04 2014 00:00:00 GMT+0800 (China Standard Time),6.83,6.92,6.38,6.69,198900,6.69,CPSS
Mon Apr 07 2014 00:00:00 GMT+0800 (China Standard Time),6.68,6.68,6.33,6.36,168100,6.36,CPSS
Tue Apr 08 2014 00:00:00 GMT+0800 (China Standard Time),6.35,7.05,6.35,7.01,377100,7.01,CPSS
Wed Apr 09 2014 00:00:00 GMT+0800 (China Standard Time),7.4,7.88,7.22,7.24,976500,7.24,CPSS
Thu Apr 10 2014 00:00:00 GMT+0800 (China Standard Time),7.22,7.99,7.22,7.94,565900,7.94,CPSS
Fri Apr 11 2014 00:00:00 GMT+0800 (China Standard Time),7.83,7.9,7.69,7.71,173500,7.71,CPSS
Mon Apr 14 2014 00:00:00 GMT+0800 (China Standard Time),7.75,7.75,7.5,7.68,174200,7.68,CPSS
Tue Apr 15 2014 00:00:00 GMT+0800 (China Standard Time),7.7,7.83,7.2,7.75,296500,7.75,CPSS
Wed Apr 16 2014 00:00:00 GMT+0800 (China Standard Time),7.83,7.83,7.62,7.69,39900,7.69,CPSS
Thu Apr 17 2014 00:00:00 GMT+0800 (China Standard Time),7.68,7.75,7.62,7.7,115400,7.7,CPSS
Mon Apr 21 2014 00:00:00 GMT+0800 (China Standard Time),7.74,7.75,7.58,7.63,95700,7.63,CPSS
Tue Apr 22 2014 00:00:00 GMT+0800 (China Standard Time),7.63,7.68,7.52,7.57,61400,7.57,CPSS
Wed Apr 23 2014 00:00:00 GMT+0800 (China Standard Time),7.55,7.62,7.45,7.47,75000,7.47,CPSS
Thu Apr 24 2014 00:00:00 GMT+0800 (China Standard Time),7.5,7.6,7.33,7.4,44900,7.4,CPSS
Fri Apr 25 2014 00:00:00 GMT+0800 (China Standard Time),7.35,7.36,7.12,7.15,64000,7.15,CPSS
Mon Apr 28 2014 00:00:00 GMT+0800 (China Standard Time),7.13,7.29,6.85,7.05,113400,7.05,CPSS
Tue Apr 29 2014 00:00:00 GMT+0800 (China Standard Time),7.1,7.14,6.93,6.95,55800,6.95,CPSS
Wed Apr 30 2014 00:00:00 GMT+0800 (China Standard Time),6.95,7.04,6.86,6.98,96200,6.98,CPSS
Thu May 01 2014 00:00:00 GMT+0800 (China Standard Time),6.93,7,6.75,6.99,105500,6.99,CPSS
Fri May 02 2014 00:00:00 GMT+0800 (China Standard Time),7,7.33,7,7.27,78300,7.27,CPSS
Mon May 05 2014 00:00:00 GMT+0800 (China Standard Time),7.21,7.47,7.19,7.4,183200,7.4,CPSS
Tue May 06 2014 00:00:00 GMT+0800 (China Standard Time),7.34,7.49,7.31,7.42,94900,7.42,CPSS
Wed May 07 2014 00:00:00 GMT+0800 (China Standard Time),7.42,7.42,6.9,7.05,196700,7.05,CPSS
Thu May 08 2014 00:00:00 GMT+0800 (China Standard Time),7.03,7.2,6.88,6.93,73600,6.93,CPSS
Fri May 09 2014 00:00:00 GMT+0800 (China Standard Time),6.89,7.3,6.8,7.24,91100,7.24,CPSS
Mon May 12 2014 00:00:00 GMT+0800 (China Standard Time),7.29,7.46,7.1,7.21,129000,7.21,CPSS
Tue May 13 2014 00:00:00 GMT+0800 (China Standard Time),7.19,7.36,7.1,7.23,73500,7.23,CPSS
Wed May 14 2014 00:00:00 GMT+0800 (China Standard Time),7.21,7.26,7.07,7.16,80500,7.16,CPSS
Thu May 15 2014 00:00:00 GMT+0800 (China Standard Time),7.1,7.12,6.88,6.97,81400,6.97,CPSS
Fri May 16 2014 00:00:00 GMT+0800 (China Standard Time),6.95,7.13,6.85,7,34800,7,CPSS
Mon May 19 2014 00:00:00 GMT+0800 (China Standard Time),6.95,7.35,6.95,7.29,60900,7.29,CPSS
Tue May 20 2014 00:00:00 GMT+0800 (China Standard Time),7.3,7.3,7.08,7.25,108000,7.25,CPSS
Wed May 21 2014 00:00:00 GMT+0800 (China Standard Time),7.29,7.51,7.19,7.5,145700,7.5,CPSS
Thu May 22 2014 00:00:00 GMT+0800 (China Standard Time),7.48,7.54,7.38,7.41,38800,7.41,CPSS
Fri May 23 2014 00:00:00 GMT+0800 (China Standard Time),7.43,7.55,7.38,7.44,65500,7.44,CPSS
Tue May 27 2014 00:00:00 GMT+0800 (China Standard Time),7.47,7.55,7.33,7.51,124900,7.51,CPSS
Wed May 28 2014 00:00:00 GMT+0800 (China Standard Time),7.51,7.51,7.44,7.45,27600,7.45,CPSS
Thu May 29 2014 00:00:00 GMT+0800 (China Standard Time),7.45,7.52,7.22,7.28,76000,7.28,CPSS
Fri May 30 2014 00:00:00 GMT+0800 (China Standard Time),7.29,7.4,7.16,7.34,90700,7.34,CPSS
Mon Jun 02 2014 00:00:00 GMT+0800 (China Standard Time),7.33,7.48,7.25,7.37,43000,7.37,CPSS
Tue Jun 03 2014 00:00:00 GMT+0800 (China Standard Time),7.32,7.42,7.19,7.4,63600,7.4,CPSS
Wed Jun 04 2014 00:00:00 GMT+0800 (China Standard Time),7.34,7.45,7.23,7.4,50000,7.4,CPSS
Thu Jun 05 2014 00:00:00 GMT+0800 (China Standard Time),7.4,7.49,7.25,7.44,112000,7.44,CPSS
Fri Jun 06 2014 00:00:00 GMT+0800 (China Standard Time),7.5,7.64,7.44,7.48,69900,7.48,CPSS
Mon Jun 09 2014 00:00:00 GMT+0800 (China Standard Time),7.48,7.62,7.28,7.55,69900,7.55,CPSS
Tue Jun 10 2014 00:00:00 GMT+0800 (China Standard Time),7.55,7.68,7.47,7.66,192900,7.66,CPSS
Wed Jun 11 2014 00:00:00 GMT+0800 (China Standard Time),7.6,7.68,7.52,7.58,120000,7.58,CPSS
Thu Jun 12 2014 00:00:00 GMT+0800 (China Standard Time),7.58,7.58,7.41,7.48,56800,7.48,CPSS
Fri Jun 13 2014 00:00:00 GMT+0800 (China Standard Time),7.52,7.52,7.3,7.48,48700,7.48,CPSS
Mon Jun 16 2014 00:00:00 GMT+0800 (China Standard Time),7.5,7.67,7.47,7.59,138600,7.59,CPSS
Tue Jun 17 2014 00:00:00 GMT+0800 (China Standard Time),7.56,7.61,7.5,7.6,130900,7.6,CPSS
Wed Jun 18 2014 00:00:00 GMT+0800 (China Standard Time),7.6,7.65,7.58,7.62,121000,7.62,CPSS
Thu Jun 19 2014 00:00:00 GMT+0800 (China Standard Time),7.62,7.8,7.6,7.74,310200,7.74,CPSS
Fri Jun 20 2014 00:00:00 GMT+0800 (China Standard Time),7.79,7.82,7.58,7.59,269300,7.59,CPSS
Mon Jun 23 2014 00:00:00 GMT+0800 (China Standard Time),7.58,7.77,7.56,7.75,48400,7.75,CPSS
Tue Jun 24 2014 00:00:00 GMT+0800 (China Standard Time),7.7,7.81,7.57,7.57,73600,7.57,CPSS
Wed Jun 25 2014 00:00:00 GMT+0800 (China Standard Time),7.51,7.9,7.51,7.83,60100,7.83,CPSS
Thu Jun 26 2014 00:00:00 GMT+0800 (China Standard Time),7.8,7.95,7.69,7.82,84500,7.82,CPSS
Fri Jun 27 2014 00:00:00 GMT+0800 (China Standard Time),7.76,7.87,7.67,7.74,525800,7.74,CPSS
Mon Jun 30 2014 00:00:00 GMT+0800 (China Standard Time),7.7,7.8,7.6,7.62,85300,7.62,CPSS
Tue Jul 01 2014 00:00:00 GMT+0800 (China Standard Time),7.67,7.99,7.67,7.95,205300,7.95,CPSS
Wed Jul 02 2014 00:00:00 GMT+0800 (China Standard Time),7.97,7.97,7.76,7.81,127500,7.81,CPSS
Thu Jul 03 2014 00:00:00 GMT+0800 (China Standard Time),7.83,7.89,7.79,7.86,42300,7.86,CPSS
Mon Jul 07 2014 00:00:00 GMT+0800 (China Standard Time),7.84,7.88,7.68,7.83,59000,7.83,CPSS
Tue Jul 08 2014 00:00:00 GMT+0800 (China Standard Time),7.96,7.96,7.66,7.74,139000,7.74,CPSS
Wed Jul 09 2014 00:00:00 GMT+0800 (China Standard Time),7.75,8.12,7.73,7.94,179900,7.94,CPSS
Thu Jul 10 2014 00:00:00 GMT+0800 (China Standard Time),7.79,8,7.69,7.93,93700,7.93,CPSS
Fri Jul 11 2014 00:00:00 GMT+0800 (China Standard Time),7.9,7.99,7.8,7.99,108600,7.99,CPSS
Mon Jul 14 2014 00:00:00 GMT+0800 (China Standard Time),7.99,8.15,7.92,8.13,203300,8.13,CPSS
Tue Jul 15 2014 00:00:00 GMT+0800 (China Standard Time),8.15,8.22,7.89,7.95,296600,7.95,CPSS
Wed Jul 16 2014 00:00:00 GMT+0800 (China Standard Time),8.01,8.01,7.77,7.8,124000,7.8,CPSS
Thu Jul 17 2014 00:00:00 GMT+0800 (China Standard Time),7.74,7.79,7.52,7.65,262300,7.65,CPSS
Fri Jul 18 2014 00:00:00 GMT+0800 (China Standard Time),7.63,7.7,7.59,7.62,190600,7.62,CPSS
Mon Jul 21 2014 00:00:00 GMT+0800 (China Standard Time),7.62,7.71,7.53,7.6,199900,7.6,CPSS
Tue Jul 22 2014 00:00:00 GMT+0800 (China Standard Time),7.71,7.74,7.33,7.43,195500,7.43,CPSS
Wed Jul 23 2014 00:00:00 GMT+0800 (China Standard Time),7.25,7.39,7.15,7.25,267000,7.25,CPSS
Thu Jul 24 2014 00:00:00 GMT+0800 (China Standard Time),7.32,7.32,6.88,6.99,427800,6.99,CPSS
Fri Jul 25 2014 00:00:00 GMT+0800 (China Standard Time),6.9,6.95,6.53,6.72,874900,6.72,CPSS
Mon Jul 28 2014 00:00:00 GMT+0800 (China Standard Time),6.74,6.8,6.47,6.59,314000,6.59,CPSS
Tue Jul 29 2014 00:00:00 GMT+0800 (China Standard Time),6.75,7.39,6.69,7.23,404000,7.23,CPSS
Wed Jul 30 2014 00:00:00 GMT+0800 (China Standard Time),7.27,7.43,7.25,7.41,110400,7.41,CPSS
Thu Jul 31 2014 00:00:00 GMT+0800 (China Standard Time),7.32,7.38,7.18,7.26,115000,7.26,CPSS
Fri Aug 01 2014 00:00:00 GMT+0800 (China Standard Time),7.25,7.44,7.01,7.15,455900,7.15,CPSS
Mon Aug 04 2014 00:00:00 GMT+0800 (China Standard Time),7.08,7.39,7.06,7.25,155000,7.25,CPSS
Tue Aug 05 2014 00:00:00 GMT+0800 (China Standard Time),7.22,7.34,7.11,7.15,81600,7.15,CPSS
Wed Aug 06 2014 00:00:00 GMT+0800 (China Standard Time),7.11,7.26,7.01,7.06,187500,7.06,CPSS
Thu Aug 07 2014 00:00:00 GMT+0800 (China Standard Time),7.08,7.16,6.98,7.06,102900,7.06,CPSS
Fri Aug 08 2014 00:00:00 GMT+0800 (China Standard Time),7.04,7.12,6.97,7.08,66200,7.08,CPSS
Mon Aug 11 2014 00:00:00 GMT+0800 (China Standard Time),7.04,7.23,7.01,7.07,87500,7.07,CPSS
Tue Aug 12 2014 00:00:00 GMT+0800 (China Standard Time),7.07,7.12,6.94,7.06,106500,7.06,CPSS
Wed Aug 13 2014 00:00:00 GMT+0800 (China Standard Time),7.12,7.2,7.04,7.18,164100,7.18,CPSS
Thu Aug 14 2014 00:00:00 GMT+0800 (China Standard Time),7.21,7.25,7.12,7.24,151100,7.24,CPSS
Fri Aug 15 2014 00:00:00 GMT+0800 (China Standard Time),7.25,7.26,7.1,7.25,109800,7.25,CPSS
Mon Aug 18 2014 00:00:00 GMT+0800 (China Standard Time),7.25,7.31,7.23,7.25,175500,7.25,CPSS
Tue Aug 19 2014 00:00:00 GMT+0800 (China Standard Time),7.25,7.33,7.2,7.25,77700,7.25,CPSS
Wed Aug 20 2014 00:00:00 GMT+0800 (China Standard Time),7.2,7.24,7.16,7.17,53800,7.17,CPSS
Thu Aug 21 2014 00:00:00 GMT+0800 (China Standard Time),7.2,7.28,7.13,7.25,64400,7.25,CPSS
Fri Aug 22 2014 00:00:00 GMT+0800 (China Standard Time),7.22,7.31,7.11,7.26,84500,7.26,CPSS
Mon Aug 25 2014 00:00:00 GMT+0800 (China Standard Time),7.32,7.32,7.2,7.24,73800,7.24,CPSS
Tue Aug 26 2014 00:00:00 GMT+0800 (China Standard Time),7.25,7.25,7.15,7.19,54100,7.19,CPSS
Wed Aug 27 2014 00:00:00 GMT+0800 (China Standard Time),7.17,7.19,7.1,7.15,56500,7.15,CPSS
Thu Aug 28 2014 00:00:00 GMT+0800 (China Standard Time),7.11,7.16,7,7.07,78100,7.07,CPSS
Fri Aug 29 2014 00:00:00 GMT+0800 (China Standard Time),7.1,7.17,7.01,7.15,80400,7.15,CPSS
Tue Sep 02 2014 00:00:00 GMT+0800 (China Standard Time),7.15,7.21,7.04,7.2,206600,7.2,CPSS
Wed Sep 03 2014 00:00:00 GMT+0800 (China Standard Time),7.21,7.24,7.1,7.13,48500,7.13,CPSS
Thu Sep 04 2014 00:00:00 GMT+0800 (China Standard Time),7.17,7.2,7.02,7.13,78600,7.13,CPSS
Fri Sep 05 2014 00:00:00 GMT+0800 (China Standard Time),7.23,7.25,7.14,7.19,39000,7.19,CPSS
Mon Sep 08 2014 00:00:00 GMT+0800 (China Standard Time),7.19,7.28,7.12,7.28,68700,7.28,CPSS
Tue Sep 09 2014 00:00:00 GMT+0800 (China Standard Time),7.25,7.27,7.12,7.2,65300,7.2,CPSS
Wed Sep 10 2014 00:00:00 GMT+0800 (China Standard Time),7.2,7.25,7.16,7.18,35200,7.18,CPSS
Thu Sep 11 2014 00:00:00 GMT+0800 (China Standard Time),7.15,7.25,7.15,7.19,41900,7.19,CPSS
Fri Sep 12 2014 00:00:00 GMT+0800 (China Standard Time),7.21,7.25,7,7.03,113400,7.03,CPSS
Mon Sep 15 2014 00:00:00 GMT+0800 (China Standard Time),7,7.02,6.94,6.95,55600,6.95,CPSS
Tue Sep 16 2014 00:00:00 GMT+0800 (China Standard Time),6.96,7.09,6.95,7,92000,7,CPSS
Wed Sep 17 2014 00:00:00 GMT+0800 (China Standard Time),7.02,7.05,6.89,6.91,46300,6.91,CPSS
Thu Sep 18 2014 00:00:00 GMT+0800 (China Standard Time),6.92,7.02,6.84,6.88,76100,6.88,CPSS
Fri Sep 19 2014 00:00:00 GMT+0800 (China Standard Time),6.96,7.06,6.71,6.73,315500,6.73,CPSS
Mon Sep 22 2014 00:00:00 GMT+0800 (China Standard Time),6.73,6.76,6.65,6.65,107400,6.65,CPSS
Tue Sep 23 2014 00:00:00 GMT+0800 (China Standard Time),6.61,6.68,6.51,6.51,97700,6.51,CPSS
Wed Sep 24 2014 00:00:00 GMT+0800 (China Standard Time),6.54,6.6,6.52,6.55,42700,6.55,CPSS
Thu Sep 25 2014 00:00:00 GMT+0800 (China Standard Time),6.55,6.62,6.46,6.46,74300,6.46,CPSS
Fri Sep 26 2014 00:00:00 GMT+0800 (China Standard Time),6.45,6.6,6.45,6.53,79500,6.53,CPSS
Mon Sep 29 2014 00:00:00 GMT+0800 (China Standard Time),6.48,6.59,6.48,6.5,57200,6.5,CPSS
Tue Sep 30 2014 00:00:00 GMT+0800 (China Standard Time),6.5,6.56,6.41,6.41,131400,6.41,CPSS
Wed Oct 01 2014 00:00:00 GMT+0800 (China Standard Time),6.43,6.57,6.39,6.45,111400,6.45,CPSS
Thu Oct 02 2014 00:00:00 GMT+0800 (China Standard Time),6.45,6.68,6.45,6.65,101000,6.65,CPSS
Fri Oct 03 2014 00:00:00 GMT+0800 (China Standard Time),6.72,6.72,6.67,6.67,43600,6.67,CPSS
Mon Oct 06 2014 00:00:00 GMT+0800 (China Standard Time),6.7,6.85,6.68,6.75,165100,6.75,CPSS
Tue Oct 07 2014 00:00:00 GMT+0800 (China Standard Time),6.7,6.73,6.53,6.53,53300,6.53,CPSS
Wed Oct 08 2014 00:00:00 GMT+0800 (China Standard Time),6.54,6.76,6.5,6.73,73800,6.73,CPSS
Thu Oct 09 2014 00:00:00 GMT+0800 (China Standard Time),6.75,6.75,6.5,6.52,66600,6.52,CPSS
Fri Oct 10 2014 00:00:00 GMT+0800 (China Standard Time),6.46,6.69,6.38,6.39,109700,6.39,CPSS
Mon Oct 13 2014 00:00:00 GMT+0800 (China Standard Time),6.41,6.7,6.36,6.48,144300,6.48,CPSS
Tue Oct 14 2014 00:00:00 GMT+0800 (China Standard Time),6.51,6.72,6.43,6.58,64100,6.58,CPSS
Wed Oct 15 2014 00:00:00 GMT+0800 (China Standard Time),6.6,6.84,6.36,6.67,379000,6.67,CPSS
Thu Oct 16 2014 00:00:00 GMT+0800 (China Standard Time),6.6,6.96,6.6,6.96,174500,6.96,CPSS
Fri Oct 17 2014 00:00:00 GMT+0800 (China Standard Time),7.06,7.06,6.91,6.98,106700,6.98,CPSS
Mon Oct 20 2014 00:00:00 GMT+0800 (China Standard Time),6.97,7.08,6.85,6.92,62000,6.92,CPSS
Tue Oct 21 2014 00:00:00 GMT+0800 (China Standard Time),6.94,7.05,6.83,6.95,76700,6.95,CPSS
Wed Oct 22 2014 00:00:00 GMT+0800 (China Standard Time),6.97,6.98,6.85,6.88,55500,6.88,CPSS
Thu Oct 23 2014 00:00:00 GMT+0800 (China Standard Time),6.91,7.09,6.85,7,107300,7,CPSS
Fri Oct 24 2014 00:00:00 GMT+0800 (China Standard Time),7.04,7.26,6.95,7.15,122600,7.15,CPSS
Mon Oct 27 2014 00:00:00 GMT+0800 (China Standard Time),7.15,7.17,6.95,7.1,75200,7.1,CPSS
Tue Oct 28 2014 00:00:00 GMT+0800 (China Standard Time),7.17,7.19,6.99,7.1,133600,7.1,CPSS
Wed Oct 29 2014 00:00:00 GMT+0800 (China Standard Time),7.1,7.18,6.99,7.06,122000,7.06,CPSS
Thu Oct 30 2014 00:00:00 GMT+0800 (China Standard Time),7.02,7.22,7.02,7.1,91300,7.1,CPSS
Fri Oct 31 2014 00:00:00 GMT+0800 (China Standard Time),7.24,7.24,6.98,7.06,241300,7.06,CPSS
Mon Nov 03 2014 00:00:00 GMT+0800 (China Standard Time),7.05,7.05,6.9,6.96,83300,6.96,CPSS
Tue Nov 04 2014 00:00:00 GMT+0800 (China Standard Time),6.96,7,6.85,6.98,96700,6.98,CPSS
Wed Nov 05 2014 00:00:00 GMT+0800 (China Standard Time),7.07,7.21,6.9,6.93,94400,6.93,CPSS
Thu Nov 06 2014 00:00:00 GMT+0800 (China Standard Time),6.95,7.1,6.95,7.09,106600,7.09,CPSS
Fri Nov 07 2014 00:00:00 GMT+0800 (China Standard Time),7.11,7.21,7.07,7.16,59500,7.16,CPSS
Mon Nov 10 2014 00:00:00 GMT+0800 (China Standard Time),7.21,7.39,7.16,7.2,202200,7.2,CPSS
Tue Nov 11 2014 00:00:00 GMT+0800 (China Standard Time),7.22,7.42,7.16,7.25,214800,7.25,CPSS
Wed Nov 12 2014 00:00:00 GMT+0800 (China Standard Time),7.24,7.32,7.12,7.18,87700,7.18,CPSS
Thu Nov 13 2014 00:00:00 GMT+0800 (China Standard Time),7.16,7.22,7.13,7.14,56200,7.14,CPSS
Fri Nov 14 2014 00:00:00 GMT+0800 (China Standard Time),7.17,7.22,7.07,7.15,102800,7.15,CPSS
Mon Nov 17 2014 00:00:00 GMT+0800 (China Standard Time),7.09,7.26,6.88,7.23,154400,7.23,CPSS
Tue Nov 18 2014 00:00:00 GMT+0800 (China Standard Time),7.25,7.25,7.12,7.12,53600,7.12,CPSS
Wed Nov 19 2014 00:00:00 GMT+0800 (China Standard Time),7.12,7.12,6.97,6.98,96800,6.98,CPSS
Thu Nov 20 2014 00:00:00 GMT+0800 (China Standard Time),7,7.28,6.94,7.24,132500,7.24,CPSS
Fri Nov 21 2014 00:00:00 GMT+0800 (China Standard Time),7.28,7.3,7.21,7.24,141400,7.24,CPSS
Mon Nov 24 2014 00:00:00 GMT+0800 (China Standard Time),7.28,7.55,7.28,7.36,262700,7.36,CPSS
Tue Nov 25 2014 00:00:00 GMT+0800 (China Standard Time),7.39,7.42,7.21,7.25,86500,7.25,CPSS
Wed Nov 26 2014 00:00:00 GMT+0800 (China Standard Time),7.3,7.5,7.25,7.45,199600,7.45,CPSS
Fri Nov 28 2014 00:00:00 GMT+0800 (China Standard Time),7.49,7.5,7.3,7.32,36100,7.32,CPSS
Mon Dec 01 2014 00:00:00 GMT+0800 (China Standard Time),7.29,7.71,7.26,7.6,145800,7.6,CPSS
Tue Dec 02 2014 00:00:00 GMT+0800 (China Standard Time),7.64,7.64,7.34,7.52,125100,7.52,CPSS
Wed Dec 03 2014 00:00:00 GMT+0800 (China Standard Time),7.52,7.65,7.47,7.48,129100,7.48,CPSS
Thu Dec 04 2014 00:00:00 GMT+0800 (China Standard Time),7.48,7.6,7.25,7.31,121400,7.31,CPSS
Fri Dec 05 2014 00:00:00 GMT+0800 (China Standard Time),7.31,7.43,7.18,7.21,95100,7.21,CPSS
Mon Dec 08 2014 00:00:00 GMT+0800 (China Standard Time),7.21,7.36,7.11,7.14,117500,7.14,CPSS
Tue Dec 09 2014 00:00:00 GMT+0800 (China Standard Time),7.08,7.32,7,7.23,122300,7.23,CPSS
Wed Dec 10 2014 00:00:00 GMT+0800 (China Standard Time),7.22,7.22,7.08,7.12,109800,7.12,CPSS
Thu Dec 11 2014 00:00:00 GMT+0800 (China Standard Time),7.15,7.29,7.03,7.27,90600,7.27,CPSS
Fri Dec 12 2014 00:00:00 GMT+0800 (China Standard Time),7.16,7.27,7.1,7.19,71900,7.19,CPSS
Mon Dec 15 2014 00:00:00 GMT+0800 (China Standard Time),7.25,7.25,7,7.19,98700,7.19,CPSS
Tue Dec 16 2014 00:00:00 GMT+0800 (China Standard Time),7.18,7.23,7.1,7.18,86800,7.18,CPSS
Wed Dec 17 2014 00:00:00 GMT+0800 (China Standard Time),7.21,7.5,7.16,7.5,71200,7.5,CPSS
Thu Dec 18 2014 00:00:00 GMT+0800 (China Standard Time),7.55,7.75,7.53,7.75,138100,7.75,CPSS
Fri Dec 19 2014 00:00:00 GMT+0800 (China Standard Time),7.69,7.95,7.62,7.93,239600,7.93,CPSS
Mon Dec 22 2014 00:00:00 GMT+0800 (China Standard Time),7.89,8,7.77,7.89,69400,7.89,CPSS
Tue Dec 23 2014 00:00:00 GMT+0800 (China Standard Time),7.89,7.89,7.62,7.73,188900,7.73,CPSS
Wed Dec 24 2014 00:00:00 GMT+0800 (China Standard Time),7.72,7.72,7.62,7.67,26000,7.67,CPSS
Fri Dec 26 2014 00:00:00 GMT+0800 (China Standard Time),7.72,7.72,7.56,7.6,50700,7.6,CPSS
Mon Dec 29 2014 00:00:00 GMT+0800 (China Standard Time),7.56,7.63,7.38,7.47,86000,7.47,CPSS
Tue Dec 30 2014 00:00:00 GMT+0800 (China Standard Time),7.45,7.47,7.36,7.39,45100,7.39,CPSS
Wed Dec 31 2014 00:00:00 GMT+0800 (China Standard Time),7.36,7.44,7.25,7.36,126200,7.36,CPSS
Fri Jan 02 2015 00:00:00 GMT+0800 (China Standard Time),7.43,7.6,7.34,7.37,75500,7.37,CPSS
Mon Jan 05 2015 00:00:00 GMT+0800 (China Standard Time),7.33,7.59,7.33,7.48,63000,7.48,CPSS
Tue Jan 06 2015 00:00:00 GMT+0800 (China Standard Time),7.44,7.44,7.23,7.27,62300,7.27,CPSS
Wed Jan 07 2015 00:00:00 GMT+0800 (China Standard Time),7.34,7.34,7.11,7.28,64900,7.28,CPSS
Thu Jan 08 2015 00:00:00 GMT+0800 (China Standard Time),7.36,7.38,7.23,7.3,41300,7.3,CPSS
Fri Jan 09 2015 00:00:00 GMT+0800 (China Standard Time),7.32,7.32,7.03,7.16,40200,7.16,CPSS
Mon Jan 12 2015 00:00:00 GMT+0800 (China Standard Time),7.13,7.15,6.78,6.8,150200,6.8,CPSS
Tue Jan 13 2015 00:00:00 GMT+0800 (China Standard Time),6.88,6.94,6.6,6.69,122100,6.69,CPSS
Wed Jan 14 2015 00:00:00 GMT+0800 (China Standard Time),6.6,6.73,6.43,6.48,94800,6.48,CPSS
Thu Jan 15 2015 00:00:00 GMT+0800 (China Standard Time),6.53,6.55,6.26,6.3,177000,6.3,CPSS
Fri Jan 16 2015 00:00:00 GMT+0800 (China Standard Time),6.26,6.44,6.26,6.36,63900,6.36,CPSS
Tue Jan 20 2015 00:00:00 GMT+0800 (China Standard Time),6.34,6.48,6.22,6.26,80200,6.26,CPSS
Wed Jan 21 2015 00:00:00 GMT+0800 (China Standard Time),6.26,6.3,6.15,6.2,103900,6.2,CPSS
Thu Jan 22 2015 00:00:00 GMT+0800 (China Standard Time),6.21,6.46,6.13,6.42,81500,6.42,CPSS
Fri Jan 23 2015 00:00:00 GMT+0800 (China Standard Time),6.01,6.34,5.95,6.04,480600,6.04,CPSS
Mon Jan 26 2015 00:00:00 GMT+0800 (China Standard Time),6.01,6.01,5.86,5.89,191500,5.89,CPSS
Tue Jan 27 2015 00:00:00 GMT+0800 (China Standard Time),5.84,5.93,5.7,5.72,249800,5.72,CPSS
Wed Jan 28 2015 00:00:00 GMT+0800 (China Standard Time),5.75,5.77,5.63,5.63,174000,5.63,CPSS
Thu Jan 29 2015 00:00:00 GMT+0800 (China Standard Time),5.71,5.78,5.29,5.64,478100,5.64,CPSS
Fri Jan 30 2015 00:00:00 GMT+0800 (China Standard Time),5.59,5.66,5.56,5.6,199600,5.6,CPSS
Mon Feb 02 2015 00:00:00 GMT+0800 (China Standard Time),5.61,5.69,5.51,5.62,240600,5.62,CPSS
Tue Feb 03 2015 00:00:00 GMT+0800 (China Standard Time),5.66,5.95,5.62,5.92,371500,5.92,CPSS
Wed Feb 04 2015 00:00:00 GMT+0800 (China Standard Time),5.92,6.06,5.88,5.99,178100,5.99,CPSS
Thu Feb 05 2015 00:00:00 GMT+0800 (China Standard Time),6,6.28,6,6.25,138900,6.25,CPSS
Fri Feb 06 2015 00:00:00 GMT+0800 (China Standard Time),6.3,6.53,6.28,6.41,313200,6.41,CPSS
Mon Feb 09 2015 00:00:00 GMT+0800 (China Standard Time),6.43,6.44,6.3,6.33,178900,6.33,CPSS
Tue Feb 10 2015 00:00:00 GMT+0800 (China Standard Time),6.37,6.41,6.31,6.37,120400,6.37,CPSS
Wed Feb 11 2015 00:00:00 GMT+0800 (China Standard Time),6.3,6.71,6.3,6.65,163600,6.65,CPSS
Thu Feb 12 2015 00:00:00 GMT+0800 (China Standard Time),6.69,6.7,6.52,6.69,90000,6.69,CPSS
Fri Feb 13 2015 00:00:00 GMT+0800 (China Standard Time),6.67,6.91,6.66,6.69,174300,6.69,CPSS
Tue Feb 17 2015 00:00:00 GMT+0800 (China Standard Time),6.7,6.87,6.56,6.6,133700,6.6,CPSS
Wed Feb 18 2015 00:00:00 GMT+0800 (China Standard Time),6.76,6.76,6,6.53,507300,6.53,CPSS
Thu Feb 19 2015 00:00:00 GMT+0800 (China Standard Time),6.54,7,6.44,6.95,230700,6.95,CPSS
Fri Feb 20 2015 00:00:00 GMT+0800 (China Standard Time),6.95,7.09,6.71,7.04,226300,7.04,CPSS
Mon Feb 23 2015 00:00:00 GMT+0800 (China Standard Time),7.07,7.16,6.91,6.97,95800,6.97,CPSS
Tue Feb 24 2015 00:00:00 GMT+0800 (China Standard Time),6.96,7.15,6.77,6.83,312400,6.83,CPSS
Wed Feb 25 2015 00:00:00 GMT+0800 (China Standard Time),6.85,6.98,6.77,6.94,125600,6.94,CPSS
Thu Feb 26 2015 00:00:00 GMT+0800 (China Standard Time),6.91,7.08,6.91,7.03,106700,7.03,CPSS
Fri Feb 27 2015 00:00:00 GMT+0800 (China Standard Time),7.04,7.07,6.91,6.96,79300,6.96,CPSS
Mon Mar 02 2015 00:00:00 GMT+0800 (China Standard Time),6.99,7.2,6.77,7.13,212100,7.13,CPSS
Tue Mar 03 2015 00:00:00 GMT+0800 (China Standard Time),7.06,7.19,7.04,7.16,71700,7.16,CPSS
Wed Mar 04 2015 00:00:00 GMT+0800 (China Standard Time),7.15,7.27,6.95,7.21,54600,7.21,CPSS
Thu Mar 05 2015 00:00:00 GMT+0800 (China Standard Time),7.19,7.35,7.04,7.34,109300,7.34,CPSS
Fri Mar 06 2015 00:00:00 GMT+0800 (China Standard Time),7.27,7.42,7.08,7.1,143300,7.1,CPSS
Mon Mar 09 2015 00:00:00 GMT+0800 (China Standard Time),7.06,7.14,6.92,7.03,125700,7.03,CPSS
Tue Mar 10 2015 00:00:00 GMT+0800 (China Standard Time),6.98,6.98,6.83,6.92,77400,6.92,CPSS
Wed Mar 11 2015 00:00:00 GMT+0800 (China Standard Time),6.95,6.97,6.82,6.88,84100,6.88,CPSS
Thu Mar 12 2015 00:00:00 GMT+0800 (China Standard Time),6.95,7.18,6.95,7.13,65200,7.13,CPSS
Fri Mar 13 2015 00:00:00 GMT+0800 (China Standard Time),7.14,7.26,6.93,7.23,62400,7.23,CPSS
Mon Mar 16 2015 00:00:00 GMT+0800 (China Standard Time),7.16,7.21,6.97,7.08,107500,7.08,CPSS
Tue Mar 17 2015 00:00:00 GMT+0800 (China Standard Time),7.05,7.39,6.8,7.11,108200,7.11,CPSS
Wed Mar 18 2015 00:00:00 GMT+0800 (China Standard Time),7.11,7.16,6.96,7.06,30400,7.06,CPSS
Thu Mar 19 2015 00:00:00 GMT+0800 (China Standard Time),7.03,7.2,6.81,6.91,102000,6.91,CPSS
Fri Mar 20 2015 00:00:00 GMT+0800 (China Standard Time),6.89,6.91,6.72,6.88,180800,6.88,CPSS
Mon Mar 23 2015 00:00:00 GMT+0800 (China Standard Time),6.85,6.93,6.75,6.77,73700,6.77,CPSS
Tue Mar 24 2015 00:00:00 GMT+0800 (China Standard Time),6.77,6.93,6.77,6.93,99300,6.93,CPSS
Wed Mar 25 2015 00:00:00 GMT+0800 (China Standard Time),6.97,7.03,6.81,6.86,123000,6.86,CPSS
Thu Mar 26 2015 00:00:00 GMT+0800 (China Standard Time),6.87,6.9,6.69,6.83,98900,6.83,CPSS
Fri Mar 27 2015 00:00:00 GMT+0800 (China Standard Time),6.87,6.92,6.72,6.79,65400,6.79,CPSS
Mon Mar 30 2015 00:00:00 GMT+0800 (China Standard Time),6.91,6.97,6.75,6.95,103200,6.95,CPSS
Tue Mar 31 2015 00:00:00 GMT+0800 (China Standard Time),6.86,7,6.82,6.99,46000,6.99,CPSS
Wed Apr 01 2015 00:00:00 GMT+0800 (China Standard Time),6.95,7.23,6.91,7.21,76700,7.21,CPSS
Thu Apr 02 2015 00:00:00 GMT+0800 (China Standard Time),7.19,7.3,7.12,7.15,139500,7.15,CPSS
Mon Apr 06 2015 00:00:00 GMT+0800 (China Standard Time),7.06,7.28,7.06,7.23,49600,7.23,CPSS
Tue Apr 07 2015 00:00:00 GMT+0800 (China Standard Time),7.25,7.38,7.11,7.11,58100,7.11,CPSS
Wed Apr 08 2015 00:00:00 GMT+0800 (China Standard Time),7.16,7.23,7.05,7.1,73700,7.1,CPSS
Thu Apr 09 2015 00:00:00 GMT+0800 (China Standard Time),7.07,7.21,6.72,7.09,131100,7.09,CPSS
Fri Apr 10 2015 00:00:00 GMT+0800 (China Standard Time),7.14,7.18,6.97,6.97,41600,6.97,CPSS
Mon Apr 13 2015 00:00:00 GMT+0800 (China Standard Time),6.99,7.14,6.99,7.06,149400,7.06,CPSS
Tue Apr 14 2015 00:00:00 GMT+0800 (China Standard Time),7.03,7.17,7,7.04,49200,7.04,CPSS
Wed Apr 15 2015 00:00:00 GMT+0800 (China Standard Time),7.03,7.15,6.88,7.02,92000,7.02,CPSS
Thu Apr 16 2015 00:00:00 GMT+0800 (China Standard Time),7.2,7.26,7.05,7.2,192000,7.2,CPSS
Fri Apr 17 2015 00:00:00 GMT+0800 (China Standard Time),7.15,7.18,6.86,6.9,216700,6.9,CPSS
Mon Apr 20 2015 00:00:00 GMT+0800 (China Standard Time),6.8,6.95,6.75,6.8,116100,6.8,CPSS
Tue Apr 21 2015 00:00:00 GMT+0800 (China Standard Time),6.75,6.87,6.68,6.69,183100,6.69,CPSS
Wed Apr 22 2015 00:00:00 GMT+0800 (China Standard Time),6.69,6.82,6.69,6.8,113700,6.8,CPSS
Thu Apr 23 2015 00:00:00 GMT+0800 (China Standard Time),6.76,6.84,6.63,6.69,227600,6.69,CPSS
Fri Apr 24 2015 00:00:00 GMT+0800 (China Standard Time),6.72,6.91,6.69,6.76,181000,6.76,CPSS
Mon Apr 27 2015 00:00:00 GMT+0800 (China Standard Time),6.51,6.79,6.51,6.73,150300,6.73,CPSS
Tue Apr 28 2015 00:00:00 GMT+0800 (China Standard Time),6.69,6.89,6.69,6.85,81600,6.85,CPSS
Wed Apr 29 2015 00:00:00 GMT+0800 (China Standard Time),6.8,6.86,6.65,6.66,104000,6.66,CPSS
Thu Apr 30 2015 00:00:00 GMT+0800 (China Standard Time),6.56,6.67,6.33,6.39,141100,6.39,CPSS
Fri May 01 2015 00:00:00 GMT+0800 (China Standard Time),6.45,6.65,6.35,6.62,68800,6.62,CPSS
Mon May 04 2015 00:00:00 GMT+0800 (China Standard Time),6.64,6.7,6.53,6.53,98200,6.53,CPSS
Tue May 05 2015 00:00:00 GMT+0800 (China Standard Time),6.54,6.6,6.3,6.33,110700,6.33,CPSS
Wed May 06 2015 00:00:00 GMT+0800 (China Standard Time),6.33,6.4,6.22,6.26,98300,6.26,CPSS
Thu May 07 2015 00:00:00 GMT+0800 (China Standard Time),6.22,6.29,6.15,6.28,145300,6.28,CPSS
Fri May 08 2015 00:00:00 GMT+0800 (China Standard Time),6.28,6.36,6.26,6.36,74000,6.36,CPSS
Mon May 11 2015 00:00:00 GMT+0800 (China Standard Time),6.33,6.43,6.3,6.36,69400,6.36,CPSS
Tue May 12 2015 00:00:00 GMT+0800 (China Standard Time),6.37,6.39,6.2,6.21,111100,6.21,CPSS
Wed May 13 2015 00:00:00 GMT+0800 (China Standard Time),6.23,6.26,6.15,6.23,120800,6.23,CPSS
Thu May 14 2015 00:00:00 GMT+0800 (China Standard Time),6.25,6.3,6.15,6.17,62300,6.17,CPSS
Fri May 15 2015 00:00:00 GMT+0800 (China Standard Time),6.17,6.2,6.04,6.19,183700,6.19,CPSS
Mon May 18 2015 00:00:00 GMT+0800 (China Standard Time),6.14,6.3,6.09,6.25,82300,6.25,CPSS
Tue May 19 2015 00:00:00 GMT+0800 (China Standard Time),6.27,6.29,6.1,6.11,51600,6.11,CPSS
Wed May 20 2015 00:00:00 GMT+0800 (China Standard Time),6.15,6.15,6.1,6.1,50700,6.1,CPSS
Thu May 21 2015 00:00:00 GMT+0800 (China Standard Time),6.06,6.15,6.06,6.12,67700,6.12,CPSS
Fri May 22 2015 00:00:00 GMT+0800 (China Standard Time),6.09,6.15,6.04,6.05,84100,6.05,CPSS
Tue May 26 2015 00:00:00 GMT+0800 (China Standard Time),6.05,6.13,6,6.06,136100,6.06,CPSS
Wed May 27 2015 00:00:00 GMT+0800 (China Standard Time),6.05,6.16,6.01,6.11,111600,6.11,CPSS
Thu May 28 2015 00:00:00 GMT+0800 (China Standard Time),6.01,6.1,5.98,6.05,116000,6.05,CPSS
Fri May 29 2015 00:00:00 GMT+0800 (China Standard Time),6.02,6.04,5.75,5.89,245400,5.89,CPSS
Mon Jun 01 2015 00:00:00 GMT+0800 (China Standard Time),5.86,5.96,5.8,5.84,157400,5.84,CPSS
Tue Jun 02 2015 00:00:00 GMT+0800 (China Standard Time),5.94,6.31,5.94,6.25,177700,6.25,CPSS
Wed Jun 03 2015 00:00:00 GMT+0800 (China Standard Time),6.22,6.45,6.16,6.26,301700,6.26,CPSS
Thu Jun 04 2015 00:00:00 GMT+0800 (China Standard Time),6.22,6.42,6.16,6.18,84100,6.18,CPSS
Fri Jun 05 2015 00:00:00 GMT+0800 (China Standard Time),6.21,6.25,6.08,6.22,122300,6.22,CPSS
Mon Jun 08 2015 00:00:00 GMT+0800 (China Standard Time),6.16,6.2,6.06,6.1,130800,6.1,CPSS
Tue Jun 09 2015 00:00:00 GMT+0800 (China Standard Time),6.07,6.16,5.95,6.03,137100,6.03,CPSS
Wed Jun 10 2015 00:00:00 GMT+0800 (China Standard Time),6.07,6.15,5.98,6.1,121800,6.1,CPSS
Thu Jun 11 2015 00:00:00 GMT+0800 (China Standard Time),6.09,6.14,6.05,6.07,42700,6.07,CPSS
Fri Jun 12 2015 00:00:00 GMT+0800 (China Standard Time),6.06,6.24,5.96,6.11,107800,6.11,CPSS
Mon Jun 15 2015 00:00:00 GMT+0800 (China Standard Time),6.08,6.1,5.97,5.97,72500,5.97,CPSS
Tue Jun 16 2015 00:00:00 GMT+0800 (China Standard Time),5.97,6.16,5.95,6.03,172700,6.03,CPSS
Wed Jun 17 2015 00:00:00 GMT+0800 (China Standard Time),6.04,6.17,5.96,6.16,147400,6.16,CPSS
Thu Jun 18 2015 00:00:00 GMT+0800 (China Standard Time),6.1,6.5,6.01,6.5,120500,6.5,CPSS
Fri Jun 19 2015 00:00:00 GMT+0800 (China Standard Time),6.5,6.5,6.1,6.35,264100,6.35,CPSS
Mon Jun 22 2015 00:00:00 GMT+0800 (China Standard Time),6.39,6.63,6.24,6.59,126900,6.59,CPSS
Tue Jun 23 2015 00:00:00 GMT+0800 (China Standard Time),6.58,6.63,6.44,6.63,115400,6.63,CPSS
Wed Jun 24 2015 00:00:00 GMT+0800 (China Standard Time),6.52,6.71,6.49,6.68,126300,6.68,CPSS
Thu Jun 25 2015 00:00:00 GMT+0800 (China Standard Time),6.72,6.72,6.56,6.61,98300,6.61,CPSS
Fri Jun 26 2015 00:00:00 GMT+0800 (China Standard Time),6.65,6.73,6.52,6.62,2795300,6.62,CPSS
Mon Jun 29 2015 00:00:00 GMT+0800 (China Standard Time),6.61,6.61,6.15,6.23,177900,6.23,CPSS
Tue Jun 30 2015 00:00:00 GMT+0800 (China Standard Time),6.31,6.37,6.16,6.25,84400,6.25,CPSS
Wed Jul 01 2015 00:00:00 GMT+0800 (China Standard Time),6.32,6.39,6.23,6.32,130600,6.32,CPSS
Thu Jul 02 2015 00:00:00 GMT+0800 (China Standard Time),6.31,6.31,6.06,6.19,136600,6.19,CPSS
Mon Jul 06 2015 00:00:00 GMT+0800 (China Standard Time),6.07,6.1,5.9,5.98,174900,5.98,CPSS
Tue Jul 07 2015 00:00:00 GMT+0800 (China Standard Time),6,6.03,5.78,6.01,219900,6.01,CPSS
Wed Jul 08 2015 00:00:00 GMT+0800 (China Standard Time),5.95,5.97,5.7,5.87,148300,5.87,CPSS
Thu Jul 09 2015 00:00:00 GMT+0800 (China Standard Time),5.96,5.96,5.73,5.83,88400,5.83,CPSS
Fri Jul 10 2015 00:00:00 GMT+0800 (China Standard Time),5.86,6.07,5.86,5.93,224100,5.93,CPSS
Mon Jul 13 2015 00:00:00 GMT+0800 (China Standard Time),5.99,6.13,5.95,5.97,189600,5.97,CPSS
Tue Jul 14 2015 00:00:00 GMT+0800 (China Standard Time),5.97,6.01,5.92,5.98,125800,5.98,CPSS
Wed Jul 15 2015 00:00:00 GMT+0800 (China Standard Time),6.02,6.02,5.92,6.02,161100,6.02,CPSS
Thu Jul 16 2015 00:00:00 GMT+0800 (China Standard Time),6.17,6.33,6,6.29,912400,6.29,CPSS
Fri Jul 17 2015 00:00:00 GMT+0800 (China Standard Time),6.29,6.52,6.26,6.48,188200,6.48,CPSS
Mon Jul 20 2015 00:00:00 GMT+0800 (China Standard Time),6.55,6.55,6.35,6.5,288700,6.5,CPSS
Tue Jul 21 2015 00:00:00 GMT+0800 (China Standard Time),6.5,6.55,6.36,6.42,265200,6.42,CPSS
Wed Jul 22 2015 00:00:00 GMT+0800 (China Standard Time),6.43,6.48,6.32,6.39,245500,6.39,CPSS
Thu Jul 23 2015 00:00:00 GMT+0800 (China Standard Time),6.4,6.4,6.15,6.16,148900,6.16,CPSS
Fri Jul 24 2015 00:00:00 GMT+0800 (China Standard Time),6.14,6.18,5.91,5.97,138300,5.97,CPSS
Mon Jul 27 2015 00:00:00 GMT+0800 (China Standard Time),5.78,5.94,5.66,5.73,276400,5.73,CPSS
Tue Jul 28 2015 00:00:00 GMT+0800 (China Standard Time),5.73,6.07,5.66,6.05,211700,6.05,CPSS
Wed Jul 29 2015 00:00:00 GMT+0800 (China Standard Time),6.08,6.14,5.98,6.07,91400,6.07,CPSS
Thu Jul 30 2015 00:00:00 GMT+0800 (China Standard Time),6.03,6.16,5.98,6.11,85500,6.11,CPSS
Fri Jul 31 2015 00:00:00 GMT+0800 (China Standard Time),6.1,6.17,5.99,6.04,41600,6.04,CPSS
Mon Aug 03 2015 00:00:00 GMT+0800 (China Standard Time),5.95,5.98,5.76,5.84,84400,5.84,CPSS
Tue Aug 04 2015 00:00:00 GMT+0800 (China Standard Time),5.81,5.86,5.7,5.78,33600,5.78,CPSS
Wed Aug 05 2015 00:00:00 GMT+0800 (China Standard Time),5.78,5.83,5.73,5.76,52800,5.76,CPSS
Thu Aug 06 2015 00:00:00 GMT+0800 (China Standard Time),5.77,5.77,5.57,5.61,59600,5.61,CPSS
Fri Aug 07 2015 00:00:00 GMT+0800 (China Standard Time),5.61,5.62,5.4,5.4,72900,5.4,CPSS
Mon Aug 10 2015 00:00:00 GMT+0800 (China Standard Time),5.39,5.89,5.38,5.79,147000,5.79,CPSS
Tue Aug 11 2015 00:00:00 GMT+0800 (China Standard Time),5.72,6.08,5.46,5.87,175100,5.87,CPSS
Wed Aug 12 2015 00:00:00 GMT+0800 (China Standard Time),5.86,5.93,5.5,5.69,105600,5.69,CPSS
Thu Aug 13 2015 00:00:00 GMT+0800 (China Standard Time),5.7,5.74,5.5,5.59,76100,5.59,CPSS
Fri Aug 14 2015 00:00:00 GMT+0800 (China Standard Time),5.56,5.67,5.52,5.61,67400,5.61,CPSS
Mon Aug 17 2015 00:00:00 GMT+0800 (China Standard Time),5.61,5.75,5.58,5.72,44000,5.72,CPSS
Tue Aug 18 2015 00:00:00 GMT+0800 (China Standard Time),5.7,5.85,5.62,5.83,43900,5.83,CPSS
Wed Aug 19 2015 00:00:00 GMT+0800 (China Standard Time),5.78,5.8,5.65,5.65,42500,5.65,CPSS
Thu Aug 20 2015 00:00:00 GMT+0800 (China Standard Time),5.63,5.69,5.53,5.54,54700,5.54,CPSS
Fri Aug 21 2015 00:00:00 GMT+0800 (China Standard Time),5.5,5.73,5.42,5.64,106200,5.64,CPSS
Mon Aug 24 2015 00:00:00 GMT+0800 (China Standard Time),5.23,5.85,5.23,5.57,94500,5.57,CPSS
Tue Aug 25 2015 00:00:00 GMT+0800 (China Standard Time),5.74,5.75,5.37,5.38,123200,5.38,CPSS
Wed Aug 26 2015 00:00:00 GMT+0800 (China Standard Time),5.55,5.77,5.45,5.77,66700,5.77,CPSS
Thu Aug 27 2015 00:00:00 GMT+0800 (China Standard Time),5.83,5.83,5.55,5.73,88900,5.73,CPSS
Fri Aug 28 2015 00:00:00 GMT+0800 (China Standard Time),5.62,5.8,5.54,5.6,55300,5.6,CPSS
Mon Aug 31 2015 00:00:00 GMT+0800 (China Standard Time),5.54,5.76,5.54,5.73,32300,5.73,CPSS
Tue Sep 01 2015 00:00:00 GMT+0800 (China Standard Time),5.57,5.73,5.48,5.5,52600,5.5,CPSS
Wed Sep 02 2015 00:00:00 GMT+0800 (China Standard Time),5.59,5.69,5.47,5.64,35700,5.64,CPSS
Thu Sep 03 2015 00:00:00 GMT+0800 (China Standard Time),5.65,5.66,5.56,5.62,11700,5.62,CPSS
Fri Sep 04 2015 00:00:00 GMT+0800 (China Standard Time),5.54,5.55,5.47,5.47,9500,5.47,CPSS
Tue Sep 08 2015 00:00:00 GMT+0800 (China Standard Time),5.55,5.55,5.39,5.47,30500,5.47,CPSS
Wed Sep 09 2015 00:00:00 GMT+0800 (China Standard Time),5.48,5.56,5.4,5.45,64500,5.45,CPSS
Thu Sep 10 2015 00:00:00 GMT+0800 (China Standard Time),5.42,5.5,5.36,5.39,44600,5.39,CPSS
Fri Sep 11 2015 00:00:00 GMT+0800 (China Standard Time),5.37,5.45,5.31,5.43,29400,5.43,CPSS
Mon Sep 14 2015 00:00:00 GMT+0800 (China Standard Time),5.39,5.42,5.25,5.28,80000,5.28,CPSS
Tue Sep 15 2015 00:00:00 GMT+0800 (China Standard Time),5.3,5.45,5.2,5.35,39500,5.35,CPSS
Wed Sep 16 2015 00:00:00 GMT+0800 (China Standard Time),5.35,5.57,5.28,5.5,51000,5.5,CPSS
Thu Sep 17 2015 00:00:00 GMT+0800 (China Standard Time),5.51,5.65,5.51,5.59,40600,5.59,CPSS
Fri Sep 18 2015 00:00:00 GMT+0800 (China Standard Time),5.5,5.57,5.44,5.56,56700,5.56,CPSS
Mon Sep 21 2015 00:00:00 GMT+0800 (China Standard Time),5.55,5.65,5.5,5.63,30500,5.63,CPSS
Tue Sep 22 2015 00:00:00 GMT+0800 (China Standard Time),5.55,5.65,5.53,5.56,12800,5.56,CPSS
Wed Sep 23 2015 00:00:00 GMT+0800 (China Standard Time),5.55,5.6,5.33,5.36,63400,5.36,CPSS
Thu Sep 24 2015 00:00:00 GMT+0800 (China Standard Time),5.31,5.55,5.25,5.43,66400,5.43,CPSS
Fri Sep 25 2015 00:00:00 GMT+0800 (China Standard Time),5.5,5.55,5.31,5.34,43000,5.34,CPSS
Mon Sep 28 2015 00:00:00 GMT+0800 (China Standard Time),5.28,5.35,5.15,5.16,68500,5.16,CPSS
Tue Sep 29 2015 00:00:00 GMT+0800 (China Standard Time),5.16,5.26,4.96,4.96,97300,4.96,CPSS
Wed Sep 30 2015 00:00:00 GMT+0800 (China Standard Time),5.05,5.14,4.87,4.98,85400,4.98,CPSS
Thu Oct 01 2015 00:00:00 GMT+0800 (China Standard Time),4.96,5.12,4.89,4.99,85700,4.99,CPSS
Fri Oct 02 2015 00:00:00 GMT+0800 (China Standard Time),4.92,5.7,4.91,5.05,262900,5.05,CPSS
Mon Oct 05 2015 00:00:00 GMT+0800 (China Standard Time),5.19,5.45,5.14,5.36,100500,5.36,CPSS
Tue Oct 06 2015 00:00:00 GMT+0800 (China Standard Time),5.31,5.55,5.3,5.42,116700,5.42,CPSS
Wed Oct 07 2015 00:00:00 GMT+0800 (China Standard Time),5.46,5.46,5.22,5.25,57400,5.25,CPSS
Thu Oct 08 2015 00:00:00 GMT+0800 (China Standard Time),5.22,5.53,5.18,5.51,44000,5.51,CPSS
Fri Oct 09 2015 00:00:00 GMT+0800 (China Standard Time),5.36,5.54,5.28,5.28,109200,5.28,CPSS
Mon Oct 12 2015 00:00:00 GMT+0800 (China Standard Time),5.41,5.54,5.34,5.53,43900,5.53,CPSS
Tue Oct 13 2015 00:00:00 GMT+0800 (China Standard Time),5.49,5.64,5.36,5.45,47700,5.45,CPSS
Wed Oct 14 2015 00:00:00 GMT+0800 (China Standard Time),5.48,5.76,5.45,5.64,73000,5.64,CPSS
Thu Oct 15 2015 00:00:00 GMT+0800 (China Standard Time),5.75,5.81,5.46,5.56,104600,5.56,CPSS
Fri Oct 16 2015 00:00:00 GMT+0800 (China Standard Time),5.54,5.54,4.95,5.07,166600,5.07,CPSS
Mon Oct 19 2015 00:00:00 GMT+0800 (China Standard Time),5.09,5.14,4.75,4.88,279900,4.88,CPSS
Tue Oct 20 2015 00:00:00 GMT+0800 (China Standard Time),4.79,5.19,4.68,4.92,259700,4.92,CPSS
Wed Oct 21 2015 00:00:00 GMT+0800 (China Standard Time),4.99,5.07,4.75,4.87,98000,4.87,CPSS
Thu Oct 22 2015 00:00:00 GMT+0800 (China Standard Time),4.93,5.18,4.93,5.11,140900,5.11,CPSS
Fri Oct 23 2015 00:00:00 GMT+0800 (China Standard Time),5.13,5.16,5.02,5.13,50500,5.13,CPSS
Mon Oct 26 2015 00:00:00 GMT+0800 (China Standard Time),5.14,5.19,5.1,5.14,66800,5.14,CPSS
Tue Oct 27 2015 00:00:00 GMT+0800 (China Standard Time),5.11,5.23,5.02,5.15,277700,5.15,CPSS
Wed Oct 28 2015 00:00:00 GMT+0800 (China Standard Time),5.18,5.35,5.18,5.21,187800,5.21,CPSS
Thu Oct 29 2015 00:00:00 GMT+0800 (China Standard Time),5.29,5.4,5.23,5.36,125600,5.36,CPSS
Fri Oct 30 2015 00:00:00 GMT+0800 (China Standard Time),5.3,5.57,5.24,5.42,216500,5.42,CPSS
Mon Nov 02 2015 00:00:00 GMT+0800 (China Standard Time),5.47,5.56,5.06,5.1,143100,5.1,CPSS
Tue Nov 03 2015 00:00:00 GMT+0800 (China Standard Time),5.06,5.52,5.06,5.33,134900,5.33,CPSS
Wed Nov 04 2015 00:00:00 GMT+0800 (China Standard Time),5.37,5.52,5.35,5.41,112100,5.41,CPSS
Thu Nov 05 2015 00:00:00 GMT+0800 (China Standard Time),5.37,5.48,5.27,5.29,101400,5.29,CPSS
Fri Nov 06 2015 00:00:00 GMT+0800 (China Standard Time),5.25,5.4,5.16,5.32,224800,5.32,CPSS
Mon Nov 09 2015 00:00:00 GMT+0800 (China Standard Time),5.26,5.36,5.07,5.1,146200,5.1,CPSS
Tue Nov 10 2015 00:00:00 GMT+0800 (China Standard Time),5.11,5.22,4.85,5.16,191800,5.16,CPSS
Wed Nov 11 2015 00:00:00 GMT+0800 (China Standard Time),5.2,5.28,5.08,5.1,91800,5.1,CPSS
Thu Nov 12 2015 00:00:00 GMT+0800 (China Standard Time),5.03,5.13,4.86,4.96,76600,4.96,CPSS
Fri Nov 13 2015 00:00:00 GMT+0800 (China Standard Time),4.91,5.1,4.49,5.08,1840000,5.08,CPSS
Mon Nov 16 2015 00:00:00 GMT+0800 (China Standard Time),5.16,5.27,4.7,5.01,100000,5.01,CPSS
Tue Nov 17 2015 00:00:00 GMT+0800 (China Standard Time),5.04,5.13,4.91,4.98,63100,4.98,CPSS
Wed Nov 18 2015 00:00:00 GMT+0800 (China Standard Time),5.03,5.18,5,5.02,85200,5.02,CPSS
Thu Nov 19 2015 00:00:00 GMT+0800 (China Standard Time),5.01,5.07,4.96,4.96,93700,4.96,CPSS
Fri Nov 20 2015 00:00:00 GMT+0800 (China Standard Time),4.96,4.96,4.86,4.88,57100,4.88,CPSS
Mon Nov 23 2015 00:00:00 GMT+0800 (China Standard Time),4.81,4.88,4.75,4.81,163000,4.81,CPSS
Tue Nov 24 2015 00:00:00 GMT+0800 (China Standard Time),4.79,4.81,4.67,4.79,137300,4.79,CPSS
Wed Nov 25 2015 00:00:00 GMT+0800 (China Standard Time),4.75,4.84,4.72,4.77,226700,4.77,CPSS
Fri Nov 27 2015 00:00:00 GMT+0800 (China Standard Time),4.78,4.78,4.68,4.71,45200,4.71,CPSS
Mon Nov 30 2015 00:00:00 GMT+0800 (China Standard Time),4.78,4.78,4.65,4.68,226700,4.68,CPSS
Tue Dec 01 2015 00:00:00 GMT+0800 (China Standard Time),4.67,4.71,4.52,4.63,158400,4.63,CPSS
Wed Dec 02 2015 00:00:00 GMT+0800 (China Standard Time),4.67,4.95,4.67,4.94,110000,4.94,CPSS
Thu Dec 03 2015 00:00:00 GMT+0800 (China Standard Time),4.94,5.2,4.88,5.09,155700,5.09,CPSS
Fri Dec 04 2015 00:00:00 GMT+0800 (China Standard Time),5.19,5.38,5.04,5.18,219400,5.18,CPSS
Mon Dec 07 2015 00:00:00 GMT+0800 (China Standard Time),5.28,5.29,5.1,5.19,176700,5.19,CPSS
Tue Dec 08 2015 00:00:00 GMT+0800 (China Standard Time),5.17,5.21,5,5.01,68500,5.01,CPSS
Wed Dec 09 2015 00:00:00 GMT+0800 (China Standard Time),4.96,5.11,4.96,5.03,91500,5.03,CPSS
Thu Dec 10 2015 00:00:00 GMT+0800 (China Standard Time),5.03,5.07,4.85,4.91,127200,4.91,CPSS
Fri Dec 11 2015 00:00:00 GMT+0800 (China Standard Time),4.88,4.93,4.82,4.88,105100,4.88,CPSS
Mon Dec 14 2015 00:00:00 GMT+0800 (China Standard Time),4.81,4.92,4.68,4.81,217700,4.81,CPSS
Tue Dec 15 2015 00:00:00 GMT+0800 (China Standard Time),4.85,5.1,4.85,5.09,107600,5.09,CPSS
Wed Dec 16 2015 00:00:00 GMT+0800 (China Standard Time),5.1,5.1,4.97,5.07,66200,5.07,CPSS
Thu Dec 17 2015 00:00:00 GMT+0800 (China Standard Time),5.07,5.14,4.96,5.12,60300,5.12,CPSS
Fri Dec 18 2015 00:00:00 GMT+0800 (China Standard Time),5.14,5.2,5.07,5.2,141200,5.2,CPSS
Mon Dec 21 2015 00:00:00 GMT+0800 (China Standard Time),5.21,5.25,5.15,5.21,74900,5.21,CPSS
Tue Dec 22 2015 00:00:00 GMT+0800 (China Standard Time),5.15,5.28,5.07,5.22,53600,5.22,CPSS
Wed Dec 23 2015 00:00:00 GMT+0800 (China Standard Time),5.25,5.35,5.19,5.27,81100,5.27,CPSS
Thu Dec 24 2015 00:00:00 GMT+0800 (China Standard Time),5.29,5.37,5.29,5.35,17100,5.35,CPSS
Mon Dec 28 2015 00:00:00 GMT+0800 (China Standard Time),5.3,5.36,5.28,5.28,72900,5.28,CPSS
Tue Dec 29 2015 00:00:00 GMT+0800 (China Standard Time),5.3,5.36,5.19,5.26,73100,5.26,CPSS
Wed Dec 30 2015 00:00:00 GMT+0800 (China Standard Time),5.21,5.27,5.12,5.21,42000,5.21,CPSS
Thu Dec 31 2015 00:00:00 GMT+0800 (China Standard Time),5.15,5.25,5.07,5.19,66800,5.19,CPSS
Mon Jan 04 2016 00:00:00 GMT+0800 (China Standard Time),5.08,5.11,4.82,4.97,87800,4.97,CPSS
Tue Jan 05 2016 00:00:00 GMT+0800 (China Standard Time),4.97,5.01,4.74,4.79,97700,4.79,CPSS
Wed Jan 06 2016 00:00:00 GMT+0800 (China Standard Time),4.75,5.08,4.75,4.99,67300,4.99,CPSS
Thu Jan 07 2016 00:00:00 GMT+0800 (China Standard Time),4.93,4.93,4.8,4.87,81500,4.87,CPSS
Fri Jan 08 2016 00:00:00 GMT+0800 (China Standard Time),4.9,4.92,4.7,4.72,38500,4.72,CPSS
Mon Jan 11 2016 00:00:00 GMT+0800 (China Standard Time),4.74,4.77,4.53,4.61,93900,4.61,CPSS
Tue Jan 12 2016 00:00:00 GMT+0800 (China Standard Time),4.66,4.7,4.26,4.68,171500,4.68,CPSS
Wed Jan 13 2016 00:00:00 GMT+0800 (China Standard Time),4.68,5,4.05,4.41,135200,4.41,CPSS
Thu Jan 14 2016 00:00:00 GMT+0800 (China Standard Time),4.41,4.61,4.07,4.16,134700,4.16,CPSS
Fri Jan 15 2016 00:00:00 GMT+0800 (China Standard Time),4.06,4.06,3.75,3.9,189100,3.9,CPSS
Tue Jan 19 2016 00:00:00 GMT+0800 (China Standard Time),3.92,3.95,3.76,3.83,84400,3.83,CPSS
Wed Jan 20 2016 00:00:00 GMT+0800 (China Standard Time),3.77,4.02,3.64,3.87,115000,3.87,CPSS
Thu Jan 21 2016 00:00:00 GMT+0800 (China Standard Time),4,4.15,3.92,4.04,145300,4.04,CPSS
Fri Jan 22 2016 00:00:00 GMT+0800 (China Standard Time),4.1,4.31,3.9,4.3,109700,4.3,CPSS
Mon Jan 25 2016 00:00:00 GMT+0800 (China Standard Time),4.32,4.48,4.13,4.17,93800,4.17,CPSS
Tue Jan 26 2016 00:00:00 GMT+0800 (China Standard Time),4.21,4.53,4.18,4.45,62900,4.45,CPSS
Wed Jan 27 2016 00:00:00 GMT+0800 (China Standard Time),4.4,4.56,4.21,4.41,96000,4.41,CPSS
Thu Jan 28 2016 00:00:00 GMT+0800 (China Standard Time),4.45,4.45,4.22,4.29,64300,4.29,CPSS
Fri Jan 29 2016 00:00:00 GMT+0800 (China Standard Time),4.29,4.52,4.29,4.44,98600,4.44,CPSS
Mon Feb 01 2016 00:00:00 GMT+0800 (China Standard Time),4.44,4.51,4.31,4.37,58900,4.37,CPSS
Tue Feb 02 2016 00:00:00 GMT+0800 (China Standard Time),4.35,4.37,4.12,4.13,108100,4.13,CPSS
Wed Feb 03 2016 00:00:00 GMT+0800 (China Standard Time),4.18,4.32,4.01,4.27,51200,4.27,CPSS
Thu Feb 04 2016 00:00:00 GMT+0800 (China Standard Time),4.26,4.49,4.14,4.41,38000,4.41,CPSS
Fri Feb 05 2016 00:00:00 GMT+0800 (China Standard Time),4.42,4.59,4.37,4.43,36600,4.43,CPSS
Mon Feb 08 2016 00:00:00 GMT+0800 (China Standard Time),4.4,4.42,4.18,4.37,52200,4.37,CPSS
Tue Feb 09 2016 00:00:00 GMT+0800 (China Standard Time),4.24,4.3,3.93,4.03,109900,4.03,CPSS
Wed Feb 10 2016 00:00:00 GMT+0800 (China Standard Time),3.83,4.09,3.83,3.97,56300,3.97,CPSS
Thu Feb 11 2016 00:00:00 GMT+0800 (China Standard Time),3.9,4.07,3.9,3.97,35900,3.97,CPSS
Fri Feb 12 2016 00:00:00 GMT+0800 (China Standard Time),3.96,4.05,3.9,3.99,68100,3.99,CPSS
Tue Feb 16 2016 00:00:00 GMT+0800 (China Standard Time),4.01,4.21,4.01,4.14,65800,4.14,CPSS
Wed Feb 17 2016 00:00:00 GMT+0800 (China Standard Time),4.17,4.31,4.16,4.25,45700,4.25,CPSS
Thu Feb 18 2016 00:00:00 GMT+0800 (China Standard Time),4.29,4.42,4.15,4.36,27800,4.36,CPSS
Fri Feb 19 2016 00:00:00 GMT+0800 (China Standard Time),4.37,4.44,4.2,4.31,68000,4.31,CPSS
Mon Feb 22 2016 00:00:00 GMT+0800 (China Standard Time),4.33,4.36,4.26,4.29,33000,4.29,CPSS
Tue Feb 23 2016 00:00:00 GMT+0800 (China Standard Time),4.31,4.32,4.25,4.28,82100,4.28,CPSS
Wed Feb 24 2016 00:00:00 GMT+0800 (China Standard Time),4.31,4.51,3.91,4.37,147000,4.37,CPSS
Thu Feb 25 2016 00:00:00 GMT+0800 (China Standard Time),4.35,4.43,3.98,4.2,121500,4.2,CPSS
Fri Feb 26 2016 00:00:00 GMT+0800 (China Standard Time),4.2,4.33,4.13,4.15,70400,4.15,CPSS
Mon Feb 29 2016 00:00:00 GMT+0800 (China Standard Time),4.12,4.58,4.05,4.39,77300,4.39,CPSS
Tue Mar 01 2016 00:00:00 GMT+0800 (China Standard Time),4.46,4.52,4.34,4.5,26900,4.5,CPSS
Wed Mar 02 2016 00:00:00 GMT+0800 (China Standard Time),4.5,4.77,4.44,4.65,51900,4.65,CPSS
Thu Mar 03 2016 00:00:00 GMT+0800 (China Standard Time),4.68,4.99,4.66,4.71,75100,4.71,CPSS
Fri Mar 04 2016 00:00:00 GMT+0800 (China Standard Time),4.73,4.77,4.55,4.57,35800,4.57,CPSS
Mon Mar 07 2016 00:00:00 GMT+0800 (China Standard Time),4.57,4.65,4.19,4.32,60100,4.32,CPSS
Tue Mar 08 2016 00:00:00 GMT+0800 (China Standard Time),4.33,4.41,4.22,4.34,48000,4.34,CPSS
Wed Mar 09 2016 00:00:00 GMT+0800 (China Standard Time),4.38,4.38,4.27,4.28,66000,4.28,CPSS
Thu Mar 10 2016 00:00:00 GMT+0800 (China Standard Time),4.28,4.34,4.19,4.21,35000,4.21,CPSS
Fri Mar 11 2016 00:00:00 GMT+0800 (China Standard Time),4.25,4.33,4.13,4.14,133900,4.14,CPSS
Mon Mar 14 2016 00:00:00 GMT+0800 (China Standard Time),4.08,4.25,4.03,4.08,83200,4.08,CPSS
Tue Mar 15 2016 00:00:00 GMT+0800 (China Standard Time),4.05,4.21,3.91,3.92,109400,3.92,CPSS
Wed Mar 16 2016 00:00:00 GMT+0800 (China Standard Time),3.86,4.02,3.73,3.81,148200,3.81,CPSS
Thu Mar 17 2016 00:00:00 GMT+0800 (China Standard Time),3.81,3.94,3.72,3.76,104100,3.76,CPSS
Fri Mar 18 2016 00:00:00 GMT+0800 (China Standard Time),3.78,4.33,3.78,4.25,179900,4.25,CPSS
Mon Mar 21 2016 00:00:00 GMT+0800 (China Standard Time),4.23,4.25,4.07,4.07,70200,4.07,CPSS
Tue Mar 22 2016 00:00:00 GMT+0800 (China Standard Time),4.05,4.17,3.93,3.98,81600,3.98,CPSS
Wed Mar 23 2016 00:00:00 GMT+0800 (China Standard Time),3.95,4.19,3.95,4.07,56000,4.07,CPSS
Thu Mar 24 2016 00:00:00 GMT+0800 (China Standard Time),4.04,4.25,3.9,4.18,53200,4.18,CPSS
Mon Mar 28 2016 00:00:00 GMT+0800 (China Standard Time),4.17,4.33,4.14,4.2,60800,4.2,CPSS
Tue Mar 29 2016 00:00:00 GMT+0800 (China Standard Time),4.17,4.35,4.07,4.29,58900,4.29,CPSS
Wed Mar 30 2016 00:00:00 GMT+0800 (China Standard Time),4.3,4.36,4.2,4.26,71000,4.26,CPSS
Thu Mar 31 2016 00:00:00 GMT+0800 (China Standard Time),4.21,4.31,4.12,4.23,43400,4.23,CPSS
Fri Apr 01 2016 00:00:00 GMT+0800 (China Standard Time),4.2,4.3,4.15,4.19,28900,4.19,CPSS
Mon Apr 04 2016 00:00:00 GMT+0800 (China Standard Time),4.18,4.32,4.09,4.24,37300,4.24,CPSS
Tue Apr 05 2016 00:00:00 GMT+0800 (China Standard Time),4.19,4.28,4.17,4.25,36300,4.25,CPSS
Wed Apr 06 2016 00:00:00 GMT+0800 (China Standard Time),4.25,4.35,4.13,4.17,71800,4.17,CPSS
Thu Apr 07 2016 00:00:00 GMT+0800 (China Standard Time),4.14,4.31,4.08,4.25,55300,4.25,CPSS
Fri Apr 08 2016 00:00:00 GMT+0800 (China Standard Time),4.26,4.32,4.16,4.23,64400,4.23,CPSS
Mon Apr 11 2016 00:00:00 GMT+0800 (China Standard Time),4.21,4.3,4.21,4.26,57400,4.26,CPSS
Tue Apr 12 2016 00:00:00 GMT+0800 (China Standard Time),4.31,4.5,4.31,4.34,113100,4.34,CPSS
Wed Apr 13 2016 00:00:00 GMT+0800 (China Standard Time),4.41,4.44,4.35,4.4,36400,4.4,CPSS
Thu Apr 14 2016 00:00:00 GMT+0800 (China Standard Time),4.43,4.46,4.31,4.33,31500,4.33,CPSS
Fri Apr 15 2016 00:00:00 GMT+0800 (China Standard Time),4.38,4.45,4.33,4.35,30000,4.35,CPSS
Mon Apr 18 2016 00:00:00 GMT+0800 (China Standard Time),4.34,4.47,4.34,4.42,37100,4.42,CPSS
Tue Apr 19 2016 00:00:00 GMT+0800 (China Standard Time),4.45,4.45,4.35,4.38,17800,4.38,CPSS
Wed Apr 20 2016 00:00:00 GMT+0800 (China Standard Time),4.36,4.43,4.34,4.35,41900,4.35,CPSS
Thu Apr 21 2016 00:00:00 GMT+0800 (China Standard Time),4.37,4.39,4.25,4.26,47400,4.26,CPSS
Fri Apr 22 2016 00:00:00 GMT+0800 (China Standard Time),4.28,4.46,4.28,4.4,50700,4.4,CPSS
Mon Apr 25 2016 00:00:00 GMT+0800 (China Standard Time),4.4,4.47,4.36,4.44,87100,4.44,CPSS
Tue Apr 26 2016 00:00:00 GMT+0800 (China Standard Time),4.5,4.5,4.19,4.2,102800,4.2,CPSS
Wed Apr 27 2016 00:00:00 GMT+0800 (China Standard Time),4.18,4.36,4,4.12,70800,4.12,CPSS
Thu Apr 28 2016 00:00:00 GMT+0800 (China Standard Time),4.09,4.22,3.97,3.97,73400,3.97,CPSS
Fri Apr 29 2016 00:00:00 GMT+0800 (China Standard Time),3.95,4.05,3.95,3.95,56000,3.95,CPSS
Mon May 02 2016 00:00:00 GMT+0800 (China Standard Time),3.94,4.08,3.82,3.82,94900,3.82,CPSS
Tue May 03 2016 00:00:00 GMT+0800 (China Standard Time),3.82,4.02,3.73,3.77,110100,3.77,CPSS
Wed May 04 2016 00:00:00 GMT+0800 (China Standard Time),3.75,4.02,3.64,3.68,125900,3.68,CPSS
Thu May 05 2016 00:00:00 GMT+0800 (China Standard Time),3.7,3.92,3.68,3.74,68700,3.74,CPSS
Fri May 06 2016 00:00:00 GMT+0800 (China Standard Time),3.7,3.97,3.7,3.78,55000,3.78,CPSS
Mon May 09 2016 00:00:00 GMT+0800 (China Standard Time),3.82,3.86,3.69,3.72,86800,3.72,CPSS
Tue May 10 2016 00:00:00 GMT+0800 (China Standard Time),3.72,3.88,3.69,3.78,32300,3.78,CPSS
Wed May 11 2016 00:00:00 GMT+0800 (China Standard Time),3.79,3.79,3.64,3.67,51900,3.67,CPSS
Thu May 12 2016 00:00:00 GMT+0800 (China Standard Time),3.68,3.75,3.43,3.48,106300,3.48,CPSS
Fri May 13 2016 00:00:00 GMT+0800 (China Standard Time),3.49,3.5,3.36,3.46,93500,3.46,CPSS
Mon May 16 2016 00:00:00 GMT+0800 (China Standard Time),3.47,3.5,3.43,3.48,62300,3.48,CPSS
Tue May 17 2016 00:00:00 GMT+0800 (China Standard Time),3.45,3.73,3.45,3.63,121700,3.63,CPSS
Wed May 18 2016 00:00:00 GMT+0800 (China Standard Time),3.63,3.8,3.61,3.8,42700,3.8,CPSS
Thu May 19 2016 00:00:00 GMT+0800 (China Standard Time),3.78,3.96,3.66,3.7,44100,3.7,CPSS
Fri May 20 2016 00:00:00 GMT+0800 (China Standard Time),3.69,3.86,3.58,3.79,44100,3.79,CPSS
Mon May 23 2016 00:00:00 GMT+0800 (China Standard Time),3.77,4,3.72,3.83,55400,3.83,CPSS
Tue May 24 2016 00:00:00 GMT+0800 (China Standard Time),3.72,4,3.67,3.95,78100,3.95,CPSS
Wed May 25 2016 00:00:00 GMT+0800 (China Standard Time),3.94,4.18,3.81,3.87,73000,3.87,CPSS
Thu May 26 2016 00:00:00 GMT+0800 (China Standard Time),3.9,4.12,3.87,3.97,47400,3.97,CPSS
Fri May 27 2016 00:00:00 GMT+0800 (China Standard Time),3.96,4.27,3.88,3.92,76200,3.92,CPSS
Tue May 31 2016 00:00:00 GMT+0800 (China Standard Time),3.93,4.1,3.82,3.91,67400,3.91,CPSS
Wed Jun 01 2016 00:00:00 GMT+0800 (China Standard Time),3.98,4.14,3.87,3.99,52200,3.99,CPSS
Thu Jun 02 2016 00:00:00 GMT+0800 (China Standard Time),3.96,4.12,3.9,3.97,69400,3.97,CPSS
Fri Jun 03 2016 00:00:00 GMT+0800 (China Standard Time),4,4,3.9,3.93,64700,3.93,CPSS
Mon Jun 06 2016 00:00:00 GMT+0800 (China Standard Time),3.96,4.11,3.94,4.04,63200,4.04,CPSS
Tue Jun 07 2016 00:00:00 GMT+0800 (China Standard Time),4.06,4.18,3.97,4.01,75200,4.01,CPSS
Wed Jun 08 2016 00:00:00 GMT+0800 (China Standard Time),4,4.09,3.98,4,21300,4,CPSS
Thu Jun 09 2016 00:00:00 GMT+0800 (China Standard Time),3.94,4.04,3.9,3.97,28300,3.97,CPSS
Fri Jun 10 2016 00:00:00 GMT+0800 (China Standard Time),3.97,4.09,3.94,3.95,26300,3.95,CPSS
Mon Jun 13 2016 00:00:00 GMT+0800 (China Standard Time),3.93,4.03,3.89,3.91,65800,3.91,CPSS
Tue Jun 14 2016 00:00:00 GMT+0800 (China Standard Time),3.88,3.96,3.65,3.67,79700,3.67,CPSS
Wed Jun 15 2016 00:00:00 GMT+0800 (China Standard Time),3.69,3.82,3.65,3.65,41100,3.65,CPSS
Thu Jun 16 2016 00:00:00 GMT+0800 (China Standard Time),3.65,3.71,3.56,3.6,44900,3.6,CPSS
Fri Jun 17 2016 00:00:00 GMT+0800 (China Standard Time),3.57,3.7,3.57,3.6,80400,3.6,CPSS
Mon Jun 20 2016 00:00:00 GMT+0800 (China Standard Time),3.66,3.82,3.66,3.75,50300,3.75,CPSS
Tue Jun 21 2016 00:00:00 GMT+0800 (China Standard Time),3.77,3.78,3.6,3.63,44000,3.63,CPSS
Wed Jun 22 2016 00:00:00 GMT+0800 (China Standard Time),3.68,3.69,3.61,3.64,58700,3.64,CPSS
Thu Jun 23 2016 00:00:00 GMT+0800 (China Standard Time),3.66,3.74,3.6,3.67,50100,3.67,CPSS
Fri Jun 24 2016 00:00:00 GMT+0800 (China Standard Time),3.6,3.73,3.48,3.48,79100,3.48,CPSS
Mon Jun 27 2016 00:00:00 GMT+0800 (China Standard Time),3.49,3.54,3.31,3.33,59000,3.33,CPSS
Tue Jun 28 2016 00:00:00 GMT+0800 (China Standard Time),3.4,3.65,3.4,3.58,64700,3.58,CPSS
Wed Jun 29 2016 00:00:00 GMT+0800 (China Standard Time),3.6,3.83,3.6,3.76,46900,3.76,CPSS
Thu Jun 30 2016 00:00:00 GMT+0800 (China Standard Time),3.79,3.89,3.71,3.77,36000,3.77,CPSS
Fri Jul 01 2016 00:00:00 GMT+0800 (China Standard Time),3.81,3.87,3.66,3.8,59300,3.8,CPSS
Tue Jul 05 2016 00:00:00 GMT+0800 (China Standard Time),3.82,3.87,3.54,3.83,76500,3.83,CPSS
Wed Jul 06 2016 00:00:00 GMT+0800 (China Standard Time),3.79,3.9,3.74,3.77,55500,3.77,CPSS
Thu Jul 07 2016 00:00:00 GMT+0800 (China Standard Time),3.79,3.86,3.75,3.8,27700,3.8,CPSS
Fri Jul 08 2016 00:00:00 GMT+0800 (China Standard Time),3.82,3.94,3.82,3.9,40100,3.9,CPSS
Mon Jul 11 2016 00:00:00 GMT+0800 (China Standard Time),3.95,3.98,3.91,3.92,39000,3.92,CPSS
Tue Jul 12 2016 00:00:00 GMT+0800 (China Standard Time),3.91,4,3.91,3.96,49600,3.96,CPSS
Wed Jul 13 2016 00:00:00 GMT+0800 (China Standard Time),3.96,4.09,3.95,4.07,100600,4.07,CPSS
Thu Jul 14 2016 00:00:00 GMT+0800 (China Standard Time),4.08,4.09,3.98,4.07,45400,4.07,CPSS
Fri Jul 15 2016 00:00:00 GMT+0800 (China Standard Time),4.09,4.09,3.92,3.96,68200,3.96,CPSS
Mon Jul 18 2016 00:00:00 GMT+0800 (China Standard Time),3.96,4,3.59,3.88,179700,3.88,CPSS
Tue Jul 19 2016 00:00:00 GMT+0800 (China Standard Time),3.86,3.93,3.76,3.88,79200,3.88,CPSS
Wed Jul 20 2016 00:00:00 GMT+0800 (China Standard Time),3.9,3.94,3.85,3.89,51800,3.89,CPSS
Thu Jul 21 2016 00:00:00 GMT+0800 (China Standard Time),3.88,4,3.85,3.91,39000,3.91,CPSS
Fri Jul 22 2016 00:00:00 GMT+0800 (China Standard Time),3.89,3.97,3.87,3.9,35400,3.9,CPSS
Mon Jul 25 2016 00:00:00 GMT+0800 (China Standard Time),3.91,4,3.84,3.98,80200,3.98,CPSS
Tue Jul 26 2016 00:00:00 GMT+0800 (China Standard Time),3.95,4.04,3.67,3.84,120500,3.84,CPSS
Wed Jul 27 2016 00:00:00 GMT+0800 (China Standard Time),3.84,3.96,3.75,3.85,57400,3.85,CPSS
Thu Jul 28 2016 00:00:00 GMT+0800 (China Standard Time),3.88,4.45,3.83,4.13,459500,4.13,CPSS
Fri Jul 29 2016 00:00:00 GMT+0800 (China Standard Time),4.15,4.45,4.07,4.24,121600,4.24,CPSS
Mon Aug 01 2016 00:00:00 GMT+0800 (China Standard Time),4.25,4.65,4.15,4.58,201700,4.58,CPSS
Tue Aug 02 2016 00:00:00 GMT+0800 (China Standard Time),4.6,4.61,4.37,4.37,49900,4.37,CPSS
Wed Aug 03 2016 00:00:00 GMT+0800 (China Standard Time),4.41,4.5,4.08,4.15,40000,4.15,CPSS
Thu Aug 04 2016 00:00:00 GMT+0800 (China Standard Time),4.13,4.29,4.01,4.01,57700,4.01,CPSS
Fri Aug 05 2016 00:00:00 GMT+0800 (China Standard Time),4.07,4.25,4.03,4.18,55300,4.18,CPSS
Mon Aug 08 2016 00:00:00 GMT+0800 (China Standard Time),4.21,4.25,4.1,4.23,14500,4.23,CPSS
Tue Aug 09 2016 00:00:00 GMT+0800 (China Standard Time),4.2,4.24,4.03,4.05,51300,4.05,CPSS
Wed Aug 10 2016 00:00:00 GMT+0800 (China Standard Time),4.1,4.12,4.01,4.05,87400,4.05,CPSS
Thu Aug 11 2016 00:00:00 GMT+0800 (China Standard Time),4.05,4.16,4.05,4.15,15500,4.15,CPSS
Fri Aug 12 2016 00:00:00 GMT+0800 (China Standard Time),4.14,4.2,4.05,4.1,7600,4.1,CPSS
Mon Aug 15 2016 00:00:00 GMT+0800 (China Standard Time),4.12,4.15,4.07,4.15,30800,4.15,CPSS
Tue Aug 16 2016 00:00:00 GMT+0800 (China Standard Time),4.1,4.21,4.01,4.05,24600,4.05,CPSS
Wed Aug 17 2016 00:00:00 GMT+0800 (China Standard Time),4.02,4.07,3.91,3.99,44900,3.99,CPSS
Thu Aug 18 2016 00:00:00 GMT+0800 (China Standard Time),3.95,4.1,3.95,4.08,17700,4.08,CPSS
Fri Aug 19 2016 00:00:00 GMT+0800 (China Standard Time),4.07,4.12,4,4,17100,4,CPSS
Mon Aug 22 2016 00:00:00 GMT+0800 (China Standard Time),4,4.02,3.96,4.02,16100,4.02,CPSS
Tue Aug 23 2016 00:00:00 GMT+0800 (China Standard Time),3.99,4.15,3.99,4.15,8900,4.15,CPSS
Wed Aug 24 2016 00:00:00 GMT+0800 (China Standard Time),4.18,4.18,3.93,3.97,46900,3.97,CPSS
Thu Aug 25 2016 00:00:00 GMT+0800 (China Standard Time),3.95,4.03,3.92,4.01,9500,4.01,CPSS
Fri Aug 26 2016 00:00:00 GMT+0800 (China Standard Time),4.02,4.06,4,4.03,20300,4.03,CPSS
Mon Aug 29 2016 00:00:00 GMT+0800 (China Standard Time),4.03,4.15,4,4.07,32800,4.07,CPSS
Tue Aug 30 2016 00:00:00 GMT+0800 (China Standard Time),4.1,4.15,3.83,3.85,55900,3.85,CPSS
Wed Aug 31 2016 00:00:00 GMT+0800 (China Standard Time),3.99,4.07,3.83,3.84,97300,3.84,CPSS
Thu Sep 01 2016 00:00:00 GMT+0800 (China Standard Time),3.84,3.9,3.75,3.86,48000,3.86,CPSS
Fri Sep 02 2016 00:00:00 GMT+0800 (China Standard Time),3.84,3.95,3.8,3.85,41800,3.85,CPSS
Tue Sep 06 2016 00:00:00 GMT+0800 (China Standard Time),3.84,3.91,3.84,3.89,19700,3.89,CPSS
Wed Sep 07 2016 00:00:00 GMT+0800 (China Standard Time),3.86,3.9,3.75,3.77,47200,3.77,CPSS
Thu Sep 08 2016 00:00:00 GMT+0800 (China Standard Time),3.78,3.88,3.72,3.83,26700,3.83,CPSS
Fri Sep 09 2016 00:00:00 GMT+0800 (China Standard Time),3.8,3.94,3.76,3.89,86900,3.89,CPSS
Mon Sep 12 2016 00:00:00 GMT+0800 (China Standard Time),3.89,4.22,3.86,4.15,115100,4.15,CPSS
Tue Sep 13 2016 00:00:00 GMT+0800 (China Standard Time),4.12,4.25,4.04,4.11,53500,4.11,CPSS
Wed Sep 14 2016 00:00:00 GMT+0800 (China Standard Time),4.05,4.31,4,4.2,50900,4.2,CPSS
Thu Sep 15 2016 00:00:00 GMT+0800 (China Standard Time),4.2,4.28,4.11,4.24,19500,4.24,CPSS
Fri Sep 16 2016 00:00:00 GMT+0800 (China Standard Time),4.17,4.24,3.96,4.05,114100,4.05,CPSS
Mon Sep 19 2016 00:00:00 GMT+0800 (China Standard Time),4.04,4.2,3.98,4.12,44400,4.12,CPSS
Tue Sep 20 2016 00:00:00 GMT+0800 (China Standard Time),4.1,4.23,4.1,4.15,29700,4.15,CPSS
Wed Sep 21 2016 00:00:00 GMT+0800 (China Standard Time),4.13,4.26,4.13,4.16,15900,4.16,CPSS
Thu Sep 22 2016 00:00:00 GMT+0800 (China Standard Time),4.23,4.29,4.12,4.23,17800,4.23,CPSS
Fri Sep 23 2016 00:00:00 GMT+0800 (China Standard Time),4.18,4.32,4.18,4.29,22400,4.29,CPSS
Mon Sep 26 2016 00:00:00 GMT+0800 (China Standard Time),4.29,4.45,4.25,4.25,50100,4.25,CPSS
Tue Sep 27 2016 00:00:00 GMT+0800 (China Standard Time),4.32,4.38,4.24,4.37,46100,4.37,CPSS
Wed Sep 28 2016 00:00:00 GMT+0800 (China Standard Time),4.4,4.57,4.36,4.51,38300,4.51,CPSS
Thu Sep 29 2016 00:00:00 GMT+0800 (China Standard Time),4.5,4.55,4.45,4.47,24300,4.47,CPSS
Fri Sep 30 2016 00:00:00 GMT+0800 (China Standard Time),4.47,4.62,4.39,4.59,31300,4.59,CPSS
Mon Oct 03 2016 00:00:00 GMT+0800 (China Standard Time),4.53,4.55,4.45,4.49,25000,4.49,CPSS
Tue Oct 04 2016 00:00:00 GMT+0800 (China Standard Time),4.51,4.57,4.29,4.4,41700,4.4,CPSS
Wed Oct 05 2016 00:00:00 GMT+0800 (China Standard Time),4.55,4.55,4.4,4.43,46100,4.43,CPSS
Thu Oct 06 2016 00:00:00 GMT+0800 (China Standard Time),4.4,4.59,4.4,4.48,32900,4.48,CPSS
Fri Oct 07 2016 00:00:00 GMT+0800 (China Standard Time),4.49,4.57,4.4,4.48,26100,4.48,CPSS
Mon Oct 10 2016 00:00:00 GMT+0800 (China Standard Time),4.55,4.55,4.35,4.41,27200,4.41,CPSS
Tue Oct 11 2016 00:00:00 GMT+0800 (China Standard Time),4.37,4.39,4.22,4.32,50000,4.32,CPSS
Wed Oct 12 2016 00:00:00 GMT+0800 (China Standard Time),4.4,4.61,4.18,4.56,40000,4.56,CPSS
Thu Oct 13 2016 00:00:00 GMT+0800 (China Standard Time),4.62,4.79,4.46,4.49,178500,4.49,CPSS
Fri Oct 14 2016 00:00:00 GMT+0800 (China Standard Time),4.51,4.72,4.49,4.71,44500,4.71,CPSS
Mon Oct 17 2016 00:00:00 GMT+0800 (China Standard Time),4.66,4.81,4.66,4.79,55900,4.79,CPSS
Tue Oct 18 2016 00:00:00 GMT+0800 (China Standard Time),4.14,4.45,4.14,4.25,152500,4.25,CPSS
Wed Oct 19 2016 00:00:00 GMT+0800 (China Standard Time),4.19,4.42,4.19,4.31,49900,4.31,CPSS
Thu Oct 20 2016 00:00:00 GMT+0800 (China Standard Time),4.25,4.45,4.25,4.38,29900,4.38,CPSS
Fri Oct 21 2016 00:00:00 GMT+0800 (China Standard Time),4.46,4.56,4.34,4.38,32100,4.38,CPSS
Mon Oct 24 2016 00:00:00 GMT+0800 (China Standard Time),4.35,4.59,4.33,4.36,29100,4.36,CPSS
Tue Oct 25 2016 00:00:00 GMT+0800 (China Standard Time),4.37,4.59,4.3,4.53,83200,4.53,CPSS
Wed Oct 26 2016 00:00:00 GMT+0800 (China Standard Time),4.49,4.67,4.47,4.49,27100,4.49,CPSS
Thu Oct 27 2016 00:00:00 GMT+0800 (China Standard Time),4.54,4.56,4.44,4.5,60100,4.5,CPSS
Fri Oct 28 2016 00:00:00 GMT+0800 (China Standard Time),4.51,4.61,4.36,4.53,10600,4.53,CPSS
Mon Oct 31 2016 00:00:00 GMT+0800 (China Standard Time),4.56,4.75,4.47,4.48,33300,4.48,CPSS
Tue Nov 01 2016 00:00:00 GMT+0800 (China Standard Time),4.46,4.59,4.1,4.37,80800,4.37,CPSS
Wed Nov 02 2016 00:00:00 GMT+0800 (China Standard Time),4.36,4.49,4.27,4.31,25800,4.31,CPSS
Thu Nov 03 2016 00:00:00 GMT+0800 (China Standard Time),4.3,4.48,4.19,4.2,37800,4.2,CPSS
Fri Nov 04 2016 00:00:00 GMT+0800 (China Standard Time),4.16,4.3,4.05,4.16,31500,4.16,CPSS
Mon Nov 07 2016 00:00:00 GMT+0800 (China Standard Time),4.3,4.45,4.07,4.38,26800,4.38,CPSS
Tue Nov 08 2016 00:00:00 GMT+0800 (China Standard Time),4.31,4.51,4.03,4.07,69800,4.07,CPSS
Wed Nov 09 2016 00:00:00 GMT+0800 (China Standard Time),4,4.44,3.94,4.34,28800,4.34,CPSS
Thu Nov 10 2016 00:00:00 GMT+0800 (China Standard Time),4.42,4.95,4.41,4.73,97100,4.73,CPSS
Fri Nov 11 2016 00:00:00 GMT+0800 (China Standard Time),4.6,4.93,4.6,4.82,48900,4.82,CPSS
