Thu Jan 02 2014 00:00:00 GMT+0800 (China Standard Time),9.15,9.24,8.95,8.98,58900,42.410132,GOGL
Fri Jan 03 2014 00:00:00 GMT+0800 (China Standard Time),9,9.220001,8.98,9.2,43400,43.449135,GOGL
Mon Jan 06 2014 00:00:00 GMT+0800 (China Standard Time),9.25,9.510001,9.18,9.48,95600,44.771498,GOGL
Tue Jan 07 2014 00:00:00 GMT+0800 (China Standard Time),9.53,9.7,9.5,9.61,110300,45.385455,GOGL
Wed Jan 08 2014 00:00:00 GMT+0800 (China Standard Time),9.63,9.75,9.33,9.7,101000,45.810501,GOGL
Thu Jan 09 2014 00:00:00 GMT+0800 (China Standard Time),9.7,9.9,9.43,9.83,84600,46.424458,GOGL
Fri Jan 10 2014 00:00:00 GMT+0800 (China Standard Time),9.79,9.79,9.25,9.310001,79600,43.968639,GOGL
Mon Jan 13 2014 00:00:00 GMT+0800 (China Standard Time),9.25,9.36,8.94,9.05,81900,42.740725,GOGL
Tue Jan 14 2014 00:00:00 GMT+0800 (China Standard Time),9.43,9.44,9.03,9.15,68900,43.212999,GOGL
Wed Jan 15 2014 00:00:00 GMT+0800 (China Standard Time),9.260001,9.66,9.21,9.54,77800,45.054865,GOGL
Thu Jan 16 2014 00:00:00 GMT+0800 (China Standard Time),9.560001,10.46,9.560001,10.04,183600,47.416231,GOGL
Fri Jan 17 2014 00:00:00 GMT+0800 (China Standard Time),10.08,10.36,9.91,10.21,68400,48.219094,GOGL
Tue Jan 21 2014 00:00:00 GMT+0800 (China Standard Time),10.29,10.5,10.010001,10.49,93300,49.541457,GOGL
Wed Jan 22 2014 00:00:00 GMT+0800 (China Standard Time),10.470001,10.470001,9.98,10.100001,80100,47.699598,GOGL
Thu Jan 23 2014 00:00:00 GMT+0800 (China Standard Time),10.010001,10.100001,9.770001,10.05,105200,47.463457,GOGL
Fri Jan 24 2014 00:00:00 GMT+0800 (China Standard Time),9.95,9.95,9.3,9.36,98400,44.204772,GOGL
Mon Jan 27 2014 00:00:00 GMT+0800 (China Standard Time),9.34,9.68,9.23,9.42,72800,44.488135,GOGL
Tue Jan 28 2014 00:00:00 GMT+0800 (China Standard Time),9.46,9.93,9.33,9.84,96800,46.471684,GOGL
Wed Jan 29 2014 00:00:00 GMT+0800 (China Standard Time),9.78,9.83,9.46,9.54,53700,45.054865,GOGL
Thu Jan 30 2014 00:00:00 GMT+0800 (China Standard Time),9.62,9.810001,9.5,9.5,53600,44.865955,GOGL
Fri Jan 31 2014 00:00:00 GMT+0800 (China Standard Time),9.310001,9.61,9.21,9.42,50100,44.488135,GOGL
Mon Feb 03 2014 00:00:00 GMT+0800 (China Standard Time),9.43,9.65,8.98,9,96400,42.504589,GOGL
Tue Feb 04 2014 00:00:00 GMT+0800 (China Standard Time),8.98,9.470001,8.510001,9.260001,163900,43.732502,GOGL
Wed Feb 05 2014 00:00:00 GMT+0800 (China Standard Time),9.270001,9.95,8.93,9.94,111900,46.943954,GOGL
Thu Feb 06 2014 00:00:00 GMT+0800 (China Standard Time),9.92,10.29,9.73,10.020001,110400,47.321778,GOGL
Fri Feb 07 2014 00:00:00 GMT+0800 (China Standard Time),10.04,10.32,9.93,10.07,119200,47.557911,GOGL
Mon Feb 10 2014 00:00:00 GMT+0800 (China Standard Time),10.12,10.29,9.79,10.07,78000,47.557911,GOGL
Tue Feb 11 2014 00:00:00 GMT+0800 (China Standard Time),10.09,10.2,10.010001,10.149999,40600,47.935727,GOGL
Wed Feb 12 2014 00:00:00 GMT+0800 (China Standard Time),10.13,10.260001,10.09,10.18,43300,48.077414,GOGL
Thu Feb 13 2014 00:00:00 GMT+0800 (China Standard Time),10.13,10.32,9.970001,10.24,64400,48.360774,GOGL
Fri Feb 14 2014 00:00:00 GMT+0800 (China Standard Time),10.11,10.260001,9.89,10.09,39500,48.480898,GOGL
Tue Feb 18 2014 00:00:00 GMT+0800 (China Standard Time),10.08,10.2,9.9,9.9,48300,47.567977,GOGL
Wed Feb 19 2014 00:00:00 GMT+0800 (China Standard Time),9.9,9.91,9.57,9.62,50300,46.222618,GOGL
Thu Feb 20 2014 00:00:00 GMT+0800 (China Standard Time),9.65,9.89,9.61,9.84,43800,47.279687,GOGL
Fri Feb 21 2014 00:00:00 GMT+0800 (China Standard Time),9.91,10,9.64,9.68,48900,46.510912,GOGL
Mon Feb 24 2014 00:00:00 GMT+0800 (China Standard Time),9.74,10.16,9.71,9.93,70000,47.712123,GOGL
Tue Feb 25 2014 00:00:00 GMT+0800 (China Standard Time),9.970001,9.98,9.78,9.82,30000,47.183587,GOGL
Wed Feb 26 2014 00:00:00 GMT+0800 (China Standard Time),9.85,10.16,9.7,9.95,45900,47.808219,GOGL
Thu Feb 27 2014 00:00:00 GMT+0800 (China Standard Time),9.94,10.13,9.84,9.970001,30400,47.904318,GOGL
Fri Feb 28 2014 00:00:00 GMT+0800 (China Standard Time),10,10.68,9.98,10.36,180000,49.778205,GOGL
Mon Mar 03 2014 00:00:00 GMT+0800 (China Standard Time),10.32,10.470001,9.99,10.21,75900,49.057478,GOGL
Tue Mar 04 2014 00:00:00 GMT+0800 (China Standard Time),10.28,10.99,10.23,10.83,145400,52.036481,GOGL
Wed Mar 05 2014 00:00:00 GMT+0800 (China Standard Time),10.850001,11.399999,10.760001,11.34,162500,54.486956,GOGL
Thu Mar 06 2014 00:00:00 GMT+0800 (China Standard Time),11.45,11.54,10.96,11.16,130900,53.622082,GOGL
Fri Mar 07 2014 00:00:00 GMT+0800 (China Standard Time),11.18,11.24,10.87,11.100001,63400,53.333796,GOGL
Mon Mar 10 2014 00:00:00 GMT+0800 (China Standard Time),11.010001,11.260001,10.93,11.23,91100,53.95842,GOGL
Tue Mar 11 2014 00:00:00 GMT+0800 (China Standard Time),11.760001,13.22,11.75,12.8,546700,61.50203,GOGL
Wed Mar 12 2014 00:00:00 GMT+0800 (China Standard Time),12.16,13.03,11.75,12.98,192900,62.366904,GOGL
Thu Mar 13 2014 00:00:00 GMT+0800 (China Standard Time),13.07,13.17,12.7,12.97,121400,62.318853,GOGL
Fri Mar 14 2014 00:00:00 GMT+0800 (China Standard Time),12.960001,14.05,12.82,14,278100,67.267846,GOGL
Mon Mar 17 2014 00:00:00 GMT+0800 (China Standard Time),14.22,14.85,13.880001,14.25,168300,68.469057,GOGL
Tue Mar 18 2014 00:00:00 GMT+0800 (China Standard Time),14.25,14.5,14.02,14.32,121900,68.805395,GOGL
Wed Mar 19 2014 00:00:00 GMT+0800 (China Standard Time),14.35,14.6,14.260001,14.5,100800,69.670269,GOGL
Thu Mar 20 2014 00:00:00 GMT+0800 (China Standard Time),14.260001,14.6,13.92,14.010001,95800,67.315897,GOGL
Fri Mar 21 2014 00:00:00 GMT+0800 (China Standard Time),14.109999,14.410001,13.97,13.97,118100,67.123699,GOGL
Mon Mar 24 2014 00:00:00 GMT+0800 (China Standard Time),13.97,14,13.060001,13.42,173900,64.481033,GOGL
Tue Mar 25 2014 00:00:00 GMT+0800 (China Standard Time),13.55,13.82,13.49,13.54,98900,65.057614,GOGL
Wed Mar 26 2014 00:00:00 GMT+0800 (China Standard Time),13.59,13.84,13.04,13.04,99400,62.65519,GOGL
Thu Mar 27 2014 00:00:00 GMT+0800 (China Standard Time),13,13.8,12.54,12.93,136300,62.126662,GOGL
Fri Mar 28 2014 00:00:00 GMT+0800 (China Standard Time),12.93,13.7,12.910001,13.65,91100,65.58615,GOGL
Mon Mar 31 2014 00:00:00 GMT+0800 (China Standard Time),13.760001,14.1,13.45,13.55,99700,65.105665,GOGL
Tue Apr 01 2014 00:00:00 GMT+0800 (China Standard Time),13.6,14.15,13.32,14.140001,113900,67.940529,GOGL
Wed Apr 02 2014 00:00:00 GMT+0800 (China Standard Time),14.15,14.15,13.810001,13.99,65000,67.219794,GOGL
Thu Apr 03 2014 00:00:00 GMT+0800 (China Standard Time),13.95,14.310001,13.859999,14.07,109000,67.604183,GOGL
Fri Apr 04 2014 00:00:00 GMT+0800 (China Standard Time),14.130001,14.380001,13.65,13.74,88600,66.018583,GOGL
Mon Apr 07 2014 00:00:00 GMT+0800 (China Standard Time),13.609999,13.640001,12.87,13.230001,210000,63.568116,GOGL
Tue Apr 08 2014 00:00:00 GMT+0800 (China Standard Time),13.17,13.5,13.02,13.160001,90700,63.231778,GOGL
Wed Apr 09 2014 00:00:00 GMT+0800 (China Standard Time),13.22,13.57,12.859999,13.44,59800,64.577129,GOGL
Thu Apr 10 2014 00:00:00 GMT+0800 (China Standard Time),13.47,13.680001,12.350001,12.520001,109900,60.156676,GOGL
Fri Apr 11 2014 00:00:00 GMT+0800 (China Standard Time),12.38,12.58,12.100001,12.260001,131100,58.907416,GOGL
Mon Apr 14 2014 00:00:00 GMT+0800 (China Standard Time),12.32,12.44,11.64,11.79,115700,56.649136,GOGL
Tue Apr 15 2014 00:00:00 GMT+0800 (China Standard Time),11.649999,12.18,11.32,11.82,225700,56.79328,GOGL
Wed Apr 16 2014 00:00:00 GMT+0800 (China Standard Time),11.94,12.510001,11.78,12.45,99000,59.820334,GOGL
Thu Apr 17 2014 00:00:00 GMT+0800 (China Standard Time),12.45,12.600001,12.25,12.510001,53800,60.108628,GOGL
Mon Apr 21 2014 00:00:00 GMT+0800 (China Standard Time),12.5,12.57,12.23,12.510001,55100,60.108628,GOGL
Tue Apr 22 2014 00:00:00 GMT+0800 (China Standard Time),12.5,12.85,12.37,12.770001,77500,61.357887,GOGL
Wed Apr 23 2014 00:00:00 GMT+0800 (China Standard Time),12.82,12.84,12.41,12.54,49600,60.252771,GOGL
Thu Apr 24 2014 00:00:00 GMT+0800 (China Standard Time),13.530001,14.4,13.060001,13.22,293400,63.520064,GOGL
Fri Apr 25 2014 00:00:00 GMT+0800 (China Standard Time),13.210001,13.52,12.770001,13.330001,156200,64.0486,GOGL
Mon Apr 28 2014 00:00:00 GMT+0800 (China Standard Time),13.010001,13.07,11.79,11.86,296800,56.985474,GOGL
Tue Apr 29 2014 00:00:00 GMT+0800 (China Standard Time),11.86,12.020001,11.28,11.38,178100,54.67915,GOGL
Wed Apr 30 2014 00:00:00 GMT+0800 (China Standard Time),11.38,11.970001,11.13,11.95,167100,57.417911,GOGL
Thu May 01 2014 00:00:00 GMT+0800 (China Standard Time),11.600001,12.37,11.600001,12.24,109700,58.811314,GOGL
Fri May 02 2014 00:00:00 GMT+0800 (China Standard Time),12.3,12.670001,12.14,12.33,89400,59.24375,GOGL
Mon May 05 2014 00:00:00 GMT+0800 (China Standard Time),12.2,12.32,11.99,12,49300,57.658153,GOGL
Tue May 06 2014 00:00:00 GMT+0800 (China Standard Time),12.05,12.14,11.850001,11.88,48300,57.081573,GOGL
Wed May 07 2014 00:00:00 GMT+0800 (China Standard Time),11.88,11.99,11.560001,11.82,78300,56.79328,GOGL
Thu May 08 2014 00:00:00 GMT+0800 (China Standard Time),12,12.38,11.850001,11.98,171700,57.562054,GOGL
Fri May 09 2014 00:00:00 GMT+0800 (China Standard Time),12.05,13.410001,12.05,12.92,190100,62.07861,GOGL
Mon May 12 2014 00:00:00 GMT+0800 (China Standard Time),13.060001,13.92,13.060001,13.57,130800,65.20176,GOGL
Tue May 13 2014 00:00:00 GMT+0800 (China Standard Time),13.57,13.660001,13,13.27,149400,63.760307,GOGL
Wed May 14 2014 00:00:00 GMT+0800 (China Standard Time),13.3,13.79,13.210001,13.54,88500,65.057614,GOGL
Thu May 15 2014 00:00:00 GMT+0800 (China Standard Time),13.55,13.72,13.210001,13.45,89300,64.62518,GOGL
Fri May 16 2014 00:00:00 GMT+0800 (China Standard Time),13.42,13.69,13.180001,13.660001,43300,65.634201,GOGL
Mon May 19 2014 00:00:00 GMT+0800 (China Standard Time),13.65,14.2,13.44,13.97,129600,67.123699,GOGL
Tue May 20 2014 00:00:00 GMT+0800 (China Standard Time),13.760001,13.77,13.12,13.430001,106000,65.466327,GOGL
Wed May 21 2014 00:00:00 GMT+0800 (China Standard Time),13.6,13.680001,13.210001,13.460001,70500,65.612568,GOGL
Thu May 22 2014 00:00:00 GMT+0800 (China Standard Time),13.460001,13.75,13.359999,13.57,53500,66.148773,GOGL
Fri May 23 2014 00:00:00 GMT+0800 (China Standard Time),13.560001,13.960001,13.54,13.810001,52100,67.318689,GOGL
Tue May 27 2014 00:00:00 GMT+0800 (China Standard Time),13.87,14.280001,13.87,14.27,93000,69.561016,GOGL
Wed May 28 2014 00:00:00 GMT+0800 (China Standard Time),14.160001,14.210001,13.59,13.859999,74500,67.562413,GOGL
Thu May 29 2014 00:00:00 GMT+0800 (China Standard Time),13.930001,13.97,13.37,13.45,84500,65.563818,GOGL
Fri May 30 2014 00:00:00 GMT+0800 (China Standard Time),13.55,13.77,13.1,13.24,117500,64.540142,GOGL
Mon Jun 02 2014 00:00:00 GMT+0800 (China Standard Time),13.34,14.04,13.2,14,126000,68.244867,GOGL
Tue Jun 03 2014 00:00:00 GMT+0800 (China Standard Time),14,14.880001,13.95,14.65,186400,71.413378,GOGL
Wed Jun 04 2014 00:00:00 GMT+0800 (China Standard Time),14.62,15.55,14.62,15.390001,213900,75.020611,GOGL
Thu Jun 05 2014 00:00:00 GMT+0800 (China Standard Time),15.44,16.25,15.44,15.59,218400,75.995531,GOGL
Fri Jun 06 2014 00:00:00 GMT+0800 (China Standard Time),15.67,16.22,15.52,15.74,148900,76.726726,GOGL
Mon Jun 09 2014 00:00:00 GMT+0800 (China Standard Time),15.74,16.32,15.6,16.160001,129000,78.774078,GOGL
Tue Jun 10 2014 00:00:00 GMT+0800 (China Standard Time),16.110001,16.3,15.74,15.79,84700,76.970457,GOGL
Wed Jun 11 2014 00:00:00 GMT+0800 (China Standard Time),15.460001,15.680001,14.9,15.2,138600,74.094427,GOGL
Thu Jun 12 2014 00:00:00 GMT+0800 (China Standard Time),15.080001,15.4,14.9,15.05,88000,73.363232,GOGL
Fri Jun 13 2014 00:00:00 GMT+0800 (China Standard Time),15.04,15.35,14.710001,15.210001,75800,74.143176,GOGL
Mon Jun 16 2014 00:00:00 GMT+0800 (China Standard Time),15.22,15.22,15,15.17,108700,73.948186,GOGL
Tue Jun 17 2014 00:00:00 GMT+0800 (China Standard Time),15.2,15.45,14.79,15.35,95100,74.825622,GOGL
Wed Jun 18 2014 00:00:00 GMT+0800 (China Standard Time),15.330001,15.49,15.15,15.25,57500,74.338158,GOGL
Thu Jun 19 2014 00:00:00 GMT+0800 (China Standard Time),15.480001,15.62,14.930001,15.2,71700,74.094427,GOGL
Fri Jun 20 2014 00:00:00 GMT+0800 (China Standard Time),15.2,15.510001,14.95,15.25,111300,74.338158,GOGL
Mon Jun 23 2014 00:00:00 GMT+0800 (China Standard Time),15.280001,15.35,15.010001,15.010001,66400,73.168249,GOGL
Tue Jun 24 2014 00:00:00 GMT+0800 (China Standard Time),15.02,15.37,14.55,14.57,101500,71.023406,GOGL
Wed Jun 25 2014 00:00:00 GMT+0800 (China Standard Time),14.530001,14.87,14.5,14.830001,69000,72.290814,GOGL
Thu Jun 26 2014 00:00:00 GMT+0800 (China Standard Time),14.85,14.95,14.34,14.630001,57000,71.315887,GOGL
Fri Jun 27 2014 00:00:00 GMT+0800 (China Standard Time),14.510001,14.810001,14.49,14.67,106200,71.510869,GOGL
Mon Jun 30 2014 00:00:00 GMT+0800 (China Standard Time),14.65,14.65,14.1,14.19,89600,69.171044,GOGL
Tue Jul 01 2014 00:00:00 GMT+0800 (China Standard Time),14.25,14.7,14.25,14.45,93300,70.438452,GOGL
Wed Jul 02 2014 00:00:00 GMT+0800 (China Standard Time),14.390001,14.47,13.97,14.030001,61400,68.391107,GOGL
Thu Jul 03 2014 00:00:00 GMT+0800 (China Standard Time),14.09,14.09,13.460001,13.65,109800,66.538745,GOGL
Mon Jul 07 2014 00:00:00 GMT+0800 (China Standard Time),13.960001,14.140001,13.62,13.630001,114900,66.441254,GOGL
Tue Jul 08 2014 00:00:00 GMT+0800 (China Standard Time),13.640001,13.680001,12.79,12.810001,205600,62.444056,GOGL
Wed Jul 09 2014 00:00:00 GMT+0800 (China Standard Time),13.05,13.140001,12.75,12.84,116900,62.590289,GOGL
Thu Jul 10 2014 00:00:00 GMT+0800 (China Standard Time),12.760001,12.890001,12.310001,12.84,108200,62.590289,GOGL
Fri Jul 11 2014 00:00:00 GMT+0800 (China Standard Time),12.810001,12.910001,12.57,12.85,58500,62.639038,GOGL
Mon Jul 14 2014 00:00:00 GMT+0800 (China Standard Time),13,13.130001,12.92,12.97,76500,63.223993,GOGL
Tue Jul 15 2014 00:00:00 GMT+0800 (China Standard Time),13.04,13.05,12.3,12.53,99500,61.079153,GOGL
Wed Jul 16 2014 00:00:00 GMT+0800 (China Standard Time),12.61,13.130001,12.399999,13.09,108900,63.808947,GOGL
Thu Jul 17 2014 00:00:00 GMT+0800 (China Standard Time),12.88,13.2,12.69,12.8,82900,62.395307,GOGL
Fri Jul 18 2014 00:00:00 GMT+0800 (China Standard Time),12.74,13.130001,12.74,13.09,64800,63.808947,GOGL
Mon Jul 21 2014 00:00:00 GMT+0800 (China Standard Time),13.060001,13.109999,12.890001,13.05,89700,63.613965,GOGL
Tue Jul 22 2014 00:00:00 GMT+0800 (China Standard Time),13.22,13.24,13.03,13.17,92700,64.198919,GOGL
Wed Jul 23 2014 00:00:00 GMT+0800 (China Standard Time),13.02,13.03,12.170001,12.25,170800,59.714258,GOGL
Thu Jul 24 2014 00:00:00 GMT+0800 (China Standard Time),12.34,12.34,11.64,12.07,136400,58.836823,GOGL
Fri Jul 25 2014 00:00:00 GMT+0800 (China Standard Time),11.93,12.170001,11.75,12.03,61700,58.641837,GOGL
Mon Jul 28 2014 00:00:00 GMT+0800 (China Standard Time),12,12.03,11.670001,11.720001,58600,57.130705,GOGL
Tue Jul 29 2014 00:00:00 GMT+0800 (China Standard Time),11.720001,12.07,11.68,12,66700,58.4956,GOGL
Wed Jul 30 2014 00:00:00 GMT+0800 (China Standard Time),12.020001,12.11,11.57,11.670001,53800,56.886973,GOGL
Thu Jul 31 2014 00:00:00 GMT+0800 (China Standard Time),11.46,11.66,11.34,11.399999,80100,55.570816,GOGL
Fri Aug 01 2014 00:00:00 GMT+0800 (China Standard Time),11.38,11.46,11.11,11.310001,59700,55.132106,GOGL
Mon Aug 04 2014 00:00:00 GMT+0800 (China Standard Time),11.350001,11.5,11.12,11.220001,57300,54.693388,GOGL
Tue Aug 05 2014 00:00:00 GMT+0800 (China Standard Time),11.16,11.36,11.149999,11.24,79700,54.790876,GOGL
Wed Aug 06 2014 00:00:00 GMT+0800 (China Standard Time),11.19,11.38,10.84,11.18,74200,54.498402,GOGL
Thu Aug 07 2014 00:00:00 GMT+0800 (China Standard Time),11.21,11.38,10.350001,10.41,163200,50.744932,GOGL
Fri Aug 08 2014 00:00:00 GMT+0800 (China Standard Time),10.34,11.32,10.16,11.24,159900,54.790876,GOGL
Mon Aug 11 2014 00:00:00 GMT+0800 (China Standard Time),11.36,11.63,11,11.13,138400,54.25467,GOGL
Tue Aug 12 2014 00:00:00 GMT+0800 (China Standard Time),11.13,11.850001,10.970001,11.53,216300,56.20452,GOGL
Wed Aug 13 2014 00:00:00 GMT+0800 (China Standard Time),11.62,12.82,11.45,12.7,186800,61.907843,GOGL
Thu Aug 14 2014 00:00:00 GMT+0800 (China Standard Time),12.69,13.09,12.21,12.36,278300,60.250467,GOGL
Fri Aug 15 2014 00:00:00 GMT+0800 (China Standard Time),12.5,12.75,12.23,12.66,166300,61.712857,GOGL
Mon Aug 18 2014 00:00:00 GMT+0800 (China Standard Time),12.87,13.180001,12.399999,12.670001,145500,61.761606,GOGL
Tue Aug 19 2014 00:00:00 GMT+0800 (China Standard Time),12.760001,12.78,12.09,12.220001,135700,59.568021,GOGL
Wed Aug 20 2014 00:00:00 GMT+0800 (China Standard Time),12.399999,12.53,12.11,12.49,125300,60.884167,GOGL
Thu Aug 21 2014 00:00:00 GMT+0800 (China Standard Time),12.54,12.7,12.25,12.560001,91900,61.225398,GOGL
Fri Aug 22 2014 00:00:00 GMT+0800 (China Standard Time),12.600001,12.600001,12.100001,12.270001,107700,59.811753,GOGL
Mon Aug 25 2014 00:00:00 GMT+0800 (China Standard Time),12.350001,12.399999,12.05,12.149999,112400,59.226791,GOGL
Tue Aug 26 2014 00:00:00 GMT+0800 (China Standard Time),11.84,12.8,11.84,12.260001,246000,60.763226,GOGL
Wed Aug 27 2014 00:00:00 GMT+0800 (China Standard Time),12.350001,12.649999,12.149999,12.53,158800,62.101399,GOGL
Thu Aug 28 2014 00:00:00 GMT+0800 (China Standard Time),12.43,12.43,12.07,12.24,106400,60.664095,GOGL
Fri Aug 29 2014 00:00:00 GMT+0800 (China Standard Time),12.25,12.37,12.05,12.260001,65700,60.763226,GOGL
Tue Sep 02 2014 00:00:00 GMT+0800 (China Standard Time),12.24,12.350001,11.8,12.07,99900,59.82154,GOGL
Wed Sep 03 2014 00:00:00 GMT+0800 (China Standard Time),12.32,12.350001,11.63,11.69,292200,57.938176,GOGL
Thu Sep 04 2014 00:00:00 GMT+0800 (China Standard Time),11.74,11.920001,11.69,11.74,111000,58.185987,GOGL
Fri Sep 05 2014 00:00:00 GMT+0800 (China Standard Time),11.78,12.310001,11.73,12.29,109500,60.91191,GOGL
Mon Sep 08 2014 00:00:00 GMT+0800 (China Standard Time),12.3,12.75,12.220001,12.71,121200,62.99352,GOGL
Tue Sep 09 2014 00:00:00 GMT+0800 (China Standard Time),12.720001,13.35,12.5,13.19,187500,65.372502,GOGL
Wed Sep 10 2014 00:00:00 GMT+0800 (China Standard Time),13.22,13.29,12.78,13.1,134900,64.926445,GOGL
Thu Sep 11 2014 00:00:00 GMT+0800 (China Standard Time),12.97,13.09,12.760001,12.82,101900,63.538703,GOGL
Fri Sep 12 2014 00:00:00 GMT+0800 (China Standard Time),12.84,12.95,12.3,12.33,99100,61.110156,GOGL
Mon Sep 15 2014 00:00:00 GMT+0800 (China Standard Time),11.62,12,10.95,11.510001,229600,57.046063,GOGL
Tue Sep 16 2014 00:00:00 GMT+0800 (China Standard Time),11.470001,11.560001,11.3,11.399999,93800,56.500872,GOGL
Wed Sep 17 2014 00:00:00 GMT+0800 (China Standard Time),11.43,11.48,11.25,11.3,75300,56.005254,GOGL
Thu Sep 18 2014 00:00:00 GMT+0800 (China Standard Time),11.310001,11.310001,10.600001,10.69,218900,52.981959,GOGL
Fri Sep 19 2014 00:00:00 GMT+0800 (China Standard Time),10.720001,10.75,9.83,10,331500,49.562172,GOGL
Mon Sep 22 2014 00:00:00 GMT+0800 (China Standard Time),9.91,10,9.14,9.39,297300,46.53888,GOGL
Tue Sep 23 2014 00:00:00 GMT+0800 (China Standard Time),9.37,9.54,9.1,9.17,155500,45.44851,GOGL
Wed Sep 24 2014 00:00:00 GMT+0800 (China Standard Time),9.2,9.41,9.010001,9.16,124300,45.398949,GOGL
Thu Sep 25 2014 00:00:00 GMT+0800 (China Standard Time),9.12,9.2,8.66,8.79,158000,43.56515,GOGL
Fri Sep 26 2014 00:00:00 GMT+0800 (China Standard Time),8.78,9.2,8.71,9.15,172900,45.349387,GOGL
Mon Sep 29 2014 00:00:00 GMT+0800 (China Standard Time),9.020001,9.17,8.8,8.95,115400,44.358144,GOGL
Tue Sep 30 2014 00:00:00 GMT+0800 (China Standard Time),8.96,8.96,8.7,8.85,164500,43.862522,GOGL
Wed Oct 01 2014 00:00:00 GMT+0800 (China Standard Time),8.810001,8.87,8.66,8.760001,137400,43.416466,GOGL
Thu Oct 02 2014 00:00:00 GMT+0800 (China Standard Time),8.79,9.220001,8.6,9.03,250800,44.754639,GOGL
Fri Oct 03 2014 00:00:00 GMT+0800 (China Standard Time),9.05,9.24,8.760001,8.95,123700,44.358144,GOGL
Mon Oct 06 2014 00:00:00 GMT+0800 (China Standard Time),8.95,8.95,8.36,8.49,211000,42.078281,GOGL
Tue Oct 07 2014 00:00:00 GMT+0800 (China Standard Time),8.770001,8.770001,7.64,7.85,278900,38.906305,GOGL
Wed Oct 08 2014 00:00:00 GMT+0800 (China Standard Time),8,8.07,7.29,7.48,260700,37.072506,GOGL
Thu Oct 09 2014 00:00:00 GMT+0800 (China Standard Time),7.8,8.010001,6.97,7.19,369000,35.635202,GOGL
Fri Oct 10 2014 00:00:00 GMT+0800 (China Standard Time),7.45,7.62,7,7.03,270900,34.842208,GOGL
Mon Oct 13 2014 00:00:00 GMT+0800 (China Standard Time),7.03,7.37,6.48,6.5,249600,32.215412,GOGL
Tue Oct 14 2014 00:00:00 GMT+0800 (China Standard Time),6.75,6.83,6.25,6.33,272500,31.372854,GOGL
Wed Oct 15 2014 00:00:00 GMT+0800 (China Standard Time),6.17,6.56,5.79,6.38,263800,31.620667,GOGL
Thu Oct 16 2014 00:00:00 GMT+0800 (China Standard Time),6.29,7.34,6.25,7.25,273200,35.932575,GOGL
Fri Oct 17 2014 00:00:00 GMT+0800 (China Standard Time),7.4,7.79,6.91,6.96,244800,34.495271,GOGL
Mon Oct 20 2014 00:00:00 GMT+0800 (China Standard Time),7.1,7.71,7.1,7.68,243200,38.063746,GOGL
Tue Oct 21 2014 00:00:00 GMT+0800 (China Standard Time),7.87,8.38,7.81,8.04,356400,39.847987,GOGL
Wed Oct 22 2014 00:00:00 GMT+0800 (China Standard Time),8.14,8.4,7.72,7.85,175200,38.906305,GOGL
Thu Oct 23 2014 00:00:00 GMT+0800 (China Standard Time),7.89,8.060001,7.72,7.75,125000,38.410683,GOGL
Fri Oct 24 2014 00:00:00 GMT+0800 (China Standard Time),7.820001,7.98,7.35,7.9,177100,39.154116,GOGL
Mon Oct 27 2014 00:00:00 GMT+0800 (China Standard Time),7.78,8.14,7.67,8.020001,128000,39.748864,GOGL
Tue Oct 28 2014 00:00:00 GMT+0800 (China Standard Time),8.15,8.82,8.08,8.68,210500,43.019967,GOGL
Wed Oct 29 2014 00:00:00 GMT+0800 (China Standard Time),8.66,8.970001,8.43,8.94,213900,44.308579,GOGL
Thu Oct 30 2014 00:00:00 GMT+0800 (China Standard Time),8.6,8.99,8.5,8.89,164400,44.060772,GOGL
Fri Oct 31 2014 00:00:00 GMT+0800 (China Standard Time),9.12,9.12,8.53,8.78,210300,43.515585,GOGL
Mon Nov 03 2014 00:00:00 GMT+0800 (China Standard Time),8.74,8.74,8.28,8.28,121700,41.037476,GOGL
Tue Nov 04 2014 00:00:00 GMT+0800 (China Standard Time),8.19,8.2,7.54,7.73,203000,38.31156,GOGL
Wed Nov 05 2014 00:00:00 GMT+0800 (China Standard Time),7.69,7.85,7.22,7.25,162700,35.932575,GOGL
Thu Nov 06 2014 00:00:00 GMT+0800 (China Standard Time),7.31,7.8,7.22,7.43,151900,36.824691,GOGL
Fri Nov 07 2014 00:00:00 GMT+0800 (China Standard Time),7.43,7.96,7.43,7.92,104200,39.253239,GOGL
Mon Nov 10 2014 00:00:00 GMT+0800 (China Standard Time),7.91,8.41,7.62,7.74,145500,38.361118,GOGL
Tue Nov 11 2014 00:00:00 GMT+0800 (China Standard Time),7.74,7.85,7.45,7.64,128700,37.8655,GOGL
Wed Nov 12 2014 00:00:00 GMT+0800 (China Standard Time),7.61,7.69,7.49,7.53,74700,37.320317,GOGL
Thu Nov 13 2014 00:00:00 GMT+0800 (China Standard Time),7.47,7.47,6.760001,6.78,243400,33.603154,GOGL
Fri Nov 14 2014 00:00:00 GMT+0800 (China Standard Time),6.9,7.36,6.78,7.35,128400,36.428196,GOGL
Mon Nov 17 2014 00:00:00 GMT+0800 (China Standard Time),7.35,7.37,6.9,6.92,188000,34.297021,GOGL
Tue Nov 18 2014 00:00:00 GMT+0800 (China Standard Time),6.97,7.19,6.9,7.04,135500,34.89177,GOGL
Wed Nov 19 2014 00:00:00 GMT+0800 (China Standard Time),7.05,7.1,6.79,6.8,133700,33.702277,GOGL
Thu Nov 20 2014 00:00:00 GMT+0800 (China Standard Time),7.03,7.15,6.86,7.14,136500,35.387391,GOGL
Fri Nov 21 2014 00:00:00 GMT+0800 (China Standard Time),7.14,7.15,6.35,6.41,315800,31.769351,GOGL
Mon Nov 24 2014 00:00:00 GMT+0800 (China Standard Time),6.52,6.75,6.41,6.5,146200,32.215412,GOGL
Tue Nov 25 2014 00:00:00 GMT+0800 (China Standard Time),6.55,6.75,6.45,6.5,118200,32.215412,GOGL
Wed Nov 26 2014 00:00:00 GMT+0800 (China Standard Time),6.45,6.45,6.25,6.33,132600,31.372854,GOGL
Fri Nov 28 2014 00:00:00 GMT+0800 (China Standard Time),6,6.09,5.56,5.71,165100,28.299999,GOGL
Mon Dec 01 2014 00:00:00 GMT+0800 (China Standard Time),5.55,5.7,4.93,4.93,268700,24.65,GOGL
Tue Dec 02 2014 00:00:00 GMT+0800 (China Standard Time),4.91,5.09,4.52,4.55,361500,22.75,GOGL
Wed Dec 03 2014 00:00:00 GMT+0800 (China Standard Time),4.61,4.9,4.57,4.63,232000,23.150002,GOGL
Thu Dec 04 2014 00:00:00 GMT+0800 (China Standard Time),4.64,5.06,4.62,4.92,191700,24.600001,GOGL
Fri Dec 05 2014 00:00:00 GMT+0800 (China Standard Time),4.88,4.97,4.68,4.74,160000,23.699999,GOGL
Mon Dec 08 2014 00:00:00 GMT+0800 (China Standard Time),4.65,4.74,4.14,4.2,203500,21,GOGL
Tue Dec 09 2014 00:00:00 GMT+0800 (China Standard Time),4.25,4.5,4.15,4.33,163200,21.65,GOGL
Wed Dec 10 2014 00:00:00 GMT+0800 (China Standard Time),4.26,4.44,3.99,4.01,202100,20.050001,GOGL
Thu Dec 11 2014 00:00:00 GMT+0800 (China Standard Time),4.01,4.18,3.81,3.86,287700,19.3,GOGL
Fri Dec 12 2014 00:00:00 GMT+0800 (China Standard Time),3.84,4.12,3.57,3.93,373500,19.65,GOGL
Mon Dec 15 2014 00:00:00 GMT+0800 (China Standard Time),4,4.14,3.73,3.8,216400,19,GOGL
Tue Dec 16 2014 00:00:00 GMT+0800 (China Standard Time),3.75,3.98,3.69,3.76,211900,18.8,GOGL
Wed Dec 17 2014 00:00:00 GMT+0800 (China Standard Time),3.76,4.11,3.69,4.11,156200,20.550001,GOGL
Thu Dec 18 2014 00:00:00 GMT+0800 (China Standard Time),4.65,4.66,4.2,4.34,221300,21.700001,GOGL
Fri Dec 19 2014 00:00:00 GMT+0800 (China Standard Time),4.36,4.78,4.18,4.71,412500,23.55,GOGL
Mon Dec 22 2014 00:00:00 GMT+0800 (China Standard Time),4.7,4.76,4.35,4.57,213000,22.850001,GOGL
Tue Dec 23 2014 00:00:00 GMT+0800 (China Standard Time),4.57,4.57,4.11,4.23,189600,21.15,GOGL
Wed Dec 24 2014 00:00:00 GMT+0800 (China Standard Time),4.21,4.25,3.91,3.99,117000,19.950001,GOGL
Fri Dec 26 2014 00:00:00 GMT+0800 (China Standard Time),4,4.13,3.93,4.04,102500,20.200001,GOGL
Mon Dec 29 2014 00:00:00 GMT+0800 (China Standard Time),4.04,4.35,3.98,4.33,184600,21.65,GOGL
Tue Dec 30 2014 00:00:00 GMT+0800 (China Standard Time),4.29,4.41,4.11,4.36,121000,21.800001,GOGL
Wed Dec 31 2014 00:00:00 GMT+0800 (China Standard Time),4.35,4.57,4.34,4.53,130500,22.650002,GOGL
Fri Jan 02 2015 00:00:00 GMT+0800 (China Standard Time),4.56,4.57,4.24,4.27,104700,21.350001,GOGL
Mon Jan 05 2015 00:00:00 GMT+0800 (China Standard Time),4.21,4.25,3.95,4.1,158100,20.5,GOGL
Tue Jan 06 2015 00:00:00 GMT+0800 (China Standard Time),4.27,4.42,4.04,4.3,206000,21.5,GOGL
Wed Jan 07 2015 00:00:00 GMT+0800 (China Standard Time),4.34,4.34,4.09,4.15,135300,20.75,GOGL
Thu Jan 08 2015 00:00:00 GMT+0800 (China Standard Time),4.42,5.69,4.36,5.49,622300,27.449999,GOGL
Fri Jan 09 2015 00:00:00 GMT+0800 (China Standard Time),5.28,5.3,4.41,4.59,562200,22.950001,GOGL
Mon Jan 12 2015 00:00:00 GMT+0800 (China Standard Time),4.67,5.27,4.51,5.08,370000,25.4,GOGL
Tue Jan 13 2015 00:00:00 GMT+0800 (China Standard Time),5.46,5.59,4.96,5.28,371800,26.400002,GOGL
Wed Jan 14 2015 00:00:00 GMT+0800 (China Standard Time),5.07,5.19,4.83,5.12,302000,25.599999,GOGL
Thu Jan 15 2015 00:00:00 GMT+0800 (China Standard Time),5.12,5.23,4.82,4.86,186500,24.300002,GOGL
Fri Jan 16 2015 00:00:00 GMT+0800 (China Standard Time),4.84,5.03,4.61,4.83,155600,24.15,GOGL
Tue Jan 20 2015 00:00:00 GMT+0800 (China Standard Time),4.74,5.09,4.74,4.9,130300,24.5,GOGL
Wed Jan 21 2015 00:00:00 GMT+0800 (China Standard Time),4.93,5,4.53,4.66,153900,23.3,GOGL
Thu Jan 22 2015 00:00:00 GMT+0800 (China Standard Time),4.64,4.85,4.62,4.85,92700,24.25,GOGL
Fri Jan 23 2015 00:00:00 GMT+0800 (China Standard Time),4.84,4.84,4.39,4.45,138200,22.25,GOGL
Mon Jan 26 2015 00:00:00 GMT+0800 (China Standard Time),4.45,4.59,4.41,4.44,78700,22.200001,GOGL
Tue Jan 27 2015 00:00:00 GMT+0800 (China Standard Time),4.41,4.54,4.35,4.45,83600,22.25,GOGL
Wed Jan 28 2015 00:00:00 GMT+0800 (China Standard Time),4.5,4.5,4,4.01,166000,20.050001,GOGL
Thu Jan 29 2015 00:00:00 GMT+0800 (China Standard Time),4.07,4.21,4.02,4.2,70900,21,GOGL
Fri Jan 30 2015 00:00:00 GMT+0800 (China Standard Time),4.11,4.19,3.88,4.01,144400,20.050001,GOGL
Mon Feb 02 2015 00:00:00 GMT+0800 (China Standard Time),4.06,4.22,4.02,4.17,92800,20.850001,GOGL
Tue Feb 03 2015 00:00:00 GMT+0800 (China Standard Time),4.2,4.55,4.2,4.47,146000,22.349999,GOGL
Wed Feb 04 2015 00:00:00 GMT+0800 (China Standard Time),4.48,4.58,4.28,4.33,79300,21.65,GOGL
Thu Feb 05 2015 00:00:00 GMT+0800 (China Standard Time),4.36,4.6,4.31,4.54,93000,22.700001,GOGL
Fri Feb 06 2015 00:00:00 GMT+0800 (China Standard Time),4.56,4.57,4.36,4.46,107100,22.3,GOGL
Mon Feb 09 2015 00:00:00 GMT+0800 (China Standard Time),4.45,4.63,4.41,4.53,88400,22.650002,GOGL
Tue Feb 10 2015 00:00:00 GMT+0800 (China Standard Time),4.59,4.74,4.43,4.44,107200,22.200001,GOGL
Wed Feb 11 2015 00:00:00 GMT+0800 (China Standard Time),4.46,4.74,4.33,4.6,156600,23,GOGL
Thu Feb 12 2015 00:00:00 GMT+0800 (China Standard Time),4.49,4.54,4.2,4.21,173800,21.05,GOGL
Fri Feb 13 2015 00:00:00 GMT+0800 (China Standard Time),4.27,4.3,4.02,4.15,138200,20.75,GOGL
Tue Feb 17 2015 00:00:00 GMT+0800 (China Standard Time),4.24,4.52,4.18,4.52,142400,22.600001,GOGL
Wed Feb 18 2015 00:00:00 GMT+0800 (China Standard Time),4.49,4.51,4.24,4.35,67900,21.75,GOGL
Thu Feb 19 2015 00:00:00 GMT+0800 (China Standard Time),4.33,4.73,4.33,4.7,127800,23.5,GOGL
Fri Feb 20 2015 00:00:00 GMT+0800 (China Standard Time),4.72,4.82,4.48,4.58,124300,22.9,GOGL
Mon Feb 23 2015 00:00:00 GMT+0800 (China Standard Time),4.58,4.72,4.44,4.54,70000,22.700001,GOGL
Tue Feb 24 2015 00:00:00 GMT+0800 (China Standard Time),4.55,4.6,4.41,4.51,42400,22.550001,GOGL
Wed Feb 25 2015 00:00:00 GMT+0800 (China Standard Time),4.5,4.72,4.5,4.71,59700,23.55,GOGL
Thu Feb 26 2015 00:00:00 GMT+0800 (China Standard Time),4.74,4.83,4.65,4.83,79200,24.15,GOGL
Fri Feb 27 2015 00:00:00 GMT+0800 (China Standard Time),4.75,5.15,4.73,4.93,171300,24.65,GOGL
Mon Mar 02 2015 00:00:00 GMT+0800 (China Standard Time),4.89,5.05,4.78,5.05,98700,25.25,GOGL
Tue Mar 03 2015 00:00:00 GMT+0800 (China Standard Time),5.03,5.22,4.93,5.1,65900,25.5,GOGL
Wed Mar 04 2015 00:00:00 GMT+0800 (China Standard Time),5.06,5.06,4.87,4.98,68000,24.9,GOGL
Thu Mar 05 2015 00:00:00 GMT+0800 (China Standard Time),4.98,5.04,4.8,4.83,72300,24.15,GOGL
Fri Mar 06 2015 00:00:00 GMT+0800 (China Standard Time),4.73,4.84,4.47,4.47,99700,22.349999,GOGL
Mon Mar 09 2015 00:00:00 GMT+0800 (China Standard Time),4.51,4.69,4.46,4.5,53400,22.5,GOGL
Tue Mar 10 2015 00:00:00 GMT+0800 (China Standard Time),4.49,4.51,4.07,4.08,165200,20.4,GOGL
Wed Mar 11 2015 00:00:00 GMT+0800 (China Standard Time),4.07,4.23,4.02,4.03,113600,20.150002,GOGL
Thu Mar 12 2015 00:00:00 GMT+0800 (China Standard Time),4.06,4.19,4.03,4.08,84900,20.4,GOGL
Fri Mar 13 2015 00:00:00 GMT+0800 (China Standard Time),4.09,4.18,4.06,4.14,61400,20.699999,GOGL
Mon Mar 16 2015 00:00:00 GMT+0800 (China Standard Time),4.14,4.16,3.98,4.1,93900,20.5,GOGL
Tue Mar 17 2015 00:00:00 GMT+0800 (China Standard Time),4.08,4.38,4.07,4.24,122800,21.199999,GOGL
Wed Mar 18 2015 00:00:00 GMT+0800 (China Standard Time),4.18,4.67,4.16,4.61,113200,23.050001,GOGL
Thu Mar 19 2015 00:00:00 GMT+0800 (China Standard Time),4.6,4.9,4.53,4.69,90300,23.450001,GOGL
Fri Mar 20 2015 00:00:00 GMT+0800 (China Standard Time),4.75,4.99,4.62,4.98,152700,24.9,GOGL
Mon Mar 23 2015 00:00:00 GMT+0800 (China Standard Time),5.05,5.29,4.83,5.05,149200,25.25,GOGL
Tue Mar 24 2015 00:00:00 GMT+0800 (China Standard Time),5,5.07,4.7,5.06,119300,25.3,GOGL
Wed Mar 25 2015 00:00:00 GMT+0800 (China Standard Time),5.04,5.05,4.86,4.87,61500,24.349999,GOGL
Thu Mar 26 2015 00:00:00 GMT+0800 (China Standard Time),4.93,5,4.86,4.98,49300,24.9,GOGL
Fri Mar 27 2015 00:00:00 GMT+0800 (China Standard Time),4.89,4.9,4.47,4.58,136900,22.9,GOGL
Mon Mar 30 2015 00:00:00 GMT+0800 (China Standard Time),4.69,5.08,4.68,5,176900,25,GOGL
Tue Mar 31 2015 00:00:00 GMT+0800 (China Standard Time),4.78,5.18,4.62,5,759700,25,GOGL
Wed Apr 01 2015 00:00:00 GMT+0800 (China Standard Time),5,5.05,4.66,4.84,65900,24.200001,GOGL
Thu Apr 02 2015 00:00:00 GMT+0800 (China Standard Time),4.82,4.84,4.36,4.58,144800,22.9,GOGL
Mon Apr 06 2015 00:00:00 GMT+0800 (China Standard Time),4.53,4.76,4.45,4.75,154600,23.75,GOGL
Tue Apr 07 2015 00:00:00 GMT+0800 (China Standard Time),4.61,5.09,4.61,5.07,151900,25.350001,GOGL
Wed Apr 08 2015 00:00:00 GMT+0800 (China Standard Time),4.98,5.05,4.83,5.04,107400,25.200001,GOGL
Thu Apr 09 2015 00:00:00 GMT+0800 (China Standard Time),5.01,5.16,4.95,5.05,96600,25.25,GOGL
Fri Apr 10 2015 00:00:00 GMT+0800 (China Standard Time),5.04,5.14,4.96,5.14,38200,25.699999,GOGL
Mon Apr 13 2015 00:00:00 GMT+0800 (China Standard Time),5.15,5.15,5,5.01,68000,25.050002,GOGL
Tue Apr 14 2015 00:00:00 GMT+0800 (China Standard Time),5.01,5.14,4.92,4.95,60100,24.75,GOGL
Wed Apr 15 2015 00:00:00 GMT+0800 (China Standard Time),5,5.15,4.93,5.11,93400,25.550002,GOGL
Thu Apr 16 2015 00:00:00 GMT+0800 (China Standard Time),5.07,5.4,5.07,5.22,124100,26.099999,GOGL
Fri Apr 17 2015 00:00:00 GMT+0800 (China Standard Time),5.26,5.9,5.23,5.48,136400,27.4,GOGL
Mon Apr 20 2015 00:00:00 GMT+0800 (China Standard Time),5.45,5.79,5.41,5.73,149000,28.65,GOGL
Tue Apr 21 2015 00:00:00 GMT+0800 (China Standard Time),5.78,5.78,5.51,5.67,63600,28.350001,GOGL
Wed Apr 22 2015 00:00:00 GMT+0800 (China Standard Time),5.65,5.65,5.35,5.39,86200,26.949999,GOGL
Thu Apr 23 2015 00:00:00 GMT+0800 (China Standard Time),5.35,5.43,5.26,5.37,55900,26.849999,GOGL
Fri Apr 24 2015 00:00:00 GMT+0800 (China Standard Time),5.38,5.48,5.23,5.3,76000,26.5,GOGL
Mon Apr 27 2015 00:00:00 GMT+0800 (China Standard Time),5.21,5.55,5.21,5.45,107200,27.25,GOGL
Tue Apr 28 2015 00:00:00 GMT+0800 (China Standard Time),5.39,5.4,5.27,5.31,34600,26.55,GOGL
Wed Apr 29 2015 00:00:00 GMT+0800 (China Standard Time),5.26,5.3,5.07,5.11,69700,25.550002,GOGL
Thu Apr 30 2015 00:00:00 GMT+0800 (China Standard Time),5.02,5.05,4.76,4.98,134900,24.9,GOGL
Fri May 01 2015 00:00:00 GMT+0800 (China Standard Time),4.97,4.97,4.73,4.93,86500,24.65,GOGL
Mon May 04 2015 00:00:00 GMT+0800 (China Standard Time),4.9,5,4.8,4.81,78400,24.05,GOGL
Tue May 05 2015 00:00:00 GMT+0800 (China Standard Time),4.8,4.84,4.62,4.7,100400,23.5,GOGL
Wed May 06 2015 00:00:00 GMT+0800 (China Standard Time),4.74,4.78,4.55,4.73,80300,23.65,GOGL
Thu May 07 2015 00:00:00 GMT+0800 (China Standard Time),4.61,4.69,4.47,4.47,52000,22.349999,GOGL
Fri May 08 2015 00:00:00 GMT+0800 (China Standard Time),4.59,4.89,4.59,4.79,80200,23.950001,GOGL
Mon May 11 2015 00:00:00 GMT+0800 (China Standard Time),4.69,4.79,4.61,4.62,48900,23.099999,GOGL
Tue May 12 2015 00:00:00 GMT+0800 (China Standard Time),4.81,4.91,4.73,4.86,122300,24.300002,GOGL
Wed May 13 2015 00:00:00 GMT+0800 (China Standard Time),5.16,5.22,5.07,5.18,87800,25.9,GOGL
Thu May 14 2015 00:00:00 GMT+0800 (China Standard Time),5.24,5.28,5.11,5.21,53900,26.05,GOGL
Fri May 15 2015 00:00:00 GMT+0800 (China Standard Time),5.07,5.21,4.99,5.15,42100,25.75,GOGL
Mon May 18 2015 00:00:00 GMT+0800 (China Standard Time),5.06,5.18,5.02,5.05,34100,25.25,GOGL
Tue May 19 2015 00:00:00 GMT+0800 (China Standard Time),4.86,4.92,4.68,4.79,67100,23.950001,GOGL
Wed May 20 2015 00:00:00 GMT+0800 (China Standard Time),4.75,4.81,4.67,4.69,42500,23.450001,GOGL
Thu May 21 2015 00:00:00 GMT+0800 (China Standard Time),4.71,4.81,4.65,4.68,53200,23.4,GOGL
Fri May 22 2015 00:00:00 GMT+0800 (China Standard Time),4.65,4.71,4.58,4.6,52700,23,GOGL
Tue May 26 2015 00:00:00 GMT+0800 (China Standard Time),4.58,4.6,4.37,4.4,71000,22,GOGL
Wed May 27 2015 00:00:00 GMT+0800 (China Standard Time),4.35,4.53,4.31,4.5,84100,22.5,GOGL
Thu May 28 2015 00:00:00 GMT+0800 (China Standard Time),4.28,4.33,4.05,4.18,144700,20.9,GOGL
Fri May 29 2015 00:00:00 GMT+0800 (China Standard Time),4.12,4.25,4.05,4.25,82200,21.25,GOGL
Mon Jun 01 2015 00:00:00 GMT+0800 (China Standard Time),4.14,4.15,4.06,4.08,50800,20.4,GOGL
Tue Jun 02 2015 00:00:00 GMT+0800 (China Standard Time),4.06,4.18,4.06,4.12,51700,20.599999,GOGL
Wed Jun 03 2015 00:00:00 GMT+0800 (China Standard Time),4.14,4.27,4.1,4.13,63800,20.650002,GOGL
Thu Jun 04 2015 00:00:00 GMT+0800 (China Standard Time),4.11,4.2,4.03,4.05,55100,20.25,GOGL
Fri Jun 05 2015 00:00:00 GMT+0800 (China Standard Time),4.01,4.03,3.91,3.93,78800,19.65,GOGL
Mon Jun 08 2015 00:00:00 GMT+0800 (China Standard Time),3.91,4.03,3.91,3.96,43900,19.8,GOGL
Tue Jun 09 2015 00:00:00 GMT+0800 (China Standard Time),3.97,3.98,3.84,3.85,39600,19.25,GOGL
Wed Jun 10 2015 00:00:00 GMT+0800 (China Standard Time),3.89,3.98,3.84,3.93,49200,19.65,GOGL
Thu Jun 11 2015 00:00:00 GMT+0800 (China Standard Time),3.85,3.9,3.76,3.88,74900,19.4,GOGL
Fri Jun 12 2015 00:00:00 GMT+0800 (China Standard Time),3.82,3.92,3.82,3.89,60200,19.450001,GOGL
Mon Jun 15 2015 00:00:00 GMT+0800 (China Standard Time),3.71,3.74,3.56,3.58,195900,17.9,GOGL
Tue Jun 16 2015 00:00:00 GMT+0800 (China Standard Time),3.58,3.76,3.51,3.74,164400,18.700001,GOGL
Wed Jun 17 2015 00:00:00 GMT+0800 (China Standard Time),3.76,3.92,3.66,3.79,140800,18.950001,GOGL
Thu Jun 18 2015 00:00:00 GMT+0800 (China Standard Time),3.92,3.96,3.72,3.73,111200,18.65,GOGL
Fri Jun 19 2015 00:00:00 GMT+0800 (China Standard Time),3.71,4.1,3.71,3.82,306300,19.100001,GOGL
Mon Jun 22 2015 00:00:00 GMT+0800 (China Standard Time),3.87,3.92,3.82,3.88,48000,19.4,GOGL
Tue Jun 23 2015 00:00:00 GMT+0800 (China Standard Time),3.9,4.06,3.88,4.02,50000,20.100001,GOGL
Wed Jun 24 2015 00:00:00 GMT+0800 (China Standard Time),4.06,4.24,4.06,4.1,72600,20.5,GOGL
Thu Jun 25 2015 00:00:00 GMT+0800 (China Standard Time),4.1,4.19,3.99,4.09,43600,20.450001,GOGL
Fri Jun 26 2015 00:00:00 GMT+0800 (China Standard Time),4.11,4.3,4.06,4.27,256300,21.350001,GOGL
Mon Jun 29 2015 00:00:00 GMT+0800 (China Standard Time),4.13,4.21,3.94,3.95,78400,19.75,GOGL
Tue Jun 30 2015 00:00:00 GMT+0800 (China Standard Time),3.95,4,3.72,3.85,77200,19.25,GOGL
Wed Jul 01 2015 00:00:00 GMT+0800 (China Standard Time),3.82,3.93,3.75,3.79,88600,18.950001,GOGL
Thu Jul 02 2015 00:00:00 GMT+0800 (China Standard Time),3.84,3.97,3.77,3.95,50500,19.75,GOGL
Mon Jul 06 2015 00:00:00 GMT+0800 (China Standard Time),3.81,3.95,3.78,3.89,69400,19.450001,GOGL
Tue Jul 07 2015 00:00:00 GMT+0800 (China Standard Time),3.8,3.86,3.61,3.71,93100,18.55,GOGL
Wed Jul 08 2015 00:00:00 GMT+0800 (China Standard Time),3.57,3.68,3.45,3.54,94800,17.700001,GOGL
Thu Jul 09 2015 00:00:00 GMT+0800 (China Standard Time),3.59,3.72,3.51,3.51,57400,17.549999,GOGL
Fri Jul 10 2015 00:00:00 GMT+0800 (China Standard Time),3.57,3.73,3.57,3.72,45400,18.600001,GOGL
Mon Jul 13 2015 00:00:00 GMT+0800 (China Standard Time),3.72,3.93,3.7,3.82,52800,19.100001,GOGL
Tue Jul 14 2015 00:00:00 GMT+0800 (China Standard Time),3.82,3.89,3.75,3.87,82000,19.350001,GOGL
Wed Jul 15 2015 00:00:00 GMT+0800 (China Standard Time),3.95,4.15,3.92,3.98,59500,19.9,GOGL
Thu Jul 16 2015 00:00:00 GMT+0800 (China Standard Time),4.03,4.11,3.98,4.04,49500,20.200001,GOGL
Fri Jul 17 2015 00:00:00 GMT+0800 (China Standard Time),4.07,4.44,4.06,4.39,200400,21.950001,GOGL
Mon Jul 20 2015 00:00:00 GMT+0800 (China Standard Time),4.32,4.41,4.22,4.34,106700,21.700001,GOGL
Tue Jul 21 2015 00:00:00 GMT+0800 (China Standard Time),4.41,4.63,4.41,4.45,58400,22.25,GOGL
Wed Jul 22 2015 00:00:00 GMT+0800 (China Standard Time),4.36,4.46,4.22,4.28,52200,21.4,GOGL
Thu Jul 23 2015 00:00:00 GMT+0800 (China Standard Time),4.26,4.26,4.03,4.12,58400,20.600001,GOGL
Fri Jul 24 2015 00:00:00 GMT+0800 (China Standard Time),4.05,4.09,3.92,4.01,63200,20.05,GOGL
Mon Jul 27 2015 00:00:00 GMT+0800 (China Standard Time),3.92,4,3.85,3.9,56000,19.5,GOGL
Tue Jul 28 2015 00:00:00 GMT+0800 (China Standard Time),3.9,4,3.8,3.94,112700,19.700001,GOGL
Wed Jul 29 2015 00:00:00 GMT+0800 (China Standard Time),4,4.14,3.94,4.07,67900,20.350001,GOGL
Thu Jul 30 2015 00:00:00 GMT+0800 (China Standard Time),3.98,4.04,3.86,3.89,46000,19.450001,GOGL
Fri Jul 31 2015 00:00:00 GMT+0800 (China Standard Time),3.96,4,3.79,3.89,67800,19.450001,GOGL
Mon Aug 03 2015 00:00:00 GMT+0800 (China Standard Time),3.94,4.44,3.93,4.14,100600,20.700001,GOGL
Tue Aug 04 2015 00:00:00 GMT+0800 (China Standard Time),4.24,4.28,4.09,4.13,45700,20.65,GOGL
Wed Aug 05 2015 00:00:00 GMT+0800 (China Standard Time),4.14,4.23,4.06,4.08,81700,20.4,GOGL
Thu Aug 06 2015 00:00:00 GMT+0800 (China Standard Time),4.02,4.07,3.91,4.02,45200,20.100001,GOGL
Fri Aug 07 2015 00:00:00 GMT+0800 (China Standard Time),3.95,4.04,3.88,3.91,67800,19.55,GOGL
Mon Aug 10 2015 00:00:00 GMT+0800 (China Standard Time),3.9,4.14,3.87,3.94,65200,19.700001,GOGL
Tue Aug 11 2015 00:00:00 GMT+0800 (China Standard Time),3.91,3.91,3.76,3.81,44900,19.05,GOGL
Wed Aug 12 2015 00:00:00 GMT+0800 (China Standard Time),3.73,3.77,3.54,3.61,70800,18.05,GOGL
Thu Aug 13 2015 00:00:00 GMT+0800 (China Standard Time),3.57,3.57,3.41,3.42,94100,17.100001,GOGL
Fri Aug 14 2015 00:00:00 GMT+0800 (China Standard Time),3.6,3.61,3.5,3.6,83300,18,GOGL
Mon Aug 17 2015 00:00:00 GMT+0800 (China Standard Time),3.66,3.72,3.54,3.62,51300,18.100001,GOGL
Tue Aug 18 2015 00:00:00 GMT+0800 (China Standard Time),3.59,3.59,3.46,3.49,47600,17.450001,GOGL
Wed Aug 19 2015 00:00:00 GMT+0800 (China Standard Time),3.38,3.56,3.36,3.39,91700,16.950001,GOGL
Thu Aug 20 2015 00:00:00 GMT+0800 (China Standard Time),3.33,3.38,3.16,3.2,104100,16,GOGL
Fri Aug 21 2015 00:00:00 GMT+0800 (China Standard Time),3.14,3.14,2.91,2.92,152500,14.600001,GOGL
Mon Aug 24 2015 00:00:00 GMT+0800 (China Standard Time),2.57,2.68,2.56,2.57,125200,12.850001,GOGL
Tue Aug 25 2015 00:00:00 GMT+0800 (China Standard Time),2.79,2.81,2.56,2.57,99700,12.850001,GOGL
Wed Aug 26 2015 00:00:00 GMT+0800 (China Standard Time),2.74,2.74,2.51,2.57,88600,12.850001,GOGL
Thu Aug 27 2015 00:00:00 GMT+0800 (China Standard Time),2.65,2.88,2.65,2.88,98400,14.4,GOGL
Fri Aug 28 2015 00:00:00 GMT+0800 (China Standard Time),2.91,3.18,2.91,3.14,65700,15.7,GOGL
Mon Aug 31 2015 00:00:00 GMT+0800 (China Standard Time),3.01,3.21,2.96,3.05,58500,15.25,GOGL
Tue Sep 01 2015 00:00:00 GMT+0800 (China Standard Time),3,3.08,2.95,2.99,52900,14.95,GOGL
Wed Sep 02 2015 00:00:00 GMT+0800 (China Standard Time),3.08,3.08,2.89,3.04,53400,15.2,GOGL
Thu Sep 03 2015 00:00:00 GMT+0800 (China Standard Time),3,3.06,2.83,2.9,111300,14.5,GOGL
Fri Sep 04 2015 00:00:00 GMT+0800 (China Standard Time),2.85,2.97,2.82,2.89,156100,14.45,GOGL
Tue Sep 08 2015 00:00:00 GMT+0800 (China Standard Time),2.93,2.98,2.89,2.92,37000,14.600001,GOGL
Wed Sep 09 2015 00:00:00 GMT+0800 (China Standard Time),3.01,3.02,2.9,2.91,38400,14.55,GOGL
Thu Sep 10 2015 00:00:00 GMT+0800 (China Standard Time),2.88,2.96,2.88,2.95,46600,14.75,GOGL
Fri Sep 11 2015 00:00:00 GMT+0800 (China Standard Time),2.91,2.92,2.83,2.91,43400,14.55,GOGL
Mon Sep 14 2015 00:00:00 GMT+0800 (China Standard Time),2.84,2.84,2.72,2.73,62700,13.65,GOGL
Tue Sep 15 2015 00:00:00 GMT+0800 (China Standard Time),2.71,2.74,2.69,2.72,29100,13.600001,GOGL
Wed Sep 16 2015 00:00:00 GMT+0800 (China Standard Time),2.76,2.92,2.76,2.85,78200,14.25,GOGL
Thu Sep 17 2015 00:00:00 GMT+0800 (China Standard Time),3.05,3.16,3.04,3.12,52900,15.600001,GOGL
Fri Sep 18 2015 00:00:00 GMT+0800 (China Standard Time),3.17,3.21,3.1,3.13,66500,15.65,GOGL
Mon Sep 21 2015 00:00:00 GMT+0800 (China Standard Time),3.13,3.13,3.04,3.06,27400,15.3,GOGL
Tue Sep 22 2015 00:00:00 GMT+0800 (China Standard Time),2.92,2.95,2.86,2.88,39900,14.4,GOGL
Wed Sep 23 2015 00:00:00 GMT+0800 (China Standard Time),2.9,2.92,2.78,2.83,47500,14.15,GOGL
Thu Sep 24 2015 00:00:00 GMT+0800 (China Standard Time),2.79,2.81,2.67,2.8,42900,14,GOGL
Fri Sep 25 2015 00:00:00 GMT+0800 (China Standard Time),2.8,2.82,2.66,2.66,70200,13.3,GOGL
Mon Sep 28 2015 00:00:00 GMT+0800 (China Standard Time),2.63,2.63,2.57,2.57,63100,12.850001,GOGL
Tue Sep 29 2015 00:00:00 GMT+0800 (China Standard Time),2.56,2.6,2.48,2.5,66000,12.5,GOGL
Wed Sep 30 2015 00:00:00 GMT+0800 (China Standard Time),2.57,2.57,2.41,2.46,97200,12.3,GOGL
Thu Oct 01 2015 00:00:00 GMT+0800 (China Standard Time),2.46,2.54,2.4,2.46,73000,12.3,GOGL
Fri Oct 02 2015 00:00:00 GMT+0800 (China Standard Time),2.45,2.7,2.44,2.67,62400,13.350001,GOGL
Mon Oct 05 2015 00:00:00 GMT+0800 (China Standard Time),2.65,2.73,2.64,2.68,52700,13.4,GOGL
Tue Oct 06 2015 00:00:00 GMT+0800 (China Standard Time),2.67,2.74,2.66,2.71,59500,13.55,GOGL
Wed Oct 07 2015 00:00:00 GMT+0800 (China Standard Time),2.72,2.8,2.67,2.76,43900,13.8,GOGL
Thu Oct 08 2015 00:00:00 GMT+0800 (China Standard Time),2.75,2.84,2.66,2.82,34900,14.100001,GOGL
Fri Oct 09 2015 00:00:00 GMT+0800 (China Standard Time),2.82,2.86,2.78,2.84,35100,14.2,GOGL
Mon Oct 12 2015 00:00:00 GMT+0800 (China Standard Time),2.8,2.8,2.71,2.78,42800,13.9,GOGL
Tue Oct 13 2015 00:00:00 GMT+0800 (China Standard Time),2.75,2.75,2.57,2.58,43900,12.9,GOGL
Wed Oct 14 2015 00:00:00 GMT+0800 (China Standard Time),2.61,2.67,2.55,2.6,58200,13,GOGL
Thu Oct 15 2015 00:00:00 GMT+0800 (China Standard Time),2.59,2.72,2.55,2.7,61200,13.5,GOGL
Fri Oct 16 2015 00:00:00 GMT+0800 (China Standard Time),2.69,2.69,2.52,2.61,48100,13.05,GOGL
Mon Oct 19 2015 00:00:00 GMT+0800 (China Standard Time),2.56,2.56,2.45,2.45,37200,12.25,GOGL
Tue Oct 20 2015 00:00:00 GMT+0800 (China Standard Time),2.52,2.56,2.5,2.53,31700,12.65,GOGL
Wed Oct 21 2015 00:00:00 GMT+0800 (China Standard Time),2.54,2.54,2.47,2.5,24800,12.5,GOGL
Thu Oct 22 2015 00:00:00 GMT+0800 (China Standard Time),2.5,2.5,2.42,2.47,95300,12.350001,GOGL
Fri Oct 23 2015 00:00:00 GMT+0800 (China Standard Time),2.42,2.42,2.27,2.32,58200,11.600001,GOGL
Mon Oct 26 2015 00:00:00 GMT+0800 (China Standard Time),2.32,2.32,2.13,2.17,76600,10.850001,GOGL
Tue Oct 27 2015 00:00:00 GMT+0800 (China Standard Time),2.1,2.1,1.98,2.01,122500,10.05,GOGL
Wed Oct 28 2015 00:00:00 GMT+0800 (China Standard Time),1.95,2,1.92,1.98,81300,9.9,GOGL
Thu Oct 29 2015 00:00:00 GMT+0800 (China Standard Time),1.92,2.04,1.92,1.99,63700,9.95,GOGL
Fri Oct 30 2015 00:00:00 GMT+0800 (China Standard Time),1.98,2,1.95,1.97,40700,9.850001,GOGL
Mon Nov 02 2015 00:00:00 GMT+0800 (China Standard Time),1.97,1.97,1.83,1.88,76300,9.4,GOGL
Tue Nov 03 2015 00:00:00 GMT+0800 (China Standard Time),1.86,1.92,1.86,1.86,46000,9.3,GOGL
Wed Nov 04 2015 00:00:00 GMT+0800 (China Standard Time),1.85,1.86,1.73,1.79,79200,8.95,GOGL
Thu Nov 05 2015 00:00:00 GMT+0800 (China Standard Time),1.83,1.87,1.79,1.86,61800,9.3,GOGL
Fri Nov 06 2015 00:00:00 GMT+0800 (China Standard Time),1.83,1.86,1.8,1.85,35000,9.25,GOGL
Mon Nov 09 2015 00:00:00 GMT+0800 (China Standard Time),1.85,1.91,1.81,1.87,34300,9.350001,GOGL
Tue Nov 10 2015 00:00:00 GMT+0800 (China Standard Time),1.92,1.95,1.88,1.91,47400,9.55,GOGL
Wed Nov 11 2015 00:00:00 GMT+0800 (China Standard Time),1.86,1.89,1.77,1.79,63900,8.95,GOGL
Thu Nov 12 2015 00:00:00 GMT+0800 (China Standard Time),1.76,1.81,1.75,1.75,43300,8.75,GOGL
Fri Nov 13 2015 00:00:00 GMT+0800 (China Standard Time),1.74,1.79,1.73,1.75,49600,8.75,GOGL
Mon Nov 16 2015 00:00:00 GMT+0800 (China Standard Time),1.76,1.77,1.72,1.75,54700,8.75,GOGL
Tue Nov 17 2015 00:00:00 GMT+0800 (China Standard Time),1.73,1.77,1.68,1.7,88200,8.5,GOGL
Wed Nov 18 2015 00:00:00 GMT+0800 (China Standard Time),1.73,1.73,1.61,1.68,93300,8.4,GOGL
Thu Nov 19 2015 00:00:00 GMT+0800 (China Standard Time),1.68,1.68,1.63,1.68,46900,8.4,GOGL
Fri Nov 20 2015 00:00:00 GMT+0800 (China Standard Time),1.63,1.63,1.52,1.54,102300,7.7,GOGL
Mon Nov 23 2015 00:00:00 GMT+0800 (China Standard Time),1.58,1.63,1.53,1.54,132500,7.7,GOGL
Tue Nov 24 2015 00:00:00 GMT+0800 (China Standard Time),1.55,1.56,1.46,1.51,95700,7.55,GOGL
Wed Nov 25 2015 00:00:00 GMT+0800 (China Standard Time),1.51,1.54,1.47,1.48,85700,7.4,GOGL
Fri Nov 27 2015 00:00:00 GMT+0800 (China Standard Time),1.65,1.77,1.65,1.74,72300,8.7,GOGL
Mon Nov 30 2015 00:00:00 GMT+0800 (China Standard Time),1.73,1.76,1.69,1.69,74500,8.45,GOGL
Tue Dec 01 2015 00:00:00 GMT+0800 (China Standard Time),1.73,1.75,1.69,1.73,50000,8.65,GOGL
Wed Dec 02 2015 00:00:00 GMT+0800 (China Standard Time),1.61,1.61,1.51,1.51,75000,7.55,GOGL
Thu Dec 03 2015 00:00:00 GMT+0800 (China Standard Time),1.51,1.52,1.46,1.47,28800,7.35,GOGL
Fri Dec 04 2015 00:00:00 GMT+0800 (China Standard Time),1.46,1.49,1.36,1.39,103800,6.95,GOGL
Mon Dec 07 2015 00:00:00 GMT+0800 (China Standard Time),1.37,1.37,1.26,1.28,68800,6.4,GOGL
Tue Dec 08 2015 00:00:00 GMT+0800 (China Standard Time),1.26,1.34,1.25,1.31,44800,6.55,GOGL
Wed Dec 09 2015 00:00:00 GMT+0800 (China Standard Time),1.29,1.34,1.27,1.28,61700,6.4,GOGL
Thu Dec 10 2015 00:00:00 GMT+0800 (China Standard Time),1.27,1.28,1.24,1.25,68800,6.25,GOGL
Fri Dec 11 2015 00:00:00 GMT+0800 (China Standard Time),1.17,1.21,1.15,1.15,71000,5.75,GOGL
Mon Dec 14 2015 00:00:00 GMT+0800 (China Standard Time),1.08,1.09,1.02,1.09,73900,5.45,GOGL
Tue Dec 15 2015 00:00:00 GMT+0800 (China Standard Time),1.03,1.03,0.97,0.99,115000,4.95,GOGL
Wed Dec 16 2015 00:00:00 GMT+0800 (China Standard Time),0.98,1.04,0.98,1,95900,5,GOGL
Thu Dec 17 2015 00:00:00 GMT+0800 (China Standard Time),1.06,1.12,1.03,1.06,219300,5.3,GOGL
Fri Dec 18 2015 00:00:00 GMT+0800 (China Standard Time),1.16,1.22,1.11,1.21,192200,6.05,GOGL
Mon Dec 21 2015 00:00:00 GMT+0800 (China Standard Time),1.21,1.23,1.17,1.18,74000,5.9,GOGL
Tue Dec 22 2015 00:00:00 GMT+0800 (China Standard Time),1.18,1.23,1.17,1.19,42500,5.95,GOGL
Wed Dec 23 2015 00:00:00 GMT+0800 (China Standard Time),1.19,1.23,1.16,1.21,46000,6.05,GOGL
Thu Dec 24 2015 00:00:00 GMT+0800 (China Standard Time),1.19,1.24,1.19,1.23,31700,6.15,GOGL
Mon Dec 28 2015 00:00:00 GMT+0800 (China Standard Time),1.17,1.17,1.11,1.12,45600,5.6,GOGL
Tue Dec 29 2015 00:00:00 GMT+0800 (China Standard Time),1.1,1.14,1.1,1.11,39000,5.55,GOGL
Wed Dec 30 2015 00:00:00 GMT+0800 (China Standard Time),1.09,1.11,1.07,1.07,43900,5.35,GOGL
Thu Dec 31 2015 00:00:00 GMT+0800 (China Standard Time),1.07,1.09,1.05,1.07,64900,5.35,GOGL
Mon Jan 04 2016 00:00:00 GMT+0800 (China Standard Time),1.07,1.07,1,1.01,63100,5.05,GOGL
Tue Jan 05 2016 00:00:00 GMT+0800 (China Standard Time),1.02,1.02,0.96,0.96,43700,4.8,GOGL
Wed Jan 06 2016 00:00:00 GMT+0800 (China Standard Time),0.95,0.95,0.88,0.89,68100,4.45,GOGL
Thu Jan 07 2016 00:00:00 GMT+0800 (China Standard Time),0.86,0.86,0.72,0.74,71600,3.7,GOGL
Fri Jan 08 2016 00:00:00 GMT+0800 (China Standard Time),0.74,0.76,0.72,0.73,37000,3.65,GOGL
Mon Jan 11 2016 00:00:00 GMT+0800 (China Standard Time),0.7,0.7,0.63,0.64,55900,3.2,GOGL
Tue Jan 12 2016 00:00:00 GMT+0800 (China Standard Time),0.68,0.7,0.61,0.64,120000,3.2,GOGL
Wed Jan 13 2016 00:00:00 GMT+0800 (China Standard Time),0.71,0.79,0.66,0.7,130400,3.5,GOGL
Thu Jan 14 2016 00:00:00 GMT+0800 (China Standard Time),0.73,0.79,0.73,0.77,62600,3.85,GOGL
Fri Jan 15 2016 00:00:00 GMT+0800 (China Standard Time),0.75,0.75,0.7,0.71,37200,3.55,GOGL
Tue Jan 19 2016 00:00:00 GMT+0800 (China Standard Time),0.72,0.78,0.66,0.7,65300,3.5,GOGL
Wed Jan 20 2016 00:00:00 GMT+0800 (China Standard Time),0.67,0.71,0.6,0.65,73900,3.25,GOGL
Thu Jan 21 2016 00:00:00 GMT+0800 (China Standard Time),0.62,0.72,0.62,0.7,38000,3.5,GOGL
Fri Jan 22 2016 00:00:00 GMT+0800 (China Standard Time),0.71,0.75,0.69,0.74,37400,3.7,GOGL
Mon Jan 25 2016 00:00:00 GMT+0800 (China Standard Time),0.74,0.75,0.71,0.73,30700,3.65,GOGL
Tue Jan 26 2016 00:00:00 GMT+0800 (China Standard Time),0.71,0.76,0.71,0.74,42900,3.7,GOGL
Wed Jan 27 2016 00:00:00 GMT+0800 (China Standard Time),0.73,0.76,0.71,0.71,33100,3.55,GOGL
Thu Jan 28 2016 00:00:00 GMT+0800 (China Standard Time),0.71,0.77,0.71,0.71,23700,3.55,GOGL
Fri Jan 29 2016 00:00:00 GMT+0800 (China Standard Time),0.69,0.74,0.67,0.74,42800,3.7,GOGL
Mon Feb 01 2016 00:00:00 GMT+0800 (China Standard Time),0.69,0.69,0.66,0.66,100200,3.3,GOGL
Tue Feb 02 2016 00:00:00 GMT+0800 (China Standard Time),0.66,0.66,0.61,0.63,126300,3.15,GOGL
Wed Feb 03 2016 00:00:00 GMT+0800 (China Standard Time),0.65,0.65,0.61,0.63,103600,3.15,GOGL
Thu Feb 04 2016 00:00:00 GMT+0800 (China Standard Time),0.63,0.68,0.63,0.66,42600,3.3,GOGL
Fri Feb 05 2016 00:00:00 GMT+0800 (China Standard Time),0.63,0.69,0.63,0.63,39400,3.15,GOGL
Mon Feb 08 2016 00:00:00 GMT+0800 (China Standard Time),0.63,0.65,0.6,0.61,37700,3.05,GOGL
Tue Feb 09 2016 00:00:00 GMT+0800 (China Standard Time),0.6,0.71,0.6,0.62,69200,3.1,GOGL
Wed Feb 10 2016 00:00:00 GMT+0800 (China Standard Time),0.6,0.67,0.6,0.61,66800,3.05,GOGL
Thu Feb 11 2016 00:00:00 GMT+0800 (China Standard Time),0.6,0.62,0.6,0.61,31500,3.05,GOGL
Fri Feb 12 2016 00:00:00 GMT+0800 (China Standard Time),0.65,0.68,0.61,0.67,40300,3.35,GOGL
Tue Feb 16 2016 00:00:00 GMT+0800 (China Standard Time),0.7,0.85,0.7,0.8,82300,4,GOGL
Wed Feb 17 2016 00:00:00 GMT+0800 (China Standard Time),0.79,0.82,0.74,0.81,83400,4.05,GOGL
Thu Feb 18 2016 00:00:00 GMT+0800 (China Standard Time),0.8,0.8,0.69,0.72,114500,3.6,GOGL
Fri Feb 19 2016 00:00:00 GMT+0800 (China Standard Time),0.68,0.7,0.6,0.65,121800,3.25,GOGL
Mon Feb 22 2016 00:00:00 GMT+0800 (China Standard Time),0.64,0.66,0.62,0.65,89700,3.25,GOGL
Tue Feb 23 2016 00:00:00 GMT+0800 (China Standard Time),0.65,0.7,0.65,0.66,66900,3.3,GOGL
Wed Feb 24 2016 00:00:00 GMT+0800 (China Standard Time),0.6,0.6,0.51,0.55,238900,2.75,GOGL
Thu Feb 25 2016 00:00:00 GMT+0800 (China Standard Time),0.6,0.6,0.53,0.54,41700,2.7,GOGL
Fri Feb 26 2016 00:00:00 GMT+0800 (China Standard Time),0.53,0.57,0.53,0.56,81400,2.8,GOGL
Mon Feb 29 2016 00:00:00 GMT+0800 (China Standard Time),0.58,0.62,0.55,0.58,139900,2.9,GOGL
Tue Mar 01 2016 00:00:00 GMT+0800 (China Standard Time),0.59,0.62,0.58,0.6,118800,3,GOGL
Wed Mar 02 2016 00:00:00 GMT+0800 (China Standard Time),0.61,0.61,0.58,0.58,70900,2.9,GOGL
Thu Mar 03 2016 00:00:00 GMT+0800 (China Standard Time),0.58,0.62,0.58,0.62,178400,3.1,GOGL
Fri Mar 04 2016 00:00:00 GMT+0800 (China Standard Time),0.68,0.85,0.63,0.8,386100,4,GOGL
Mon Mar 07 2016 00:00:00 GMT+0800 (China Standard Time),0.75,0.8,0.72,0.75,377500,3.75,GOGL
Tue Mar 08 2016 00:00:00 GMT+0800 (China Standard Time),0.74,0.74,0.66,0.67,169200,3.35,GOGL
Wed Mar 09 2016 00:00:00 GMT+0800 (China Standard Time),0.7,0.72,0.67,0.69,235400,3.45,GOGL
Thu Mar 10 2016 00:00:00 GMT+0800 (China Standard Time),0.69,0.7,0.64,0.67,140100,3.35,GOGL
Fri Mar 11 2016 00:00:00 GMT+0800 (China Standard Time),0.66,0.69,0.62,0.68,97200,3.4,GOGL
Mon Mar 14 2016 00:00:00 GMT+0800 (China Standard Time),0.72,0.72,0.65,0.68,39100,3.4,GOGL
Tue Mar 15 2016 00:00:00 GMT+0800 (China Standard Time),0.67,0.67,0.62,0.64,55000,3.2,GOGL
Wed Mar 16 2016 00:00:00 GMT+0800 (China Standard Time),0.64,0.64,0.61,0.64,56500,3.2,GOGL
Thu Mar 17 2016 00:00:00 GMT+0800 (China Standard Time),0.64,0.64,0.61,0.63,65500,3.15,GOGL
Fri Mar 18 2016 00:00:00 GMT+0800 (China Standard Time),0.67,0.7,0.63,0.68,195200,3.4,GOGL
Mon Mar 21 2016 00:00:00 GMT+0800 (China Standard Time),0.68,0.69,0.66,0.69,65300,3.45,GOGL
Tue Mar 22 2016 00:00:00 GMT+0800 (China Standard Time),0.69,0.7,0.67,0.67,93200,3.35,GOGL
Wed Mar 23 2016 00:00:00 GMT+0800 (China Standard Time),0.68,0.69,0.61,0.64,78500,3.2,GOGL
Thu Mar 24 2016 00:00:00 GMT+0800 (China Standard Time),0.64,0.66,0.64,0.66,30900,3.3,GOGL
Mon Mar 28 2016 00:00:00 GMT+0800 (China Standard Time),0.67,0.67,0.62,0.65,41300,3.25,GOGL
Tue Mar 29 2016 00:00:00 GMT+0800 (China Standard Time),0.65,0.66,0.64,0.66,28500,3.3,GOGL
Wed Mar 30 2016 00:00:00 GMT+0800 (China Standard Time),0.67,0.7,0.65,0.68,109000,3.4,GOGL
Thu Mar 31 2016 00:00:00 GMT+0800 (China Standard Time),0.68,0.71,0.68,0.7,142200,3.5,GOGL
Fri Apr 01 2016 00:00:00 GMT+0800 (China Standard Time),0.69,0.71,0.69,0.69,58900,3.45,GOGL
Mon Apr 04 2016 00:00:00 GMT+0800 (China Standard Time),0.7,0.72,0.66,0.66,50300,3.3,GOGL
Tue Apr 05 2016 00:00:00 GMT+0800 (China Standard Time),0.67,0.68,0.66,0.66,35300,3.3,GOGL
Wed Apr 06 2016 00:00:00 GMT+0800 (China Standard Time),0.67,0.68,0.65,0.67,83200,3.35,GOGL
Thu Apr 07 2016 00:00:00 GMT+0800 (China Standard Time),0.67,0.7,0.66,0.66,50300,3.3,GOGL
Fri Apr 08 2016 00:00:00 GMT+0800 (China Standard Time),0.68,0.75,0.68,0.72,98900,3.6,GOGL
Mon Apr 11 2016 00:00:00 GMT+0800 (China Standard Time),0.73,0.92,0.73,0.86,330900,4.3,GOGL
Tue Apr 12 2016 00:00:00 GMT+0800 (China Standard Time),0.83,0.85,0.79,0.83,176100,4.15,GOGL
Wed Apr 13 2016 00:00:00 GMT+0800 (China Standard Time),0.81,0.89,0.79,0.83,148100,4.15,GOGL
Thu Apr 14 2016 00:00:00 GMT+0800 (China Standard Time),0.88,0.9,0.83,0.88,306200,4.4,GOGL
Fri Apr 15 2016 00:00:00 GMT+0800 (China Standard Time),0.87,0.91,0.87,0.9,184500,4.5,GOGL
Mon Apr 18 2016 00:00:00 GMT+0800 (China Standard Time),0.84,0.9,0.84,0.9,76100,4.5,GOGL
Tue Apr 19 2016 00:00:00 GMT+0800 (China Standard Time),0.87,0.94,0.87,0.92,86100,4.6,GOGL
Wed Apr 20 2016 00:00:00 GMT+0800 (China Standard Time),0.83,0.89,0.83,0.85,132800,4.25,GOGL
Thu Apr 21 2016 00:00:00 GMT+0800 (China Standard Time),0.82,0.86,0.81,0.84,116600,4.2,GOGL
Fri Apr 22 2016 00:00:00 GMT+0800 (China Standard Time),0.85,0.9,0.84,0.89,119600,4.45,GOGL
Mon Apr 25 2016 00:00:00 GMT+0800 (China Standard Time),0.89,0.89,0.85,0.85,58200,4.25,GOGL
Tue Apr 26 2016 00:00:00 GMT+0800 (China Standard Time),0.85,0.92,0.85,0.9,86700,4.5,GOGL
Wed Apr 27 2016 00:00:00 GMT+0800 (China Standard Time),0.86,0.92,0.83,0.9,185600,4.5,GOGL
Thu Apr 28 2016 00:00:00 GMT+0800 (China Standard Time),0.86,0.98,0.85,0.88,535400,4.4,GOGL
Fri Apr 29 2016 00:00:00 GMT+0800 (China Standard Time),0.94,0.94,0.86,0.87,284900,4.35,GOGL
Mon May 02 2016 00:00:00 GMT+0800 (China Standard Time),0.87,0.89,0.84,0.87,166900,4.35,GOGL
Tue May 03 2016 00:00:00 GMT+0800 (China Standard Time),0.84,0.84,0.76,0.77,150100,3.85,GOGL
Wed May 04 2016 00:00:00 GMT+0800 (China Standard Time),0.73,0.78,0.72,0.73,72900,3.65,GOGL
Thu May 05 2016 00:00:00 GMT+0800 (China Standard Time),0.74,0.76,0.7,0.71,66900,3.55,GOGL
Fri May 06 2016 00:00:00 GMT+0800 (China Standard Time),0.71,0.77,0.7,0.74,55900,3.7,GOGL
Mon May 09 2016 00:00:00 GMT+0800 (China Standard Time),0.73,0.73,0.67,0.68,61500,3.4,GOGL
Tue May 10 2016 00:00:00 GMT+0800 (China Standard Time),0.69,0.7,0.68,0.69,44300,3.45,GOGL
Wed May 11 2016 00:00:00 GMT+0800 (China Standard Time),0.7,0.74,0.7,0.71,38200,3.55,GOGL
Thu May 12 2016 00:00:00 GMT+0800 (China Standard Time),0.76,0.76,0.7,0.72,51300,3.6,GOGL
Fri May 13 2016 00:00:00 GMT+0800 (China Standard Time),0.72,0.72,0.67,0.68,29300,3.4,GOGL
Mon May 16 2016 00:00:00 GMT+0800 (China Standard Time),0.67,0.76,0.67,0.73,43600,3.65,GOGL
Tue May 17 2016 00:00:00 GMT+0800 (China Standard Time),0.71,0.74,0.69,0.72,49900,3.6,GOGL
Wed May 18 2016 00:00:00 GMT+0800 (China Standard Time),0.7,0.73,0.7,0.71,30100,3.55,GOGL
Thu May 19 2016 00:00:00 GMT+0800 (China Standard Time),0.68,0.71,0.67,0.68,43800,3.4,GOGL
Fri May 20 2016 00:00:00 GMT+0800 (China Standard Time),0.69,0.74,0.67,0.71,26500,3.55,GOGL
Mon May 23 2016 00:00:00 GMT+0800 (China Standard Time),0.73,0.74,0.69,0.71,30100,3.55,GOGL
Tue May 24 2016 00:00:00 GMT+0800 (China Standard Time),0.71,0.72,0.66,0.71,44500,3.55,GOGL
Wed May 25 2016 00:00:00 GMT+0800 (China Standard Time),0.71,0.71,0.66,0.67,61600,3.35,GOGL
Thu May 26 2016 00:00:00 GMT+0800 (China Standard Time),0.68,0.7,0.67,0.68,17000,3.4,GOGL
Fri May 27 2016 00:00:00 GMT+0800 (China Standard Time),0.76,0.77,0.7,0.77,119700,3.85,GOGL
Tue May 31 2016 00:00:00 GMT+0800 (China Standard Time),0.8,0.81,0.79,0.8,50100,4,GOGL
Wed Jun 01 2016 00:00:00 GMT+0800 (China Standard Time),0.77,0.79,0.75,0.78,27400,3.9,GOGL
Thu Jun 02 2016 00:00:00 GMT+0800 (China Standard Time),0.8,0.8,0.76,0.78,21500,3.9,GOGL
Fri Jun 03 2016 00:00:00 GMT+0800 (China Standard Time),0.76,0.79,0.76,0.79,20000,3.95,GOGL
Mon Jun 06 2016 00:00:00 GMT+0800 (China Standard Time),0.8,0.88,0.78,0.82,72300,4.1,GOGL
Tue Jun 07 2016 00:00:00 GMT+0800 (China Standard Time),0.8,0.83,0.76,0.82,48700,4.1,GOGL
Wed Jun 08 2016 00:00:00 GMT+0800 (China Standard Time),0.8,0.83,0.79,0.8,18500,4,GOGL
Thu Jun 09 2016 00:00:00 GMT+0800 (China Standard Time),0.8,0.81,0.79,0.79,13800,3.95,GOGL
Fri Jun 10 2016 00:00:00 GMT+0800 (China Standard Time),0.8,0.81,0.79,0.79,19900,3.95,GOGL
Mon Jun 13 2016 00:00:00 GMT+0800 (China Standard Time),0.75,0.76,0.73,0.73,47500,3.65,GOGL
Tue Jun 14 2016 00:00:00 GMT+0800 (China Standard Time),0.72,0.72,0.7,0.7,25600,3.5,GOGL
Wed Jun 15 2016 00:00:00 GMT+0800 (China Standard Time),0.7,0.75,0.7,0.7,30900,3.5,GOGL
Thu Jun 16 2016 00:00:00 GMT+0800 (China Standard Time),0.67,0.74,0.66,0.68,138300,3.4,GOGL
Fri Jun 17 2016 00:00:00 GMT+0800 (China Standard Time),0.68,0.71,0.68,0.71,47500,3.55,GOGL
Mon Jun 20 2016 00:00:00 GMT+0800 (China Standard Time),0.78,0.81,0.72,0.73,33500,3.65,GOGL
Tue Jun 21 2016 00:00:00 GMT+0800 (China Standard Time),0.71,0.76,0.69,0.71,18600,3.55,GOGL
Wed Jun 22 2016 00:00:00 GMT+0800 (China Standard Time),0.69,0.75,0.68,0.73,60600,3.65,GOGL
Thu Jun 23 2016 00:00:00 GMT+0800 (China Standard Time),0.76,0.8,0.73,0.8,43900,4,GOGL
Fri Jun 24 2016 00:00:00 GMT+0800 (China Standard Time),0.73,0.76,0.67,0.72,1210000,3.6,GOGL
Mon Jun 27 2016 00:00:00 GMT+0800 (China Standard Time),0.68,0.72,0.62,0.62,190200,3.1,GOGL
Tue Jun 28 2016 00:00:00 GMT+0800 (China Standard Time),0.73,0.74,0.64,0.65,104300,3.25,GOGL
Wed Jun 29 2016 00:00:00 GMT+0800 (China Standard Time),0.69,0.71,0.67,0.67,76500,3.35,GOGL
Thu Jun 30 2016 00:00:00 GMT+0800 (China Standard Time),0.71,0.72,0.63,0.66,62100,3.3,GOGL
Fri Jul 01 2016 00:00:00 GMT+0800 (China Standard Time),0.67,0.7,0.67,0.69,54600,3.45,GOGL
Tue Jul 05 2016 00:00:00 GMT+0800 (China Standard Time),0.69,0.71,0.66,0.68,26000,3.4,GOGL
Wed Jul 06 2016 00:00:00 GMT+0800 (China Standard Time),0.67,0.67,0.65,0.66,51100,3.3,GOGL
Thu Jul 07 2016 00:00:00 GMT+0800 (China Standard Time),0.66,0.69,0.66,0.66,14400,3.3,GOGL
Fri Jul 08 2016 00:00:00 GMT+0800 (China Standard Time),0.65,0.69,0.65,0.68,18700,3.4,GOGL
Mon Jul 11 2016 00:00:00 GMT+0800 (China Standard Time),0.67,0.71,0.67,0.7,30700,3.5,GOGL
Tue Jul 12 2016 00:00:00 GMT+0800 (China Standard Time),0.72,0.73,0.7,0.72,53100,3.6,GOGL
Wed Jul 13 2016 00:00:00 GMT+0800 (China Standard Time),0.71,0.75,0.71,0.74,77900,3.7,GOGL
Thu Jul 14 2016 00:00:00 GMT+0800 (China Standard Time),0.75,0.77,0.75,0.75,30600,3.75,GOGL
Fri Jul 15 2016 00:00:00 GMT+0800 (China Standard Time),0.75,0.75,0.7,0.74,32300,3.7,GOGL
Mon Jul 18 2016 00:00:00 GMT+0800 (China Standard Time),0.75,0.75,0.73,0.74,32100,3.7,GOGL
Tue Jul 19 2016 00:00:00 GMT+0800 (China Standard Time),0.74,0.74,0.72,0.73,15300,3.65,GOGL
Wed Jul 20 2016 00:00:00 GMT+0800 (China Standard Time),0.72,0.73,0.72,0.72,18400,3.6,GOGL
Thu Jul 21 2016 00:00:00 GMT+0800 (China Standard Time),0.7,0.79,0.7,0.75,106900,3.75,GOGL
Fri Jul 22 2016 00:00:00 GMT+0800 (China Standard Time),0.72,0.73,0.69,0.69,32500,3.45,GOGL
Mon Jul 25 2016 00:00:00 GMT+0800 (China Standard Time),0.69,0.7,0.68,0.68,21100,3.4,GOGL
Tue Jul 26 2016 00:00:00 GMT+0800 (China Standard Time),0.67,0.7,0.67,0.69,21300,3.45,GOGL
Wed Jul 27 2016 00:00:00 GMT+0800 (China Standard Time),0.68,0.7,0.68,0.68,8900,3.4,GOGL
Thu Jul 28 2016 00:00:00 GMT+0800 (China Standard Time),0.69,0.7,0.67,0.67,25100,3.35,GOGL
Fri Jul 29 2016 00:00:00 GMT+0800 (China Standard Time),0.67,0.69,0.66,0.67,19700,3.35,GOGL
Mon Aug 01 2016 00:00:00 GMT+0800 (China Standard Time),3.22,3.5,3.22,3.31,71900,3.31,GOGL
Tue Aug 02 2016 00:00:00 GMT+0800 (China Standard Time),3.36,3.53,3.36,3.5,103600,3.5,GOGL
Wed Aug 03 2016 00:00:00 GMT+0800 (China Standard Time),3.52,3.52,3.42,3.43,34300,3.43,GOGL
Thu Aug 04 2016 00:00:00 GMT+0800 (China Standard Time),3.43,3.51,3.43,3.5,31300,3.5,GOGL
Fri Aug 05 2016 00:00:00 GMT+0800 (China Standard Time),3.45,3.77,3.39,3.56,123400,3.56,GOGL
Mon Aug 08 2016 00:00:00 GMT+0800 (China Standard Time),3.49,3.68,3.46,3.6,92100,3.6,GOGL
Tue Aug 09 2016 00:00:00 GMT+0800 (China Standard Time),3.5,3.59,3.46,3.5,46900,3.5,GOGL
Wed Aug 10 2016 00:00:00 GMT+0800 (China Standard Time),3.53,3.58,3.49,3.49,16600,3.49,GOGL
Thu Aug 11 2016 00:00:00 GMT+0800 (China Standard Time),3.52,3.58,3.51,3.54,27400,3.54,GOGL
Fri Aug 12 2016 00:00:00 GMT+0800 (China Standard Time),3.68,3.73,3.64,3.65,40000,3.65,GOGL
Mon Aug 15 2016 00:00:00 GMT+0800 (China Standard Time),3.7,3.73,3.67,3.68,72700,3.68,GOGL
Tue Aug 16 2016 00:00:00 GMT+0800 (China Standard Time),3.65,3.73,3.58,3.58,39000,3.58,GOGL
Wed Aug 17 2016 00:00:00 GMT+0800 (China Standard Time),3.56,3.58,3.46,3.54,70800,3.54,GOGL
Thu Aug 18 2016 00:00:00 GMT+0800 (China Standard Time),3.54,3.65,3.52,3.56,29600,3.56,GOGL
Fri Aug 19 2016 00:00:00 GMT+0800 (China Standard Time),3.52,3.56,3.49,3.53,21200,3.53,GOGL
Mon Aug 22 2016 00:00:00 GMT+0800 (China Standard Time),3.51,3.57,3.49,3.49,27100,3.49,GOGL
Tue Aug 23 2016 00:00:00 GMT+0800 (China Standard Time),3.53,3.67,3.53,3.58,26700,3.58,GOGL
Wed Aug 24 2016 00:00:00 GMT+0800 (China Standard Time),3.7,3.79,3.6,3.63,63900,3.63,GOGL
Thu Aug 25 2016 00:00:00 GMT+0800 (China Standard Time),3.63,3.66,3.4,3.57,33100,3.57,GOGL
Fri Aug 26 2016 00:00:00 GMT+0800 (China Standard Time),3.61,3.69,3.49,3.5,35600,3.5,GOGL
Mon Aug 29 2016 00:00:00 GMT+0800 (China Standard Time),3.51,3.69,3.5,3.64,88500,3.64,GOGL
Tue Aug 30 2016 00:00:00 GMT+0800 (China Standard Time),3.62,3.74,3.62,3.66,30700,3.66,GOGL
Wed Aug 31 2016 00:00:00 GMT+0800 (China Standard Time),3.7,3.71,3.6,3.65,44900,3.65,GOGL
Thu Sep 01 2016 00:00:00 GMT+0800 (China Standard Time),3.64,3.72,3.62,3.69,30200,3.69,GOGL
Fri Sep 02 2016 00:00:00 GMT+0800 (China Standard Time),3.71,3.91,3.7,3.87,204400,3.87,GOGL
Tue Sep 06 2016 00:00:00 GMT+0800 (China Standard Time),4.02,4.4,3.98,4.25,416000,4.25,GOGL
Wed Sep 07 2016 00:00:00 GMT+0800 (China Standard Time),4.21,4.25,4.15,4.22,94800,4.22,GOGL
Thu Sep 08 2016 00:00:00 GMT+0800 (China Standard Time),4.14,4.5,4.11,4.49,251900,4.49,GOGL
Fri Sep 09 2016 00:00:00 GMT+0800 (China Standard Time),4.37,4.37,4.17,4.2,86600,4.2,GOGL
Mon Sep 12 2016 00:00:00 GMT+0800 (China Standard Time),4.11,4.19,4.01,4.12,185400,4.12,GOGL
Tue Sep 13 2016 00:00:00 GMT+0800 (China Standard Time),4.06,4.1,3.8,3.88,91500,3.88,GOGL
Wed Sep 14 2016 00:00:00 GMT+0800 (China Standard Time),3.9,3.95,3.78,3.88,87400,3.88,GOGL
Thu Sep 15 2016 00:00:00 GMT+0800 (China Standard Time),3.9,4.04,3.84,3.97,50400,3.97,GOGL
Fri Sep 16 2016 00:00:00 GMT+0800 (China Standard Time),4.05,4.16,4.03,4.12,103700,4.12,GOGL
Mon Sep 19 2016 00:00:00 GMT+0800 (China Standard Time),4.25,4.33,4.21,4.21,90500,4.21,GOGL
Tue Sep 20 2016 00:00:00 GMT+0800 (China Standard Time),4.17,4.35,4.17,4.31,48800,4.31,GOGL
Wed Sep 21 2016 00:00:00 GMT+0800 (China Standard Time),4.4,4.49,4.38,4.49,82000,4.49,GOGL
Thu Sep 22 2016 00:00:00 GMT+0800 (China Standard Time),4.51,4.63,4.46,4.55,296900,4.55,GOGL
Fri Sep 23 2016 00:00:00 GMT+0800 (China Standard Time),4.38,4.46,4.34,4.37,73700,4.37,GOGL
Mon Sep 26 2016 00:00:00 GMT+0800 (China Standard Time),4.32,4.37,4.22,4.22,54600,4.22,GOGL
Tue Sep 27 2016 00:00:00 GMT+0800 (China Standard Time),4.1,4.11,3.93,4,160900,4,GOGL
Wed Sep 28 2016 00:00:00 GMT+0800 (China Standard Time),4.01,4.05,3.91,4.03,32600,4.03,GOGL
Thu Sep 29 2016 00:00:00 GMT+0800 (China Standard Time),4,4.09,3.99,3.99,110300,3.99,GOGL
Fri Sep 30 2016 00:00:00 GMT+0800 (China Standard Time),4,4.09,3.92,4.05,37800,4.05,GOGL
Mon Oct 03 2016 00:00:00 GMT+0800 (China Standard Time),3.99,4.07,3.98,4.07,17500,4.07,GOGL
Tue Oct 04 2016 00:00:00 GMT+0800 (China Standard Time),4.16,4.22,4.13,4.14,28600,4.14,GOGL
Wed Oct 05 2016 00:00:00 GMT+0800 (China Standard Time),4.2,4.31,4.19,4.25,87000,4.25,GOGL
Thu Oct 06 2016 00:00:00 GMT+0800 (China Standard Time),4.31,4.38,4.3,4.34,59400,4.34,GOGL
Fri Oct 07 2016 00:00:00 GMT+0800 (China Standard Time),4.34,4.34,4.12,4.14,27500,4.14,GOGL
Mon Oct 10 2016 00:00:00 GMT+0800 (China Standard Time),4.24,4.31,4.19,4.2,55100,4.2,GOGL
Tue Oct 11 2016 00:00:00 GMT+0800 (China Standard Time),4.13,4.15,3.95,3.96,69400,3.96,GOGL
Wed Oct 12 2016 00:00:00 GMT+0800 (China Standard Time),3.93,3.96,3.9,3.94,31800,3.94,GOGL
Thu Oct 13 2016 00:00:00 GMT+0800 (China Standard Time),3.86,3.86,3.79,3.81,91500,3.81,GOGL
Fri Oct 14 2016 00:00:00 GMT+0800 (China Standard Time),3.84,3.89,3.75,3.8,55400,3.8,GOGL
Mon Oct 17 2016 00:00:00 GMT+0800 (China Standard Time),3.79,3.8,3.73,3.73,13900,3.73,GOGL
Tue Oct 18 2016 00:00:00 GMT+0800 (China Standard Time),3.81,3.88,3.76,3.78,22900,3.78,GOGL
Wed Oct 19 2016 00:00:00 GMT+0800 (China Standard Time),3.81,3.87,3.78,3.78,30200,3.78,GOGL
Thu Oct 20 2016 00:00:00 GMT+0800 (China Standard Time),3.71,3.76,3.67,3.74,30800,3.74,GOGL
Fri Oct 21 2016 00:00:00 GMT+0800 (China Standard Time),3.65,3.7,3.61,3.66,32800,3.66,GOGL
Mon Oct 24 2016 00:00:00 GMT+0800 (China Standard Time),3.65,3.65,3.58,3.64,44500,3.64,GOGL
Tue Oct 25 2016 00:00:00 GMT+0800 (China Standard Time),3.59,3.59,3.5,3.5,41800,3.5,GOGL
Wed Oct 26 2016 00:00:00 GMT+0800 (China Standard Time),3.5,3.63,3.5,3.56,31400,3.56,GOGL
Thu Oct 27 2016 00:00:00 GMT+0800 (China Standard Time),3.56,3.62,3.5,3.54,25700,3.54,GOGL
Fri Oct 28 2016 00:00:00 GMT+0800 (China Standard Time),3.69,3.78,3.69,3.71,39600,3.71,GOGL
Mon Oct 31 2016 00:00:00 GMT+0800 (China Standard Time),3.76,3.76,3.61,3.64,35100,3.64,GOGL
Tue Nov 01 2016 00:00:00 GMT+0800 (China Standard Time),3.73,3.73,3.62,3.67,25300,3.67,GOGL
Wed Nov 02 2016 00:00:00 GMT+0800 (China Standard Time),3.66,3.66,3.55,3.57,21500,3.57,GOGL
Thu Nov 03 2016 00:00:00 GMT+0800 (China Standard Time),3.62,3.7,3.62,3.62,17600,3.62,GOGL
Fri Nov 04 2016 00:00:00 GMT+0800 (China Standard Time),3.65,3.66,3.59,3.6,12000,3.6,GOGL
Mon Nov 07 2016 00:00:00 GMT+0800 (China Standard Time),3.54,3.64,3.54,3.6,20700,3.6,GOGL
Tue Nov 08 2016 00:00:00 GMT+0800 (China Standard Time),3.63,3.75,3.63,3.74,26100,3.74,GOGL
Wed Nov 09 2016 00:00:00 GMT+0800 (China Standard Time),3.7,3.83,3.64,3.82,57000,3.82,GOGL
Thu Nov 10 2016 00:00:00 GMT+0800 (China Standard Time),3.91,4.38,3.9,4.16,423600,4.16,GOGL
Fri Nov 11 2016 00:00:00 GMT+0800 (China Standard Time),4.14,4.36,4.13,4.31,424300,4.31,GOGL
