Tue Nov 11 2014 00:00:00 GMT+0800 (China Standard Time),6.62,7.2,6.5,6.58,623900,6.58,JYNT
Wed Nov 12 2014 00:00:00 GMT+0800 (China Standard Time),6.56,6.85,6.5,6.5,99300,6.5,JYNT
Thu Nov 13 2014 00:00:00 GMT+0800 (China Standard Time),6.51,6.651,6.51,6.62,45100,6.62,JYNT
Fri Nov 14 2014 00:00:00 GMT+0800 (China Standard Time),6.6,7.072,6.5,6.75,40700,6.75,JYNT
Mon Nov 17 2014 00:00:00 GMT+0800 (China Standard Time),6.65,7,6.61,6.76,31000,6.76,JYNT
Tue Nov 18 2014 00:00:00 GMT+0800 (China Standard Time),6.8,7,6.78,6.84,33800,6.84,JYNT
Wed Nov 19 2014 00:00:00 GMT+0800 (China Standard Time),6.9,6.9,6.5,6.5,66200,6.5,JYNT
Thu Nov 20 2014 00:00:00 GMT+0800 (China Standard Time),6.54,6.83,6.501,6.61,74300,6.61,JYNT
Fri Nov 21 2014 00:00:00 GMT+0800 (China Standard Time),6.682,6.682,6.5,6.5,66700,6.5,JYNT
Mon Nov 24 2014 00:00:00 GMT+0800 (China Standard Time),6.51,6.57,6,6.17,83900,6.17,JYNT
Tue Nov 25 2014 00:00:00 GMT+0800 (China Standard Time),6.2,6.4,6.15,6.32,63800,6.32,JYNT
Wed Nov 26 2014 00:00:00 GMT+0800 (China Standard Time),6.251,6.48,6.25,6.32,10900,6.32,JYNT
Fri Nov 28 2014 00:00:00 GMT+0800 (China Standard Time),6.4,6.4,6.18,6.18,6000,6.18,JYNT
Mon Dec 01 2014 00:00:00 GMT+0800 (China Standard Time),6.34,6.479,6.16,6.44,5600,6.44,JYNT
Tue Dec 02 2014 00:00:00 GMT+0800 (China Standard Time),6.16,6.48,6.16,6.39,1600,6.39,JYNT
Wed Dec 03 2014 00:00:00 GMT+0800 (China Standard Time),6.28,6.39,6.28,6.39,800,6.39,JYNT
Thu Dec 04 2014 00:00:00 GMT+0800 (China Standard Time),6.33,6.39,6.33,6.39,1500,6.39,JYNT
Fri Dec 05 2014 00:00:00 GMT+0800 (China Standard Time),6.3,6.45,6.29,6.45,8300,6.45,JYNT
Mon Dec 08 2014 00:00:00 GMT+0800 (China Standard Time),6.48,6.48,6.2,6.37,9500,6.37,JYNT
Tue Dec 09 2014 00:00:00 GMT+0800 (China Standard Time),6.3,6.48,6.2,6.34,20600,6.34,JYNT
Wed Dec 10 2014 00:00:00 GMT+0800 (China Standard Time),6.46,6.49,6.228,6.49,5500,6.49,JYNT
Thu Dec 11 2014 00:00:00 GMT+0800 (China Standard Time),6.49,6.49,6.4,6.49,14700,6.49,JYNT
Fri Dec 12 2014 00:00:00 GMT+0800 (China Standard Time),6.15,6.49,6.04,6.2,15200,6.2,JYNT
Mon Dec 15 2014 00:00:00 GMT+0800 (China Standard Time),6.22,6.46,6.22,6.46,6400,6.46,JYNT
Tue Dec 16 2014 00:00:00 GMT+0800 (China Standard Time),6.48,6.48,6,6.25,18800,6.25,JYNT
Wed Dec 17 2014 00:00:00 GMT+0800 (China Standard Time),6.2,6.46,6.2,6.2,12000,6.2,JYNT
Thu Dec 18 2014 00:00:00 GMT+0800 (China Standard Time),6.48,6.48,6.25,6.4,6100,6.4,JYNT
Fri Dec 19 2014 00:00:00 GMT+0800 (China Standard Time),6.48,6.48,6.16,6.25,56800,6.25,JYNT
Mon Dec 22 2014 00:00:00 GMT+0800 (China Standard Time),6.25,6.47,6.25,6.29,29700,6.29,JYNT
Tue Dec 23 2014 00:00:00 GMT+0800 (China Standard Time),6.25,6.37,6,6.15,32700,6.15,JYNT
Wed Dec 24 2014 00:00:00 GMT+0800 (China Standard Time),6.34,6.34,6.05,6.05,32600,6.05,JYNT
Fri Dec 26 2014 00:00:00 GMT+0800 (China Standard Time),6.123,6.2,6.05,6.07,4200,6.07,JYNT
Mon Dec 29 2014 00:00:00 GMT+0800 (China Standard Time),6.05,6.19,6.05,6.05,28300,6.05,JYNT
Tue Dec 30 2014 00:00:00 GMT+0800 (China Standard Time),6.05,6.07,6,6.07,11200,6.07,JYNT
Wed Dec 31 2014 00:00:00 GMT+0800 (China Standard Time),6.43,6.43,6.38,6.38,1200,6.38,JYNT
Fri Jan 02 2015 00:00:00 GMT+0800 (China Standard Time),6.5,6.5,6.295,6.31,7600,6.31,JYNT
Mon Jan 05 2015 00:00:00 GMT+0800 (China Standard Time),6.21,6.33,6.2,6.31,6400,6.31,JYNT
Tue Jan 06 2015 00:00:00 GMT+0800 (China Standard Time),6.26,6.39,6.26,6.39,5800,6.39,JYNT
Wed Jan 07 2015 00:00:00 GMT+0800 (China Standard Time),6.17,6.5,6.16,6.5,15100,6.5,JYNT
Thu Jan 08 2015 00:00:00 GMT+0800 (China Standard Time),6.494,6.83,6.494,6.58,9400,6.58,JYNT
Fri Jan 09 2015 00:00:00 GMT+0800 (China Standard Time),6.53,6.53,6.53,6.53,400,6.53,JYNT
Mon Jan 12 2015 00:00:00 GMT+0800 (China Standard Time),6.78,6.8,6.44,6.68,1000,6.68,JYNT
Tue Jan 13 2015 00:00:00 GMT+0800 (China Standard Time),6.5,6.75,6.4,6.75,6600,6.75,JYNT
Wed Jan 14 2015 00:00:00 GMT+0800 (China Standard Time),6.32,6.63,6.3,6.46,7400,6.46,JYNT
Thu Jan 15 2015 00:00:00 GMT+0800 (China Standard Time),6.3,6.48,6.3,6.48,2300,6.48,JYNT
Fri Jan 16 2015 00:00:00 GMT+0800 (China Standard Time),6.35,6.8,6.25,6.5,62400,6.5,JYNT
Tue Jan 20 2015 00:00:00 GMT+0800 (China Standard Time),6.64,6.869,6.39,6.412,47300,6.412,JYNT
Wed Jan 21 2015 00:00:00 GMT+0800 (China Standard Time),6.45,6.748,6.45,6.695,7700,6.695,JYNT
Thu Jan 22 2015 00:00:00 GMT+0800 (China Standard Time),6.56,6.75,6.52,6.57,10400,6.57,JYNT
Fri Jan 23 2015 00:00:00 GMT+0800 (China Standard Time),6.57,6.58,6.49,6.57,2900,6.57,JYNT
Mon Jan 26 2015 00:00:00 GMT+0800 (China Standard Time),6.35,6.73,6.33,6.67,5600,6.67,JYNT
Tue Jan 27 2015 00:00:00 GMT+0800 (China Standard Time),6.31,6.76,6.31,6.54,10400,6.54,JYNT
Wed Jan 28 2015 00:00:00 GMT+0800 (China Standard Time),6.54,6.54,6.35,6.43,4200,6.43,JYNT
Thu Jan 29 2015 00:00:00 GMT+0800 (China Standard Time),6.35,6.51,6.3,6.44,1800,6.44,JYNT
Fri Jan 30 2015 00:00:00 GMT+0800 (China Standard Time),6.49,7.5,6.25,6.44,100300,6.44,JYNT
Mon Feb 02 2015 00:00:00 GMT+0800 (China Standard Time),7.5,7.68,6.584,6.82,31200,6.82,JYNT
Tue Feb 03 2015 00:00:00 GMT+0800 (China Standard Time),6.989,6.989,6.51,6.51,4600,6.51,JYNT
Wed Feb 04 2015 00:00:00 GMT+0800 (China Standard Time),6.74,6.849,6.5,6.75,10000,6.75,JYNT
Thu Feb 05 2015 00:00:00 GMT+0800 (China Standard Time),6.75,6.8,6.6,6.78,24300,6.78,JYNT
Fri Feb 06 2015 00:00:00 GMT+0800 (China Standard Time),6.78,7.01,6.69,6.97,40100,6.97,JYNT
Mon Feb 09 2015 00:00:00 GMT+0800 (China Standard Time),6.99,7.2,6.81,6.97,12100,6.97,JYNT
Tue Feb 10 2015 00:00:00 GMT+0800 (China Standard Time),6.83,7.25,6.55,6.66,16400,6.66,JYNT
Wed Feb 11 2015 00:00:00 GMT+0800 (China Standard Time),6.74,7.19,6.71,6.9,9500,6.9,JYNT
Thu Feb 12 2015 00:00:00 GMT+0800 (China Standard Time),6.75,7.39,6.75,6.99,11100,6.99,JYNT
Fri Feb 13 2015 00:00:00 GMT+0800 (China Standard Time),6.96,7.03,6.65,7.03,5400,7.03,JYNT
Tue Feb 17 2015 00:00:00 GMT+0800 (China Standard Time),6.9,7.04,6.9,6.95,1800,6.95,JYNT
Wed Feb 18 2015 00:00:00 GMT+0800 (China Standard Time),7.219,7.23,6.78,6.98,9800,6.98,JYNT
Thu Feb 19 2015 00:00:00 GMT+0800 (China Standard Time),7,7.25,6.7,7.25,15500,7.25,JYNT
Fri Feb 20 2015 00:00:00 GMT+0800 (China Standard Time),6.99,7.19,6.949,7.19,11500,7.19,JYNT
Mon Feb 23 2015 00:00:00 GMT+0800 (China Standard Time),8.8,8.8,7.15,7.27,10100,7.27,JYNT
Tue Feb 24 2015 00:00:00 GMT+0800 (China Standard Time),7.25,7.79,7.25,7.74,16800,7.74,JYNT
Wed Feb 25 2015 00:00:00 GMT+0800 (China Standard Time),7.81,8.31,7.605,7.95,6100,7.95,JYNT
Thu Feb 26 2015 00:00:00 GMT+0800 (China Standard Time),8.14,8.18,7.85,7.88,14900,7.88,JYNT
Fri Feb 27 2015 00:00:00 GMT+0800 (China Standard Time),7.75,8.09,7.75,7.97,7100,7.97,JYNT
Mon Mar 02 2015 00:00:00 GMT+0800 (China Standard Time),9,9,8.06,8.16,5000,8.16,JYNT
Tue Mar 03 2015 00:00:00 GMT+0800 (China Standard Time),8.33,8.99,7.82,8.66,30100,8.66,JYNT
Wed Mar 04 2015 00:00:00 GMT+0800 (China Standard Time),8.95,8.95,8.24,8.43,19600,8.43,JYNT
Thu Mar 05 2015 00:00:00 GMT+0800 (China Standard Time),8.39,8.5,8.05,8.32,7300,8.32,JYNT
Fri Mar 06 2015 00:00:00 GMT+0800 (China Standard Time),8.49,8.899,8.44,8.65,19200,8.65,JYNT
Mon Mar 09 2015 00:00:00 GMT+0800 (China Standard Time),9,9,8.47,8.96,22100,8.96,JYNT
Tue Mar 10 2015 00:00:00 GMT+0800 (China Standard Time),8.71,8.92,8.26,8.75,11700,8.75,JYNT
Wed Mar 11 2015 00:00:00 GMT+0800 (China Standard Time),8.89,8.9,8.54,8.66,9100,8.66,JYNT
Thu Mar 12 2015 00:00:00 GMT+0800 (China Standard Time),8.7,9.4,8.54,8.74,24100,8.74,JYNT
Fri Mar 13 2015 00:00:00 GMT+0800 (China Standard Time),8.74,8.75,8,8.1,20900,8.1,JYNT
Mon Mar 16 2015 00:00:00 GMT+0800 (China Standard Time),8.843,8.843,8.06,8.35,9200,8.35,JYNT
Tue Mar 17 2015 00:00:00 GMT+0800 (China Standard Time),8.28,8.74,8.26,8.47,3600,8.47,JYNT
Wed Mar 18 2015 00:00:00 GMT+0800 (China Standard Time),8.5,8.854,8.4,8.4,18100,8.4,JYNT
Thu Mar 19 2015 00:00:00 GMT+0800 (China Standard Time),8.59,10.5,8.41,8.55,74400,8.55,JYNT
Fri Mar 20 2015 00:00:00 GMT+0800 (China Standard Time),9.7,9.7,7.32,7.32,82700,7.32,JYNT
Mon Mar 23 2015 00:00:00 GMT+0800 (China Standard Time),7.48,7.98,7.12,7.2,23100,7.2,JYNT
Tue Mar 24 2015 00:00:00 GMT+0800 (China Standard Time),7.28,7.69,7.1,7.69,11400,7.69,JYNT
Wed Mar 25 2015 00:00:00 GMT+0800 (China Standard Time),7.58,7.7,7.38,7.68,12700,7.68,JYNT
Thu Mar 26 2015 00:00:00 GMT+0800 (China Standard Time),7.53,8.02,7.46,7.46,3700,7.46,JYNT
Fri Mar 27 2015 00:00:00 GMT+0800 (China Standard Time),7.5,7.916,7.5,7.52,5700,7.52,JYNT
Mon Mar 30 2015 00:00:00 GMT+0800 (China Standard Time),7.65,7.65,7.23,7.61,4300,7.61,JYNT
Tue Mar 31 2015 00:00:00 GMT+0800 (China Standard Time),7.44,8.62,7.25,7.87,7600,7.87,JYNT
Wed Apr 01 2015 00:00:00 GMT+0800 (China Standard Time),7.85,7.85,7.29,7.81,2900,7.81,JYNT
Thu Apr 02 2015 00:00:00 GMT+0800 (China Standard Time),7.57,7.93,7.57,7.88,16100,7.88,JYNT
Mon Apr 06 2015 00:00:00 GMT+0800 (China Standard Time),7.87,8.599,7.823,8.35,10700,8.35,JYNT
Tue Apr 07 2015 00:00:00 GMT+0800 (China Standard Time),8.25,8.555,8.01,8.53,11800,8.53,JYNT
Wed Apr 08 2015 00:00:00 GMT+0800 (China Standard Time),8.77,8.89,8.2,8.89,5700,8.89,JYNT
Thu Apr 09 2015 00:00:00 GMT+0800 (China Standard Time),8.89,8.926,7.59,7.96,11200,7.96,JYNT
Fri Apr 10 2015 00:00:00 GMT+0800 (China Standard Time),8.1,8.75,7.63,8.24,5800,8.24,JYNT
Mon Apr 13 2015 00:00:00 GMT+0800 (China Standard Time),8.5,8.5,8.01,8.47,3100,8.47,JYNT
Tue Apr 14 2015 00:00:00 GMT+0800 (China Standard Time),8.13,8.45,8.13,8.4,1300,8.4,JYNT
Wed Apr 15 2015 00:00:00 GMT+0800 (China Standard Time),8.3,8.6,8.3,8.5,1900,8.5,JYNT
Thu Apr 16 2015 00:00:00 GMT+0800 (China Standard Time),8.555,8.555,8.32,8.33,300,8.33,JYNT
Fri Apr 17 2015 00:00:00 GMT+0800 (China Standard Time),8.43,8.77,8.05,8.3,16700,8.3,JYNT
Mon Apr 20 2015 00:00:00 GMT+0800 (China Standard Time),8.5,8.699,8.4,8.55,8200,8.55,JYNT
Tue Apr 21 2015 00:00:00 GMT+0800 (China Standard Time),8.7,8.7,8.15,8.25,4600,8.25,JYNT
Wed Apr 22 2015 00:00:00 GMT+0800 (China Standard Time),8.5,8.674,8.26,8.56,3200,8.56,JYNT
Thu Apr 23 2015 00:00:00 GMT+0800 (China Standard Time),8.65,8.98,8.35,8.8,11100,8.8,JYNT
Fri Apr 24 2015 00:00:00 GMT+0800 (China Standard Time),8.66,9.1,8.65,9.1,9400,9.1,JYNT
Mon Apr 27 2015 00:00:00 GMT+0800 (China Standard Time),9.15,10,9.15,10,18900,10,JYNT
Tue Apr 28 2015 00:00:00 GMT+0800 (China Standard Time),10,10.87,9.51,10.56,17500,10.56,JYNT
Wed Apr 29 2015 00:00:00 GMT+0800 (China Standard Time),10.97,11,10.5,10.69,21600,10.69,JYNT
Thu Apr 30 2015 00:00:00 GMT+0800 (China Standard Time),10.7,10.7,10.01,10.01,11400,10.01,JYNT
Fri May 01 2015 00:00:00 GMT+0800 (China Standard Time),10.294,10.55,10.211,10.375,11700,10.375,JYNT
Mon May 04 2015 00:00:00 GMT+0800 (China Standard Time),10.25,10.25,10,10,4600,10,JYNT
Tue May 05 2015 00:00:00 GMT+0800 (China Standard Time),10.055,10.09,9.54,9.93,6300,9.93,JYNT
Wed May 06 2015 00:00:00 GMT+0800 (China Standard Time),9.7,9.75,9.31,9.6,5900,9.6,JYNT
Thu May 07 2015 00:00:00 GMT+0800 (China Standard Time),9.85,10,9.8,9.8,3100,9.8,JYNT
Fri May 08 2015 00:00:00 GMT+0800 (China Standard Time),9.94,9.95,9.64,9.85,8900,9.85,JYNT
Mon May 11 2015 00:00:00 GMT+0800 (China Standard Time),10.01,10.01,9.5,9.53,4100,9.53,JYNT
Tue May 12 2015 00:00:00 GMT+0800 (China Standard Time),9.69,9.953,9.37,9.5,10000,9.5,JYNT
Wed May 13 2015 00:00:00 GMT+0800 (China Standard Time),9.39,9.39,9.39,9.39,300,9.39,JYNT
Thu May 14 2015 00:00:00 GMT+0800 (China Standard Time),9.011,9.4,9,9.13,17800,9.13,JYNT
Fri May 15 2015 00:00:00 GMT+0800 (China Standard Time),9.34,9.75,9.328,9.55,19100,9.55,JYNT
Mon May 18 2015 00:00:00 GMT+0800 (China Standard Time),9.55,9.7,9.25,9.7,3800,9.7,JYNT
Tue May 19 2015 00:00:00 GMT+0800 (China Standard Time),9.71,10.2,9.71,10.048,15800,10.048,JYNT
Wed May 20 2015 00:00:00 GMT+0800 (China Standard Time),10.2,10.2,9.55,9.99,9200,9.99,JYNT
Thu May 21 2015 00:00:00 GMT+0800 (China Standard Time),10.05,10.05,9.73,9.95,6100,9.95,JYNT
Fri May 22 2015 00:00:00 GMT+0800 (China Standard Time),10,10,9.8,9.81,1400,9.81,JYNT
Tue May 26 2015 00:00:00 GMT+0800 (China Standard Time),9.9,10,9.7,9.99,12800,9.99,JYNT
Wed May 27 2015 00:00:00 GMT+0800 (China Standard Time),9.85,9.92,9.622,9.66,5200,9.66,JYNT
Thu May 28 2015 00:00:00 GMT+0800 (China Standard Time),9.97,9.97,9.59,9.61,3300,9.61,JYNT
Fri May 29 2015 00:00:00 GMT+0800 (China Standard Time),9.51,9.68,9.21,9.59,9200,9.59,JYNT
Mon Jun 01 2015 00:00:00 GMT+0800 (China Standard Time),9.6,9.75,9.19,9.51,9700,9.51,JYNT
Tue Jun 02 2015 00:00:00 GMT+0800 (China Standard Time),9.5,9.83,9.35,9.82,4700,9.82,JYNT
Wed Jun 03 2015 00:00:00 GMT+0800 (China Standard Time),9.91,9.91,9.57,9.75,4900,9.75,JYNT
Thu Jun 04 2015 00:00:00 GMT+0800 (China Standard Time),9.586,9.586,9.586,9.586,400,9.586,JYNT
Fri Jun 05 2015 00:00:00 GMT+0800 (China Standard Time),9.68,9.9,9.531,9.88,1600,9.88,JYNT
Mon Jun 08 2015 00:00:00 GMT+0800 (China Standard Time),9.91,9.91,9.65,9.91,5300,9.91,JYNT
Tue Jun 09 2015 00:00:00 GMT+0800 (China Standard Time),9.79,9.99,9.66,9.99,6200,9.99,JYNT
Wed Jun 10 2015 00:00:00 GMT+0800 (China Standard Time),10.05,10.55,9.99,10.55,14400,10.55,JYNT
Thu Jun 11 2015 00:00:00 GMT+0800 (China Standard Time),10.29,10.55,10,10.55,15100,10.55,JYNT
Fri Jun 12 2015 00:00:00 GMT+0800 (China Standard Time),10.35,11.56,10.26,11.56,4300,11.56,JYNT
Mon Jun 15 2015 00:00:00 GMT+0800 (China Standard Time),11.56,12.99,11.56,12.27,27100,12.27,JYNT
Tue Jun 16 2015 00:00:00 GMT+0800 (China Standard Time),12.092,12.4,10.88,11.58,19500,11.58,JYNT
Wed Jun 17 2015 00:00:00 GMT+0800 (China Standard Time),11.29,11.74,10.6,11.37,20100,11.37,JYNT
Thu Jun 18 2015 00:00:00 GMT+0800 (China Standard Time),11.38,11.94,11.05,11.71,7100,11.71,JYNT
Fri Jun 19 2015 00:00:00 GMT+0800 (China Standard Time),11.67,11.74,10.885,11.24,44300,11.24,JYNT
Mon Jun 22 2015 00:00:00 GMT+0800 (China Standard Time),12.15,12.155,11.52,11.57,7300,11.57,JYNT
Tue Jun 23 2015 00:00:00 GMT+0800 (China Standard Time),11.49,11.49,10.89,11.23,4000,11.23,JYNT
Wed Jun 24 2015 00:00:00 GMT+0800 (China Standard Time),11.07,11.49,11.01,11.15,6900,11.15,JYNT
Thu Jun 25 2015 00:00:00 GMT+0800 (China Standard Time),11.47,11.47,11,11.23,10800,11.23,JYNT
Fri Jun 26 2015 00:00:00 GMT+0800 (China Standard Time),11.25,11.59,10.7,11.14,25900,11.14,JYNT
Mon Jun 29 2015 00:00:00 GMT+0800 (China Standard Time),11.616,11.616,10.26,10.27,24700,10.27,JYNT
Tue Jun 30 2015 00:00:00 GMT+0800 (China Standard Time),10.36,10.43,10.09,10.18,19500,10.18,JYNT
Wed Jul 01 2015 00:00:00 GMT+0800 (China Standard Time),10.78,10.78,9.54,10.13,15500,10.13,JYNT
Thu Jul 02 2015 00:00:00 GMT+0800 (China Standard Time),10.32,10.41,9.01,9.77,24000,9.77,JYNT
Mon Jul 06 2015 00:00:00 GMT+0800 (China Standard Time),9.54,9.97,9.45,9.85,5000,9.85,JYNT
Tue Jul 07 2015 00:00:00 GMT+0800 (China Standard Time),10.34,10.34,9.4,9.75,9300,9.75,JYNT
Wed Jul 08 2015 00:00:00 GMT+0800 (China Standard Time),10.08,10.18,9.75,9.75,5600,9.75,JYNT
Thu Jul 09 2015 00:00:00 GMT+0800 (China Standard Time),9.75,9.91,9.55,9.75,13200,9.75,JYNT
Fri Jul 10 2015 00:00:00 GMT+0800 (China Standard Time),9.82,10.29,9.82,10.16,14100,10.16,JYNT
Mon Jul 13 2015 00:00:00 GMT+0800 (China Standard Time),10.2,10.2,9.55,9.75,26100,9.75,JYNT
Tue Jul 14 2015 00:00:00 GMT+0800 (China Standard Time),10,10.22,9.75,10.18,5400,10.18,JYNT
Wed Jul 15 2015 00:00:00 GMT+0800 (China Standard Time),10.01,10.01,9.53,9.62,7300,9.62,JYNT
Thu Jul 16 2015 00:00:00 GMT+0800 (China Standard Time),10,10,9.395,9.85,15800,9.85,JYNT
Fri Jul 17 2015 00:00:00 GMT+0800 (China Standard Time),9.84,10.218,9.53,9.72,9200,9.72,JYNT
Mon Jul 20 2015 00:00:00 GMT+0800 (China Standard Time),9.97,9.97,9.45,9.5,1000,9.5,JYNT
Tue Jul 21 2015 00:00:00 GMT+0800 (China Standard Time),9.69,9.7,9.626,9.626,1000,9.626,JYNT
Wed Jul 22 2015 00:00:00 GMT+0800 (China Standard Time),9.67,9.7,9.42,9.69,4300,9.69,JYNT
Thu Jul 23 2015 00:00:00 GMT+0800 (China Standard Time),9.65,9.65,9.5,9.5,2000,9.5,JYNT
Fri Jul 24 2015 00:00:00 GMT+0800 (China Standard Time),9.6,9.6,9.49,9.5,2300,9.5,JYNT
Mon Jul 27 2015 00:00:00 GMT+0800 (China Standard Time),9.4,9.49,9.02,9.25,5000,9.25,JYNT
Tue Jul 28 2015 00:00:00 GMT+0800 (China Standard Time),9.45,9.5,9.097,9.5,3000,9.5,JYNT
Wed Jul 29 2015 00:00:00 GMT+0800 (China Standard Time),9.45,9.5,9.387,9.5,9000,9.5,JYNT
Thu Jul 30 2015 00:00:00 GMT+0800 (China Standard Time),9.09,9.452,9,9.45,5200,9.45,JYNT
Fri Jul 31 2015 00:00:00 GMT+0800 (China Standard Time),9.42,9.54,9.01,9.493,8000,9.493,JYNT
Mon Aug 03 2015 00:00:00 GMT+0800 (China Standard Time),9.26,9.5,9.14,9.45,1200,9.45,JYNT
Tue Aug 04 2015 00:00:00 GMT+0800 (China Standard Time),9.262,9.375,9.03,9.08,4800,9.08,JYNT
Wed Aug 05 2015 00:00:00 GMT+0800 (China Standard Time),9.47,9.47,9.142,9.44,3800,9.44,JYNT
Thu Aug 06 2015 00:00:00 GMT+0800 (China Standard Time),9.47,9.47,9.07,9.08,11600,9.08,JYNT
Fri Aug 07 2015 00:00:00 GMT+0800 (China Standard Time),9.42,9.472,9.16,9.33,1200,9.33,JYNT
Mon Aug 10 2015 00:00:00 GMT+0800 (China Standard Time),9.47,9.47,9.29,9.33,2400,9.33,JYNT
Tue Aug 11 2015 00:00:00 GMT+0800 (China Standard Time),9.3,9.37,9,9.06,9400,9.06,JYNT
Wed Aug 12 2015 00:00:00 GMT+0800 (China Standard Time),9.3,9.3,8.611,8.75,17800,8.75,JYNT
Thu Aug 13 2015 00:00:00 GMT+0800 (China Standard Time),8.77,8.99,8.6,8.75,11000,8.75,JYNT
Fri Aug 14 2015 00:00:00 GMT+0800 (China Standard Time),9,9,8.7,8.86,3200,8.86,JYNT
Mon Aug 17 2015 00:00:00 GMT+0800 (China Standard Time),8.95,8.95,8.6,8.6,5000,8.6,JYNT
Tue Aug 18 2015 00:00:00 GMT+0800 (China Standard Time),8.55,8.75,8.55,8.6,8600,8.6,JYNT
Wed Aug 19 2015 00:00:00 GMT+0800 (China Standard Time),8.67,8.67,8.392,8.392,4800,8.392,JYNT
Thu Aug 20 2015 00:00:00 GMT+0800 (China Standard Time),8.35,8.472,8.35,8.37,1300,8.37,JYNT
Fri Aug 21 2015 00:00:00 GMT+0800 (China Standard Time),8.25,8.25,8.05,8.05,7000,8.05,JYNT
Mon Aug 24 2015 00:00:00 GMT+0800 (China Standard Time),7.59,7.59,5.99,7.35,20900,7.35,JYNT
Tue Aug 25 2015 00:00:00 GMT+0800 (China Standard Time),7.41,8.95,7.41,7.97,5400,7.97,JYNT
Wed Aug 26 2015 00:00:00 GMT+0800 (China Standard Time),8.46,8.47,8.1,8.24,1900,8.24,JYNT
Thu Aug 27 2015 00:00:00 GMT+0800 (China Standard Time),8.24,9.23,7.87,8.5,17100,8.5,JYNT
Fri Aug 28 2015 00:00:00 GMT+0800 (China Standard Time),8.86,8.86,7.91,8.5,6400,8.5,JYNT
Mon Aug 31 2015 00:00:00 GMT+0800 (China Standard Time),8.35,9,8.3,8.37,12700,8.37,JYNT
Tue Sep 01 2015 00:00:00 GMT+0800 (China Standard Time),8.3,8.535,8,8.25,9100,8.25,JYNT
Wed Sep 02 2015 00:00:00 GMT+0800 (China Standard Time),8.5,8.5,8.04,8.04,4100,8.04,JYNT
Thu Sep 03 2015 00:00:00 GMT+0800 (China Standard Time),8.4,8.4,8,8.06,3600,8.06,JYNT
Fri Sep 04 2015 00:00:00 GMT+0800 (China Standard Time),7.55,8.19,7.45,7.69,22300,7.69,JYNT
Tue Sep 08 2015 00:00:00 GMT+0800 (China Standard Time),7.9,7.9,7.45,7.66,32100,7.66,JYNT
Wed Sep 09 2015 00:00:00 GMT+0800 (China Standard Time),7.74,7.75,7.46,7.75,2600,7.75,JYNT
Thu Sep 10 2015 00:00:00 GMT+0800 (China Standard Time),7.75,7.75,7.73,7.73,2700,7.73,JYNT
Fri Sep 11 2015 00:00:00 GMT+0800 (China Standard Time),7.71,7.75,7.65,7.75,5500,7.75,JYNT
Mon Sep 14 2015 00:00:00 GMT+0800 (China Standard Time),7.75,7.75,7.71,7.71,2000,7.71,JYNT
Tue Sep 15 2015 00:00:00 GMT+0800 (China Standard Time),7.73,7.73,7.5,7.66,4000,7.66,JYNT
Wed Sep 16 2015 00:00:00 GMT+0800 (China Standard Time),7.6,7.68,7.49,7.5,2600,7.5,JYNT
Thu Sep 17 2015 00:00:00 GMT+0800 (China Standard Time),7.5,7.74,7.5,7.62,5700,7.62,JYNT
Fri Sep 18 2015 00:00:00 GMT+0800 (China Standard Time),7.57,7.75,7.27,7.27,14100,7.27,JYNT
Mon Sep 21 2015 00:00:00 GMT+0800 (China Standard Time),7.34,7.68,7.25,7.25,5100,7.25,JYNT
Tue Sep 22 2015 00:00:00 GMT+0800 (China Standard Time),7.05,7.48,7,7.35,6800,7.35,JYNT
Wed Sep 23 2015 00:00:00 GMT+0800 (China Standard Time),7.24,7.5,7,7.076,6600,7.076,JYNT
Thu Sep 24 2015 00:00:00 GMT+0800 (China Standard Time),7.06,7.18,7.05,7.18,700,7.18,JYNT
Fri Sep 25 2015 00:00:00 GMT+0800 (China Standard Time),7.12,7.239,7.01,7.01,2800,7.01,JYNT
Mon Sep 28 2015 00:00:00 GMT+0800 (China Standard Time),7.22,7.22,6.27,6.31,7500,6.31,JYNT
Tue Sep 29 2015 00:00:00 GMT+0800 (China Standard Time),6.35,6.5,6.18,6.46,8600,6.46,JYNT
Wed Sep 30 2015 00:00:00 GMT+0800 (China Standard Time),6.556,6.556,6.22,6.48,7800,6.48,JYNT
Thu Oct 01 2015 00:00:00 GMT+0800 (China Standard Time),6.45,6.47,6.4,6.47,4800,6.47,JYNT
Fri Oct 02 2015 00:00:00 GMT+0800 (China Standard Time),6.78,6.78,6.3,6.57,5700,6.57,JYNT
Mon Oct 05 2015 00:00:00 GMT+0800 (China Standard Time),7,7,6.6,6.89,6000,6.89,JYNT
Tue Oct 06 2015 00:00:00 GMT+0800 (China Standard Time),6.89,7,6.842,7,1100,7,JYNT
Wed Oct 07 2015 00:00:00 GMT+0800 (China Standard Time),7,7,6.766,6.99,1500,6.99,JYNT
Thu Oct 08 2015 00:00:00 GMT+0800 (China Standard Time),6.92,6.98,6.76,6.98,2900,6.98,JYNT
Fri Oct 09 2015 00:00:00 GMT+0800 (China Standard Time),6.99,6.99,6.99,6.99,100,6.99,JYNT
Mon Oct 12 2015 00:00:00 GMT+0800 (China Standard Time),6.99,6.99,6.99,6.99,500,6.99,JYNT
Tue Oct 13 2015 00:00:00 GMT+0800 (China Standard Time),6.91,6.91,6.91,6.91,100,6.91,JYNT
Wed Oct 14 2015 00:00:00 GMT+0800 (China Standard Time),6.9,6.9,6.657,6.77,1100,6.77,JYNT
Thu Oct 15 2015 00:00:00 GMT+0800 (China Standard Time),6.8,7.3,6.8,7,14300,7,JYNT
Fri Oct 16 2015 00:00:00 GMT+0800 (China Standard Time),7.72,7.72,7.033,7.47,4500,7.47,JYNT
Mon Oct 19 2015 00:00:00 GMT+0800 (China Standard Time),7.78,7.9,7.25,7.25,1000,7.25,JYNT
Tue Oct 20 2015 00:00:00 GMT+0800 (China Standard Time),7.608,7.608,7.315,7.315,600,7.315,JYNT
Wed Oct 21 2015 00:00:00 GMT+0800 (China Standard Time),7.3,7.3,7.158,7.158,400,7.158,JYNT
Thu Oct 22 2015 00:00:00 GMT+0800 (China Standard Time),7.158,7.158,7.158,7.158,0,7.158,JYNT
Fri Oct 23 2015 00:00:00 GMT+0800 (China Standard Time),7.01,7.583,6.75,7.583,1100,7.583,JYNT
Mon Oct 26 2015 00:00:00 GMT+0800 (China Standard Time),7.49,7.49,7.076,7.101,3100,7.101,JYNT
Tue Oct 27 2015 00:00:00 GMT+0800 (China Standard Time),7.65,7.65,7.02,7.165,3900,7.165,JYNT
Wed Oct 28 2015 00:00:00 GMT+0800 (China Standard Time),7.11,7.47,6.661,7,7000,7,JYNT
Thu Oct 29 2015 00:00:00 GMT+0800 (China Standard Time),7.01,7.01,6.6,6.9,2400,6.9,JYNT
Fri Oct 30 2015 00:00:00 GMT+0800 (China Standard Time),7.01,7.01,6.5,6.83,4700,6.83,JYNT
Mon Nov 02 2015 00:00:00 GMT+0800 (China Standard Time),6.74,6.74,6.5,6.68,4700,6.68,JYNT
Tue Nov 03 2015 00:00:00 GMT+0800 (China Standard Time),6.68,6.68,6.68,6.68,0,6.68,JYNT
Wed Nov 04 2015 00:00:00 GMT+0800 (China Standard Time),6.713,6.77,6.421,6.55,12900,6.55,JYNT
Thu Nov 05 2015 00:00:00 GMT+0800 (China Standard Time),6.43,6.63,5.65,6.03,41500,6.03,JYNT
Fri Nov 06 2015 00:00:00 GMT+0800 (China Standard Time),6.03,6.93,5.91,6.56,7000,6.56,JYNT
Mon Nov 09 2015 00:00:00 GMT+0800 (China Standard Time),5.71,6.58,5.7,6.45,12900,6.45,JYNT
Tue Nov 10 2015 00:00:00 GMT+0800 (China Standard Time),6.14,6.45,6.02,6.1,2700,6.1,JYNT
Wed Nov 11 2015 00:00:00 GMT+0800 (China Standard Time),6.37,6.65,6.25,6.61,6200,6.61,JYNT
Thu Nov 12 2015 00:00:00 GMT+0800 (China Standard Time),6.4,6.984,6.3,6.71,9900,6.71,JYNT
Fri Nov 13 2015 00:00:00 GMT+0800 (China Standard Time),6.75,6.87,6.25,6.82,6900,6.82,JYNT
Mon Nov 16 2015 00:00:00 GMT+0800 (China Standard Time),6.01,6.53,6.01,6.3,13600,6.3,JYNT
Tue Nov 17 2015 00:00:00 GMT+0800 (China Standard Time),6.05,6.445,5.9,6.03,22000,6.03,JYNT
Wed Nov 18 2015 00:00:00 GMT+0800 (China Standard Time),6.166,6.166,5.5,5.58,14000,5.58,JYNT
Thu Nov 19 2015 00:00:00 GMT+0800 (China Standard Time),5.75,5.88,5.59,5.68,4600,5.68,JYNT
Fri Nov 20 2015 00:00:00 GMT+0800 (China Standard Time),5.5,5.5,5.25,5.34,285500,5.34,JYNT
Mon Nov 23 2015 00:00:00 GMT+0800 (China Standard Time),5.39,5.84,5.3,5.66,56300,5.66,JYNT
Tue Nov 24 2015 00:00:00 GMT+0800 (China Standard Time),5.655,5.8,5.41,5.56,59100,5.56,JYNT
Wed Nov 25 2015 00:00:00 GMT+0800 (China Standard Time),5.45,5.9,5.45,5.9,35400,5.9,JYNT
Fri Nov 27 2015 00:00:00 GMT+0800 (China Standard Time),5.9,6.12,5.86,5.9,24700,5.9,JYNT
Mon Nov 30 2015 00:00:00 GMT+0800 (China Standard Time),5.97,5.97,5.55,5.64,20300,5.64,JYNT
Tue Dec 01 2015 00:00:00 GMT+0800 (China Standard Time),5.78,6.15,5.35,5.97,212600,5.97,JYNT
Wed Dec 02 2015 00:00:00 GMT+0800 (China Standard Time),6.05,6.05,5.748,5.79,15000,5.79,JYNT
Thu Dec 03 2015 00:00:00 GMT+0800 (China Standard Time),5.8,5.8,5.36,5.59,50900,5.59,JYNT
Fri Dec 04 2015 00:00:00 GMT+0800 (China Standard Time),5.65,5.7,5.55,5.63,25400,5.63,JYNT
Mon Dec 07 2015 00:00:00 GMT+0800 (China Standard Time),5.75,5.75,5.25,5.25,32500,5.25,JYNT
Tue Dec 08 2015 00:00:00 GMT+0800 (China Standard Time),5.26,5.47,5.2,5.32,23800,5.32,JYNT
Wed Dec 09 2015 00:00:00 GMT+0800 (China Standard Time),5.28,5.35,5.15,5.19,15600,5.19,JYNT
Thu Dec 10 2015 00:00:00 GMT+0800 (China Standard Time),5.15,5.39,5.15,5.16,9300,5.16,JYNT
Fri Dec 11 2015 00:00:00 GMT+0800 (China Standard Time),5.4,5.4,5.11,5.11,11100,5.11,JYNT
Mon Dec 14 2015 00:00:00 GMT+0800 (China Standard Time),5.19,5.33,4.95,5.01,17600,5.01,JYNT
Tue Dec 15 2015 00:00:00 GMT+0800 (China Standard Time),5.1,5.1,4.95,5,11000,5,JYNT
Wed Dec 16 2015 00:00:00 GMT+0800 (China Standard Time),5.138,5.22,5.05,5.05,21100,5.05,JYNT
Thu Dec 17 2015 00:00:00 GMT+0800 (China Standard Time),5.15,5.54,4.95,5.15,7700,5.15,JYNT
Fri Dec 18 2015 00:00:00 GMT+0800 (China Standard Time),5.63,5.75,5.5,5.52,11800,5.52,JYNT
Mon Dec 21 2015 00:00:00 GMT+0800 (China Standard Time),5.59,5.8,5.32,5.55,18900,5.55,JYNT
Tue Dec 22 2015 00:00:00 GMT+0800 (China Standard Time),5.6,5.82,5.46,5.7,18700,5.7,JYNT
Wed Dec 23 2015 00:00:00 GMT+0800 (China Standard Time),5.8,6.11,5.75,6,40100,6,JYNT
Thu Dec 24 2015 00:00:00 GMT+0800 (China Standard Time),5.33,6.09,5.04,6.05,11400,6.05,JYNT
Mon Dec 28 2015 00:00:00 GMT+0800 (China Standard Time),6.03,6.03,5.83,5.92,4800,5.92,JYNT
Tue Dec 29 2015 00:00:00 GMT+0800 (China Standard Time),5.93,6.13,5.92,5.99,10100,5.99,JYNT
Wed Dec 30 2015 00:00:00 GMT+0800 (China Standard Time),6.31,6.31,5.824,5.94,7800,5.94,JYNT
Thu Dec 31 2015 00:00:00 GMT+0800 (China Standard Time),5.75,6,5.5,5.97,15300,5.97,JYNT
Mon Jan 04 2016 00:00:00 GMT+0800 (China Standard Time),5.8,5.805,5.65,5.77,14400,5.77,JYNT
Tue Jan 05 2016 00:00:00 GMT+0800 (China Standard Time),5.84,5.845,5.78,5.78,5100,5.78,JYNT
Wed Jan 06 2016 00:00:00 GMT+0800 (China Standard Time),5.67,5.67,5.42,5.52,14800,5.52,JYNT
Thu Jan 07 2016 00:00:00 GMT+0800 (China Standard Time),5.4,5.5,5.25,5.25,12900,5.25,JYNT
Fri Jan 08 2016 00:00:00 GMT+0800 (China Standard Time),5.47,5.89,5.355,5.75,77500,5.75,JYNT
Mon Jan 11 2016 00:00:00 GMT+0800 (China Standard Time),5.89,5.89,4.61,5.05,27100,5.05,JYNT
Tue Jan 12 2016 00:00:00 GMT+0800 (China Standard Time),5.16,5.16,4.83,4.97,3200,4.97,JYNT
Wed Jan 13 2016 00:00:00 GMT+0800 (China Standard Time),5.25,5.35,4.82,5,4100,5,JYNT
Thu Jan 14 2016 00:00:00 GMT+0800 (China Standard Time),4.994,5,4.85,4.98,6800,4.98,JYNT
Fri Jan 15 2016 00:00:00 GMT+0800 (China Standard Time),4.85,4.991,4.75,4.8,9800,4.8,JYNT
Tue Jan 19 2016 00:00:00 GMT+0800 (China Standard Time),4.88,4.88,4.31,4.44,17000,4.44,JYNT
Wed Jan 20 2016 00:00:00 GMT+0800 (China Standard Time),4.3,4.3,4.01,4.09,18200,4.09,JYNT
Thu Jan 21 2016 00:00:00 GMT+0800 (China Standard Time),4.16,4.66,4.012,4.29,15400,4.29,JYNT
Fri Jan 22 2016 00:00:00 GMT+0800 (China Standard Time),4.44,4.53,4.26,4.53,6500,4.53,JYNT
Mon Jan 25 2016 00:00:00 GMT+0800 (China Standard Time),4.42,4.68,4.3,4.46,9100,4.46,JYNT
Tue Jan 26 2016 00:00:00 GMT+0800 (China Standard Time),4.542,4.82,4.542,4.82,5300,4.82,JYNT
Wed Jan 27 2016 00:00:00 GMT+0800 (China Standard Time),4.77,4.96,4.4,4.59,12900,4.59,JYNT
Thu Jan 28 2016 00:00:00 GMT+0800 (China Standard Time),4.43,4.71,4.21,4.4,20700,4.4,JYNT
Fri Jan 29 2016 00:00:00 GMT+0800 (China Standard Time),4.47,4.88,4.25,4.36,12000,4.36,JYNT
Mon Feb 01 2016 00:00:00 GMT+0800 (China Standard Time),4.48,4.61,4.13,4.24,33000,4.24,JYNT
Tue Feb 02 2016 00:00:00 GMT+0800 (China Standard Time),4.13,4.34,4,4.08,15700,4.08,JYNT
Wed Feb 03 2016 00:00:00 GMT+0800 (China Standard Time),4.25,4.25,4,4.2,16100,4.2,JYNT
Thu Feb 04 2016 00:00:00 GMT+0800 (China Standard Time),4.2,4.25,4.16,4.24,16600,4.24,JYNT
Fri Feb 05 2016 00:00:00 GMT+0800 (China Standard Time),4.25,4.38,4.06,4.35,5500,4.35,JYNT
Mon Feb 08 2016 00:00:00 GMT+0800 (China Standard Time),4.22,4.24,4.02,4.15,11000,4.15,JYNT
Tue Feb 09 2016 00:00:00 GMT+0800 (China Standard Time),4.075,4.15,4.03,4.15,6600,4.15,JYNT
Wed Feb 10 2016 00:00:00 GMT+0800 (China Standard Time),4.24,4.24,3.669,3.97,24100,3.97,JYNT
Thu Feb 11 2016 00:00:00 GMT+0800 (China Standard Time),3.85,3.9,3.61,3.69,31000,3.69,JYNT
Fri Feb 12 2016 00:00:00 GMT+0800 (China Standard Time),3.97,3.97,3.3,3.69,29900,3.69,JYNT
Tue Feb 16 2016 00:00:00 GMT+0800 (China Standard Time),3.8,4.05,3.8,3.83,5900,3.83,JYNT
Wed Feb 17 2016 00:00:00 GMT+0800 (China Standard Time),3.9,4.3,3.9,4.27,34100,4.27,JYNT
Thu Feb 18 2016 00:00:00 GMT+0800 (China Standard Time),4.2,4.2,4.13,4.19,5900,4.19,JYNT
Fri Feb 19 2016 00:00:00 GMT+0800 (China Standard Time),4.19,4.19,4,4.1,9800,4.1,JYNT
Mon Feb 22 2016 00:00:00 GMT+0800 (China Standard Time),4.19,4.19,4,4.11,15600,4.11,JYNT
Tue Feb 23 2016 00:00:00 GMT+0800 (China Standard Time),4.2,4.2,4.02,4.15,8000,4.15,JYNT
Wed Feb 24 2016 00:00:00 GMT+0800 (China Standard Time),4.02,4.19,4,4.12,7300,4.12,JYNT
Thu Feb 25 2016 00:00:00 GMT+0800 (China Standard Time),4.1,4.105,4.05,4.09,2700,4.09,JYNT
Fri Feb 26 2016 00:00:00 GMT+0800 (China Standard Time),4.06,4.115,4.06,4.1,5800,4.1,JYNT
Mon Feb 29 2016 00:00:00 GMT+0800 (China Standard Time),4.05,4.289,4,4,7400,4,JYNT
Tue Mar 01 2016 00:00:00 GMT+0800 (China Standard Time),4.15,4.15,4.05,4.1,7000,4.1,JYNT
Wed Mar 02 2016 00:00:00 GMT+0800 (China Standard Time),4.05,4.14,4.05,4.13,9100,4.13,JYNT
Thu Mar 03 2016 00:00:00 GMT+0800 (China Standard Time),4.1,4.15,4,4.01,37600,4.01,JYNT
Fri Mar 04 2016 00:00:00 GMT+0800 (China Standard Time),4.01,4.065,3.92,3.92,28800,3.92,JYNT
Mon Mar 07 2016 00:00:00 GMT+0800 (China Standard Time),3.89,4.085,3.89,4.04,8100,4.04,JYNT
Tue Mar 08 2016 00:00:00 GMT+0800 (China Standard Time),3.99,4.09,3.79,4.04,12800,4.04,JYNT
Wed Mar 09 2016 00:00:00 GMT+0800 (China Standard Time),4.05,4.09,4,4.03,8800,4.03,JYNT
Thu Mar 10 2016 00:00:00 GMT+0800 (China Standard Time),4.01,4.01,3.86,3.935,5600,3.935,JYNT
Fri Mar 11 2016 00:00:00 GMT+0800 (China Standard Time),3.97,4.05,3.73,4.04,25000,4.04,JYNT
Mon Mar 14 2016 00:00:00 GMT+0800 (China Standard Time),4.1,4.1,3.85,4.1,8500,4.1,JYNT
Tue Mar 15 2016 00:00:00 GMT+0800 (China Standard Time),4.04,4.04,3.86,3.86,6800,3.86,JYNT
Wed Mar 16 2016 00:00:00 GMT+0800 (China Standard Time),4,4.04,3.85,3.87,20900,3.87,JYNT
Thu Mar 17 2016 00:00:00 GMT+0800 (China Standard Time),3.77,3.77,2.65,3.03,309700,3.03,JYNT
Fri Mar 18 2016 00:00:00 GMT+0800 (China Standard Time),3.22,3.38,2.91,3.12,112100,3.12,JYNT
Mon Mar 21 2016 00:00:00 GMT+0800 (China Standard Time),3.14,3.46,3.061,3.41,56000,3.41,JYNT
Tue Mar 22 2016 00:00:00 GMT+0800 (China Standard Time),3.41,3.41,3.25,3.32,35800,3.32,JYNT
Wed Mar 23 2016 00:00:00 GMT+0800 (China Standard Time),3.41,3.42,3.02,3.11,68000,3.11,JYNT
Thu Mar 24 2016 00:00:00 GMT+0800 (China Standard Time),3.1,3.11,2.85,3.044,32800,3.044,JYNT
Mon Mar 28 2016 00:00:00 GMT+0800 (China Standard Time),2.98,3.01,2.7,2.8,92700,2.8,JYNT
Tue Mar 29 2016 00:00:00 GMT+0800 (China Standard Time),2.82,3.14,2.82,3.07,56200,3.07,JYNT
Wed Mar 30 2016 00:00:00 GMT+0800 (China Standard Time),3.059,3.5,3.01,3.21,74500,3.21,JYNT
Thu Mar 31 2016 00:00:00 GMT+0800 (China Standard Time),3.25,3.35,3.13,3.13,22700,3.13,JYNT
Fri Apr 01 2016 00:00:00 GMT+0800 (China Standard Time),3.25,3.59,3.25,3.38,59300,3.38,JYNT
Mon Apr 04 2016 00:00:00 GMT+0800 (China Standard Time),3.41,3.41,3.131,3.14,19600,3.14,JYNT
Tue Apr 05 2016 00:00:00 GMT+0800 (China Standard Time),3.1,3.12,3.03,3.06,6000,3.06,JYNT
Wed Apr 06 2016 00:00:00 GMT+0800 (China Standard Time),3.24,3.333,3.03,3.33,19500,3.33,JYNT
Thu Apr 07 2016 00:00:00 GMT+0800 (China Standard Time),3.33,3.35,3.25,3.35,9400,3.35,JYNT
Fri Apr 08 2016 00:00:00 GMT+0800 (China Standard Time),3.36,3.458,3.298,3.43,16700,3.43,JYNT
Mon Apr 11 2016 00:00:00 GMT+0800 (China Standard Time),3.51,3.7,3.5,3.57,37100,3.57,JYNT
Tue Apr 12 2016 00:00:00 GMT+0800 (China Standard Time),3.57,3.59,3.53,3.55,18900,3.55,JYNT
Wed Apr 13 2016 00:00:00 GMT+0800 (China Standard Time),3.55,3.643,3.54,3.55,20400,3.55,JYNT
Thu Apr 14 2016 00:00:00 GMT+0800 (China Standard Time),3.55,3.765,3.54,3.68,17600,3.68,JYNT
Fri Apr 15 2016 00:00:00 GMT+0800 (China Standard Time),3.69,3.74,3.68,3.71,7200,3.71,JYNT
Mon Apr 18 2016 00:00:00 GMT+0800 (China Standard Time),3.73,3.9,3.72,3.81,43700,3.81,JYNT
Tue Apr 19 2016 00:00:00 GMT+0800 (China Standard Time),3.76,3.9,3.76,3.85,27800,3.85,JYNT
Wed Apr 20 2016 00:00:00 GMT+0800 (China Standard Time),3.87,3.87,3.6,3.8,27100,3.8,JYNT
Thu Apr 21 2016 00:00:00 GMT+0800 (China Standard Time),3.61,3.74,3.56,3.63,23100,3.63,JYNT
Fri Apr 22 2016 00:00:00 GMT+0800 (China Standard Time),3.6,3.78,3.56,3.64,7700,3.64,JYNT
Mon Apr 25 2016 00:00:00 GMT+0800 (China Standard Time),3.714,3.81,3.714,3.73,4800,3.73,JYNT
Tue Apr 26 2016 00:00:00 GMT+0800 (China Standard Time),3.82,3.82,3.52,3.58,31300,3.58,JYNT
Wed Apr 27 2016 00:00:00 GMT+0800 (China Standard Time),3.55,3.591,3.52,3.57,9300,3.57,JYNT
Thu Apr 28 2016 00:00:00 GMT+0800 (China Standard Time),3.52,3.55,3.26,3.4,24200,3.4,JYNT
Fri Apr 29 2016 00:00:00 GMT+0800 (China Standard Time),3.25,3.48,3.25,3.32,16300,3.32,JYNT
Mon May 02 2016 00:00:00 GMT+0800 (China Standard Time),3.37,3.37,3.27,3.33,15500,3.33,JYNT
Tue May 03 2016 00:00:00 GMT+0800 (China Standard Time),3.32,3.37,3.14,3.14,14400,3.14,JYNT
Wed May 04 2016 00:00:00 GMT+0800 (China Standard Time),3.18,3.24,3.09,3.24,19100,3.24,JYNT
Thu May 05 2016 00:00:00 GMT+0800 (China Standard Time),3.22,3.24,3.15,3.19,7600,3.19,JYNT
Fri May 06 2016 00:00:00 GMT+0800 (China Standard Time),3.2,3.25,3.04,3.1,20400,3.1,JYNT
Mon May 09 2016 00:00:00 GMT+0800 (China Standard Time),3.09,3.09,2.96,2.97,19200,2.97,JYNT
Tue May 10 2016 00:00:00 GMT+0800 (China Standard Time),3.03,3.23,2.86,3.2,31300,3.2,JYNT
Wed May 11 2016 00:00:00 GMT+0800 (China Standard Time),3.24,3.24,2.99,3.071,22600,3.071,JYNT
Thu May 12 2016 00:00:00 GMT+0800 (China Standard Time),3.07,3.07,2.99,2.99,16600,2.99,JYNT
Fri May 13 2016 00:00:00 GMT+0800 (China Standard Time),3.25,3.25,3,3.07,13600,3.07,JYNT
Mon May 16 2016 00:00:00 GMT+0800 (China Standard Time),3.1,3.11,2.99,3,16000,3,JYNT
Tue May 17 2016 00:00:00 GMT+0800 (China Standard Time),3.08,3.08,2.95,2.95,13300,2.95,JYNT
Wed May 18 2016 00:00:00 GMT+0800 (China Standard Time),2.98,3.005,2.96,3,2800,3,JYNT
Thu May 19 2016 00:00:00 GMT+0800 (China Standard Time),3,3,2.9,2.9,17100,2.9,JYNT
Fri May 20 2016 00:00:00 GMT+0800 (China Standard Time),2.9,2.99,2.88,2.88,22600,2.88,JYNT
Mon May 23 2016 00:00:00 GMT+0800 (China Standard Time),2.94,3.08,2.925,2.99,11300,2.99,JYNT
Tue May 24 2016 00:00:00 GMT+0800 (China Standard Time),3,3.05,2.97,3,29300,3,JYNT
Wed May 25 2016 00:00:00 GMT+0800 (China Standard Time),2.99,3.15,2.99,3.1,21000,3.1,JYNT
Thu May 26 2016 00:00:00 GMT+0800 (China Standard Time),3.15,3.15,2.96,3.1,35700,3.1,JYNT
Fri May 27 2016 00:00:00 GMT+0800 (China Standard Time),3.004,3.06,3.004,3.03,2100,3.03,JYNT
Tue May 31 2016 00:00:00 GMT+0800 (China Standard Time),2.98,3.018,2.98,2.98,12000,2.98,JYNT
Wed Jun 01 2016 00:00:00 GMT+0800 (China Standard Time),2.97,3.09,2.97,3.08,18500,3.08,JYNT
Thu Jun 02 2016 00:00:00 GMT+0800 (China Standard Time),3.1,3.3,3.1,3.12,16800,3.12,JYNT
Fri Jun 03 2016 00:00:00 GMT+0800 (China Standard Time),3.1,3.14,3.1,3.14,700,3.14,JYNT
Mon Jun 06 2016 00:00:00 GMT+0800 (China Standard Time),3.1,3.15,3,3.01,27500,3.01,JYNT
Tue Jun 07 2016 00:00:00 GMT+0800 (China Standard Time),3,3,2.93,2.95,15400,2.95,JYNT
Wed Jun 08 2016 00:00:00 GMT+0800 (China Standard Time),2.98,3.176,2.96,3.07,16800,3.07,JYNT
Thu Jun 09 2016 00:00:00 GMT+0800 (China Standard Time),3.04,3.27,3.04,3.08,1000,3.08,JYNT
Fri Jun 10 2016 00:00:00 GMT+0800 (China Standard Time),3.06,3.06,2.98,2.98,9600,2.98,JYNT
Mon Jun 13 2016 00:00:00 GMT+0800 (China Standard Time),2.9,2.94,2.89,2.94,26900,2.94,JYNT
Tue Jun 14 2016 00:00:00 GMT+0800 (China Standard Time),2.94,2.94,2.915,2.94,600,2.94,JYNT
Wed Jun 15 2016 00:00:00 GMT+0800 (China Standard Time),2.99,2.99,2.62,2.76,86600,2.76,JYNT
Thu Jun 16 2016 00:00:00 GMT+0800 (China Standard Time),2.93,2.93,2.69,2.75,2900,2.75,JYNT
Fri Jun 17 2016 00:00:00 GMT+0800 (China Standard Time),2.69,2.81,2.65,2.75,13300,2.75,JYNT
Mon Jun 20 2016 00:00:00 GMT+0800 (China Standard Time),2.8,2.8,2.69,2.69,6800,2.69,JYNT
Tue Jun 21 2016 00:00:00 GMT+0800 (China Standard Time),2.68,2.9,2.68,2.79,16800,2.79,JYNT
Wed Jun 22 2016 00:00:00 GMT+0800 (China Standard Time),2.89,2.89,2.88,2.88,500,2.88,JYNT
Thu Jun 23 2016 00:00:00 GMT+0800 (China Standard Time),2.87,2.89,2.7,2.77,10900,2.77,JYNT
Fri Jun 24 2016 00:00:00 GMT+0800 (China Standard Time),2.6,2.6,2.481,2.5,52300,2.5,JYNT
Mon Jun 27 2016 00:00:00 GMT+0800 (China Standard Time),2.5,2.5,2.41,2.44,36800,2.44,JYNT
Tue Jun 28 2016 00:00:00 GMT+0800 (China Standard Time),2.44,2.46,2.21,2.25,95600,2.25,JYNT
Wed Jun 29 2016 00:00:00 GMT+0800 (China Standard Time),2.25,2.29,2.1,2.11,102900,2.11,JYNT
Thu Jun 30 2016 00:00:00 GMT+0800 (China Standard Time),2.116,2.13,2.03,2.03,63200,2.03,JYNT
Fri Jul 01 2016 00:00:00 GMT+0800 (China Standard Time),2,2.36,1.85,2.3,368000,2.3,JYNT
Tue Jul 05 2016 00:00:00 GMT+0800 (China Standard Time),2.35,2.54,2.1,2.1,38700,2.1,JYNT
Wed Jul 06 2016 00:00:00 GMT+0800 (China Standard Time),2.1,2.2,1.86,1.91,96800,1.91,JYNT
Thu Jul 07 2016 00:00:00 GMT+0800 (China Standard Time),1.92,2.237,1.92,1.99,24100,1.99,JYNT
Fri Jul 08 2016 00:00:00 GMT+0800 (China Standard Time),2.03,2.207,1.99,2.07,39600,2.07,JYNT
Mon Jul 11 2016 00:00:00 GMT+0800 (China Standard Time),2.1,2.25,2.05,2.23,56000,2.23,JYNT
Tue Jul 12 2016 00:00:00 GMT+0800 (China Standard Time),2.22,2.63,2.19,2.63,61200,2.63,JYNT
Wed Jul 13 2016 00:00:00 GMT+0800 (China Standard Time),2.5,2.63,2.26,2.35,29700,2.35,JYNT
Thu Jul 14 2016 00:00:00 GMT+0800 (China Standard Time),2.35,2.35,2.23,2.32,11000,2.32,JYNT
Fri Jul 15 2016 00:00:00 GMT+0800 (China Standard Time),2.33,2.33,2.33,2.33,200,2.33,JYNT
Mon Jul 18 2016 00:00:00 GMT+0800 (China Standard Time),2.35,2.35,2.22,2.33,19800,2.33,JYNT
Tue Jul 19 2016 00:00:00 GMT+0800 (China Standard Time),2.27,2.33,2.27,2.32,5100,2.32,JYNT
Wed Jul 20 2016 00:00:00 GMT+0800 (China Standard Time),2.336,2.38,2.271,2.35,1400,2.35,JYNT
Thu Jul 21 2016 00:00:00 GMT+0800 (China Standard Time),2.271,2.37,2.26,2.37,17600,2.37,JYNT
Fri Jul 22 2016 00:00:00 GMT+0800 (China Standard Time),2.36,2.43,2.32,2.4,17600,2.4,JYNT
Mon Jul 25 2016 00:00:00 GMT+0800 (China Standard Time),2.37,2.48,2.26,2.32,20300,2.32,JYNT
Tue Jul 26 2016 00:00:00 GMT+0800 (China Standard Time),2.35,2.35,2.15,2.32,63500,2.32,JYNT
Wed Jul 27 2016 00:00:00 GMT+0800 (China Standard Time),2.316,2.35,2.26,2.35,800,2.35,JYNT
Thu Jul 28 2016 00:00:00 GMT+0800 (China Standard Time),2.37,2.47,2.21,2.34,61900,2.34,JYNT
Fri Jul 29 2016 00:00:00 GMT+0800 (China Standard Time),2.33,2.333,2.29,2.29,1900,2.29,JYNT
Mon Aug 01 2016 00:00:00 GMT+0800 (China Standard Time),2.35,2.35,2.224,2.29,9900,2.29,JYNT
Tue Aug 02 2016 00:00:00 GMT+0800 (China Standard Time),2.25,2.45,2.07,2.18,23200,2.18,JYNT
Wed Aug 03 2016 00:00:00 GMT+0800 (China Standard Time),2.18,2.27,2.085,2.23,42500,2.23,JYNT
Thu Aug 04 2016 00:00:00 GMT+0800 (China Standard Time),2.12,2.45,2.12,2.4,29600,2.4,JYNT
Fri Aug 05 2016 00:00:00 GMT+0800 (China Standard Time),2.28,2.34,2.19,2.311,26000,2.311,JYNT
Mon Aug 08 2016 00:00:00 GMT+0800 (China Standard Time),2.31,2.31,2.19,2.309,30600,2.309,JYNT
Tue Aug 09 2016 00:00:00 GMT+0800 (China Standard Time),2.16,2.24,2.14,2.24,35500,2.24,JYNT
Wed Aug 10 2016 00:00:00 GMT+0800 (China Standard Time),2.15,2.18,2.15,2.18,34500,2.18,JYNT
Thu Aug 11 2016 00:00:00 GMT+0800 (China Standard Time),2.18,2.27,2.13,2.15,31400,2.15,JYNT
Fri Aug 12 2016 00:00:00 GMT+0800 (China Standard Time),2.4,2.4,2.13,2.17,63500,2.17,JYNT
Mon Aug 15 2016 00:00:00 GMT+0800 (China Standard Time),2.16,2.28,2.1,2.11,19200,2.11,JYNT
Tue Aug 16 2016 00:00:00 GMT+0800 (China Standard Time),2.19,2.23,2.08,2.16,25800,2.16,JYNT
Wed Aug 17 2016 00:00:00 GMT+0800 (China Standard Time),2.12,2.12,2.021,2.09,19700,2.09,JYNT
Thu Aug 18 2016 00:00:00 GMT+0800 (China Standard Time),2.122,2.122,2,2.01,3800,2.01,JYNT
Fri Aug 19 2016 00:00:00 GMT+0800 (China Standard Time),2.046,2.06,1.955,2.03,80400,2.03,JYNT
Mon Aug 22 2016 00:00:00 GMT+0800 (China Standard Time),2.11,2.11,2,2.05,10200,2.05,JYNT
Tue Aug 23 2016 00:00:00 GMT+0800 (China Standard Time),2.05,2.15,2.05,2.05,11900,2.05,JYNT
Wed Aug 24 2016 00:00:00 GMT+0800 (China Standard Time),2.085,2.12,2.01,2.11,16900,2.11,JYNT
Thu Aug 25 2016 00:00:00 GMT+0800 (China Standard Time),2.14,2.18,2.1,2.13,34500,2.13,JYNT
Fri Aug 26 2016 00:00:00 GMT+0800 (China Standard Time),2.18,2.4,2.18,2.397,82300,2.397,JYNT
Mon Aug 29 2016 00:00:00 GMT+0800 (China Standard Time),2.56,3.2,2.442,2.799,240300,2.799,JYNT
Tue Aug 30 2016 00:00:00 GMT+0800 (China Standard Time),2.77,2.95,2.65,2.84,90200,2.84,JYNT
Wed Aug 31 2016 00:00:00 GMT+0800 (China Standard Time),2.82,3,2.68,2.99,73800,2.99,JYNT
Thu Sep 01 2016 00:00:00 GMT+0800 (China Standard Time),2.86,2.86,2.56,2.8,34400,2.8,JYNT
Fri Sep 02 2016 00:00:00 GMT+0800 (China Standard Time),2.8,2.842,2.761,2.8,27500,2.8,JYNT
Tue Sep 06 2016 00:00:00 GMT+0800 (China Standard Time),2.89,3.1,2.8,2.99,66700,2.99,JYNT
Wed Sep 07 2016 00:00:00 GMT+0800 (China Standard Time),3,3.02,2.889,2.92,27700,2.92,JYNT
Thu Sep 08 2016 00:00:00 GMT+0800 (China Standard Time),2.9,2.97,2.891,2.93,27400,2.93,JYNT
Fri Sep 09 2016 00:00:00 GMT+0800 (China Standard Time),2.865,2.87,2.7,2.81,28400,2.81,JYNT
Mon Sep 12 2016 00:00:00 GMT+0800 (China Standard Time),2.775,2.85,2.77,2.8,27800,2.8,JYNT
Tue Sep 13 2016 00:00:00 GMT+0800 (China Standard Time),2.77,2.79,2.752,2.77,6500,2.77,JYNT
Wed Sep 14 2016 00:00:00 GMT+0800 (China Standard Time),2.73,2.73,2.59,2.59,38900,2.59,JYNT
Thu Sep 15 2016 00:00:00 GMT+0800 (China Standard Time),2.51,2.59,2.4,2.43,98800,2.43,JYNT
Fri Sep 16 2016 00:00:00 GMT+0800 (China Standard Time),2.42,2.46,2.29,2.3,61900,2.3,JYNT
Mon Sep 19 2016 00:00:00 GMT+0800 (China Standard Time),2.36,2.44,2.32,2.4,6600,2.4,JYNT
Tue Sep 20 2016 00:00:00 GMT+0800 (China Standard Time),2.36,2.48,2.36,2.38,12200,2.38,JYNT
Wed Sep 21 2016 00:00:00 GMT+0800 (China Standard Time),2.38,2.45,2.38,2.41,5800,2.41,JYNT
Thu Sep 22 2016 00:00:00 GMT+0800 (China Standard Time),2.409,2.45,2.35,2.35,12700,2.35,JYNT
Fri Sep 23 2016 00:00:00 GMT+0800 (China Standard Time),2.34,2.42,2.34,2.41,3200,2.41,JYNT
Mon Sep 26 2016 00:00:00 GMT+0800 (China Standard Time),2.394,2.42,2.32,2.42,15800,2.42,JYNT
Tue Sep 27 2016 00:00:00 GMT+0800 (China Standard Time),2.4,2.44,2.33,2.43,18300,2.43,JYNT
Wed Sep 28 2016 00:00:00 GMT+0800 (China Standard Time),2.4,2.43,2.4,2.4,3100,2.4,JYNT
Thu Sep 29 2016 00:00:00 GMT+0800 (China Standard Time),2.4,2.43,2.35,2.4,31900,2.4,JYNT
Fri Sep 30 2016 00:00:00 GMT+0800 (China Standard Time),2.45,2.45,2.3,2.38,34400,2.38,JYNT
Mon Oct 03 2016 00:00:00 GMT+0800 (China Standard Time),2.41,2.49,2.3,2.47,33400,2.47,JYNT
Tue Oct 04 2016 00:00:00 GMT+0800 (China Standard Time),2.49,2.5,2.426,2.426,1600,2.426,JYNT
Wed Oct 05 2016 00:00:00 GMT+0800 (China Standard Time),2.415,2.49,2.356,2.48,33600,2.48,JYNT
Thu Oct 06 2016 00:00:00 GMT+0800 (China Standard Time),2.47,2.49,2.42,2.42,1700,2.42,JYNT
Fri Oct 07 2016 00:00:00 GMT+0800 (China Standard Time),2.4,2.43,2.36,2.43,6400,2.43,JYNT
Mon Oct 10 2016 00:00:00 GMT+0800 (China Standard Time),2.4,2.43,2.4,2.4,3000,2.4,JYNT
Tue Oct 11 2016 00:00:00 GMT+0800 (China Standard Time),2.4,2.41,2.32,2.38,8500,2.38,JYNT
Wed Oct 12 2016 00:00:00 GMT+0800 (China Standard Time),2.38,2.45,2.35,2.45,42700,2.45,JYNT
Thu Oct 13 2016 00:00:00 GMT+0800 (China Standard Time),2.5,2.55,2.46,2.48,25200,2.48,JYNT
Fri Oct 14 2016 00:00:00 GMT+0800 (China Standard Time),2.59,2.59,2.45,2.59,58600,2.59,JYNT
Mon Oct 17 2016 00:00:00 GMT+0800 (China Standard Time),2.56,2.64,2.41,2.56,44000,2.56,JYNT
Tue Oct 18 2016 00:00:00 GMT+0800 (China Standard Time),2.55,2.55,2.3,2.46,60400,2.46,JYNT
Wed Oct 19 2016 00:00:00 GMT+0800 (China Standard Time),2.36,2.57,2.35,2.47,16100,2.47,JYNT
Thu Oct 20 2016 00:00:00 GMT+0800 (China Standard Time),2.5,2.65,2.38,2.65,28800,2.65,JYNT
Fri Oct 21 2016 00:00:00 GMT+0800 (China Standard Time),2.47,2.8,2.47,2.76,13800,2.76,JYNT
Mon Oct 24 2016 00:00:00 GMT+0800 (China Standard Time),2.75,2.76,2.66,2.75,8600,2.75,JYNT
Tue Oct 25 2016 00:00:00 GMT+0800 (China Standard Time),2.696,2.75,2.545,2.655,22600,2.655,JYNT
Wed Oct 26 2016 00:00:00 GMT+0800 (China Standard Time),2.64,2.74,2.5,2.61,45000,2.61,JYNT
Thu Oct 27 2016 00:00:00 GMT+0800 (China Standard Time),2.62,2.64,2.41,2.55,1200,2.55,JYNT
Fri Oct 28 2016 00:00:00 GMT+0800 (China Standard Time),2.55,2.58,2.47,2.57,4100,2.57,JYNT
Mon Oct 31 2016 00:00:00 GMT+0800 (China Standard Time),2.57,2.59,2.423,2.48,8600,2.48,JYNT
Tue Nov 01 2016 00:00:00 GMT+0800 (China Standard Time),2.451,2.567,2.451,2.54,7400,2.54,JYNT
Wed Nov 02 2016 00:00:00 GMT+0800 (China Standard Time),2.46,2.56,2.45,2.5,3100,2.5,JYNT
Thu Nov 03 2016 00:00:00 GMT+0800 (China Standard Time),2.49,2.52,2.455,2.49,25200,2.49,JYNT
Fri Nov 04 2016 00:00:00 GMT+0800 (China Standard Time),2.51,2.51,2.48,2.48,1400,2.48,JYNT
Mon Nov 07 2016 00:00:00 GMT+0800 (China Standard Time),2.491,2.55,2.49,2.51,22800,2.51,JYNT
Tue Nov 08 2016 00:00:00 GMT+0800 (China Standard Time),2.52,2.52,2.5,2.51,4100,2.51,JYNT
Wed Nov 09 2016 00:00:00 GMT+0800 (China Standard Time),2.46,2.5,2.4,2.45,9700,2.45,JYNT
Thu Nov 10 2016 00:00:00 GMT+0800 (China Standard Time),2.45,2.5,2.39,2.44,29700,2.44,JYNT
Fri Nov 11 2016 00:00:00 GMT+0800 (China Standard Time),2.5,2.596,2.5,2.54,33200,2.54,JYNT
