Thu Jul 31 2014 00:00:00 GMT+0800 (China Standard Time),9,9,7.01,7.25,1774400,7.25,MCUR
Fri Aug 01 2014 00:00:00 GMT+0800 (China Standard Time),7.5,7.9,7.25,7.49,163600,7.49,MCUR
Mon Aug 04 2014 00:00:00 GMT+0800 (China Standard Time),7.85,7.85,7.49,7.75,72200,7.75,MCUR
Tue Aug 05 2014 00:00:00 GMT+0800 (China Standard Time),7.75,7.95,7.7,7.88,68400,7.88,MCUR
Wed Aug 06 2014 00:00:00 GMT+0800 (China Standard Time),7.75,8.22,7.75,8.22,58000,8.22,MCUR
Thu Aug 07 2014 00:00:00 GMT+0800 (China Standard Time),8.19,8.19,8,8.04,21200,8.04,MCUR
Fri Aug 08 2014 00:00:00 GMT+0800 (China Standard Time),8,8.05,8,8.01,29400,8.01,MCUR
Mon Aug 11 2014 00:00:00 GMT+0800 (China Standard Time),8,8.22,8,8.06,20000,8.06,MCUR
Tue Aug 12 2014 00:00:00 GMT+0800 (China Standard Time),8.06,8.23,8,8.17,46900,8.17,MCUR
Wed Aug 13 2014 00:00:00 GMT+0800 (China Standard Time),8.25,8.25,8.081,8.24,42100,8.24,MCUR
Thu Aug 14 2014 00:00:00 GMT+0800 (China Standard Time),8.1,8.35,8,8.34,46400,8.34,MCUR
Fri Aug 15 2014 00:00:00 GMT+0800 (China Standard Time),8.14,8.25,8.01,8.23,62900,8.23,MCUR
Mon Aug 18 2014 00:00:00 GMT+0800 (China Standard Time),8.22,8.39,8.048,8.39,32100,8.39,MCUR
Tue Aug 19 2014 00:00:00 GMT+0800 (China Standard Time),8.4,8.45,8.25,8.44,47500,8.44,MCUR
Wed Aug 20 2014 00:00:00 GMT+0800 (China Standard Time),8.23,8.9,8.23,8.84,87500,8.84,MCUR
Thu Aug 21 2014 00:00:00 GMT+0800 (China Standard Time),8.93,9.35,8.6,9.334,109000,9.334,MCUR
Fri Aug 22 2014 00:00:00 GMT+0800 (China Standard Time),9.4,9.6,9.3,9.51,72500,9.51,MCUR
Mon Aug 25 2014 00:00:00 GMT+0800 (China Standard Time),9.6,9.79,9.45,9.69,147400,9.69,MCUR
Tue Aug 26 2014 00:00:00 GMT+0800 (China Standard Time),9.76,9.98,9.53,9.71,179700,9.71,MCUR
Wed Aug 27 2014 00:00:00 GMT+0800 (China Standard Time),9.75,9.76,9.25,9.34,61200,9.34,MCUR
Thu Aug 28 2014 00:00:00 GMT+0800 (China Standard Time),9.14,9.78,8.65,9.31,191500,9.31,MCUR
Fri Aug 29 2014 00:00:00 GMT+0800 (China Standard Time),9.68,9.94,9.32,9.435,110400,9.435,MCUR
Tue Sep 02 2014 00:00:00 GMT+0800 (China Standard Time),9.56,9.845,9.48,9.6,37400,9.6,MCUR
Wed Sep 03 2014 00:00:00 GMT+0800 (China Standard Time),9.48,9.6,9.35,9.39,23900,9.39,MCUR
Thu Sep 04 2014 00:00:00 GMT+0800 (China Standard Time),9.35,9.455,9.25,9.26,16200,9.26,MCUR
Fri Sep 05 2014 00:00:00 GMT+0800 (China Standard Time),10.2,10.2,9.1,9.18,50900,9.18,MCUR
Mon Sep 08 2014 00:00:00 GMT+0800 (China Standard Time),9.2,9.43,8.84,9.04,23400,9.04,MCUR
Tue Sep 09 2014 00:00:00 GMT+0800 (China Standard Time),9,9.21,9,9,4100,9,MCUR
Wed Sep 10 2014 00:00:00 GMT+0800 (China Standard Time),9.1,9.1,8.9,8.96,19800,8.96,MCUR
Thu Sep 11 2014 00:00:00 GMT+0800 (China Standard Time),8.9,8.9,8.8,8.86,50400,8.86,MCUR
Fri Sep 12 2014 00:00:00 GMT+0800 (China Standard Time),8.85,9.031,8.345,8.42,64300,8.42,MCUR
Mon Sep 15 2014 00:00:00 GMT+0800 (China Standard Time),8.33,8.49,8,8.04,27900,8.04,MCUR
Tue Sep 16 2014 00:00:00 GMT+0800 (China Standard Time),7.84,8.17,7.56,7.98,46700,7.98,MCUR
Wed Sep 17 2014 00:00:00 GMT+0800 (China Standard Time),8.012,8.5,7.95,8.38,27400,8.38,MCUR
Thu Sep 18 2014 00:00:00 GMT+0800 (China Standard Time),8.6,8.67,7.8,7.9,126100,7.9,MCUR
Fri Sep 19 2014 00:00:00 GMT+0800 (China Standard Time),7.89,8.35,7.8,7.86,29100,7.86,MCUR
Mon Sep 22 2014 00:00:00 GMT+0800 (China Standard Time),7.9,8.28,7.56,7.81,54000,7.81,MCUR
Tue Sep 23 2014 00:00:00 GMT+0800 (China Standard Time),7.93,8.52,7.69,8.19,30500,8.19,MCUR
Wed Sep 24 2014 00:00:00 GMT+0800 (China Standard Time),8.16,8.35,7.76,7.76,33600,7.76,MCUR
Thu Sep 25 2014 00:00:00 GMT+0800 (China Standard Time),7.76,7.76,7.31,7.35,129500,7.35,MCUR
Fri Sep 26 2014 00:00:00 GMT+0800 (China Standard Time),7.38,7.7,7.007,7.16,36000,7.16,MCUR
Mon Sep 29 2014 00:00:00 GMT+0800 (China Standard Time),7.19,7.3,7.1,7.1,20300,7.1,MCUR
Tue Sep 30 2014 00:00:00 GMT+0800 (China Standard Time),7.1,7.26,7.1,7.19,12500,7.19,MCUR
Wed Oct 01 2014 00:00:00 GMT+0800 (China Standard Time),7.29,7.29,6.82,7.25,15400,7.25,MCUR
Thu Oct 02 2014 00:00:00 GMT+0800 (China Standard Time),6.92,7.5,6.92,7.5,6900,7.5,MCUR
Fri Oct 03 2014 00:00:00 GMT+0800 (China Standard Time),7.79,7.805,7.45,7.5,15700,7.5,MCUR
Mon Oct 06 2014 00:00:00 GMT+0800 (China Standard Time),7.504,7.68,7.18,7.68,8400,7.68,MCUR
Tue Oct 07 2014 00:00:00 GMT+0800 (China Standard Time),7.64,7.78,7.11,7.23,18800,7.23,MCUR
Wed Oct 08 2014 00:00:00 GMT+0800 (China Standard Time),7.45,7.45,7.11,7.222,4600,7.222,MCUR
Thu Oct 09 2014 00:00:00 GMT+0800 (China Standard Time),7.28,7.4,7.19,7.4,1800,7.4,MCUR
Fri Oct 10 2014 00:00:00 GMT+0800 (China Standard Time),7.101,7.3,7.05,7.2,18300,7.2,MCUR
Mon Oct 13 2014 00:00:00 GMT+0800 (China Standard Time),7.21,7.362,7.05,7.11,17100,7.11,MCUR
Tue Oct 14 2014 00:00:00 GMT+0800 (China Standard Time),7.17,7.17,7,7.01,19500,7.01,MCUR
Wed Oct 15 2014 00:00:00 GMT+0800 (China Standard Time),6.96,7.01,6.95,7.01,2100,7.01,MCUR
Thu Oct 16 2014 00:00:00 GMT+0800 (China Standard Time),6.96,7.37,6.9,7.37,11900,7.37,MCUR
Fri Oct 17 2014 00:00:00 GMT+0800 (China Standard Time),7.05,7.15,7.01,7.09,4000,7.09,MCUR
Mon Oct 20 2014 00:00:00 GMT+0800 (China Standard Time),7.14,7.47,7.13,7.13,12300,7.13,MCUR
Tue Oct 21 2014 00:00:00 GMT+0800 (China Standard Time),7.19,7.84,7.05,7.49,12600,7.49,MCUR
Wed Oct 22 2014 00:00:00 GMT+0800 (China Standard Time),7.24,7.81,7.16,7.4,9800,7.4,MCUR
Thu Oct 23 2014 00:00:00 GMT+0800 (China Standard Time),7.53,7.53,7.28,7.315,3100,7.315,MCUR
Fri Oct 24 2014 00:00:00 GMT+0800 (China Standard Time),7.33,7.34,7.161,7.161,1100,7.161,MCUR
Mon Oct 27 2014 00:00:00 GMT+0800 (China Standard Time),7.299,7.595,7.18,7.595,1300,7.595,MCUR
Tue Oct 28 2014 00:00:00 GMT+0800 (China Standard Time),7.34,7.58,7.3,7.54,18900,7.54,MCUR
Wed Oct 29 2014 00:00:00 GMT+0800 (China Standard Time),7.31,7.57,7.21,7.35,6200,7.35,MCUR
Thu Oct 30 2014 00:00:00 GMT+0800 (China Standard Time),7.37,7.7,7.26,7.51,11700,7.51,MCUR
Fri Oct 31 2014 00:00:00 GMT+0800 (China Standard Time),7.53,7.65,7.522,7.53,3000,7.53,MCUR
Mon Nov 03 2014 00:00:00 GMT+0800 (China Standard Time),7.52,7.61,7.5,7.61,8100,7.61,MCUR
Tue Nov 04 2014 00:00:00 GMT+0800 (China Standard Time),7.51,7.8,7.5,7.79,9900,7.79,MCUR
Wed Nov 05 2014 00:00:00 GMT+0800 (China Standard Time),8.24,8.24,7.72,7.99,20000,7.99,MCUR
Thu Nov 06 2014 00:00:00 GMT+0800 (China Standard Time),7.71,8,7.71,7.76,7300,7.76,MCUR
Fri Nov 07 2014 00:00:00 GMT+0800 (China Standard Time),7.76,7.779,7.5,7.5,2600,7.5,MCUR
Mon Nov 10 2014 00:00:00 GMT+0800 (China Standard Time),7.52,7.7,7.24,7.5,20300,7.5,MCUR
Tue Nov 11 2014 00:00:00 GMT+0800 (China Standard Time),7.51,7.51,7.5,7.5,3700,7.5,MCUR
Wed Nov 12 2014 00:00:00 GMT+0800 (China Standard Time),7.5,7.545,7.22,7.22,8100,7.22,MCUR
Thu Nov 13 2014 00:00:00 GMT+0800 (China Standard Time),7.25,7.72,7.25,7.5,9000,7.5,MCUR
Fri Nov 14 2014 00:00:00 GMT+0800 (China Standard Time),7.61,7.61,7.5,7.5,1500,7.5,MCUR
Mon Nov 17 2014 00:00:00 GMT+0800 (China Standard Time),7.55,7.99,7.5,7.8,9600,7.8,MCUR
Tue Nov 18 2014 00:00:00 GMT+0800 (China Standard Time),7.995,7.995,7.42,7.55,12400,7.55,MCUR
Wed Nov 19 2014 00:00:00 GMT+0800 (China Standard Time),7.94,7.94,7.54,7.93,800,7.93,MCUR
Thu Nov 20 2014 00:00:00 GMT+0800 (China Standard Time),7.58,7.85,7.4,7.43,9800,7.43,MCUR
Fri Nov 21 2014 00:00:00 GMT+0800 (China Standard Time),7.45,7.67,7.43,7.43,4900,7.43,MCUR
Mon Nov 24 2014 00:00:00 GMT+0800 (China Standard Time),7.45,7.631,7.45,7.49,33600,7.49,MCUR
Tue Nov 25 2014 00:00:00 GMT+0800 (China Standard Time),7.83,8,7.6,8,43300,8,MCUR
Wed Nov 26 2014 00:00:00 GMT+0800 (China Standard Time),7.68,7.89,7.68,7.69,2800,7.69,MCUR
Fri Nov 28 2014 00:00:00 GMT+0800 (China Standard Time),7.69,7.73,7.69,7.73,400,7.73,MCUR
Mon Dec 01 2014 00:00:00 GMT+0800 (China Standard Time),7.78,7.99,7.78,7.798,4200,7.798,MCUR
Tue Dec 02 2014 00:00:00 GMT+0800 (China Standard Time),7.8,7.967,7.8,7.8,5100,7.8,MCUR
Wed Dec 03 2014 00:00:00 GMT+0800 (China Standard Time),7.9,7.9,7.68,7.76,7800,7.76,MCUR
Thu Dec 04 2014 00:00:00 GMT+0800 (China Standard Time),7.83,7.83,7.68,7.69,17600,7.69,MCUR
Fri Dec 05 2014 00:00:00 GMT+0800 (China Standard Time),7.78,7.81,7.68,7.81,6200,7.81,MCUR
Mon Dec 08 2014 00:00:00 GMT+0800 (China Standard Time),7.7,8.3,7.69,8.3,20700,8.3,MCUR
Tue Dec 09 2014 00:00:00 GMT+0800 (China Standard Time),8.2,8.2,7.99,8.05,8400,8.05,MCUR
Wed Dec 10 2014 00:00:00 GMT+0800 (China Standard Time),8.3,8.3,7.78,8.01,8000,8.01,MCUR
Thu Dec 11 2014 00:00:00 GMT+0800 (China Standard Time),7.83,8.1,7.82,7.82,11600,7.82,MCUR
Fri Dec 12 2014 00:00:00 GMT+0800 (China Standard Time),7.82,7.98,7.5,7.5,5200,7.5,MCUR
Mon Dec 15 2014 00:00:00 GMT+0800 (China Standard Time),7.57,7.73,7.5,7.6,13500,7.6,MCUR
Tue Dec 16 2014 00:00:00 GMT+0800 (China Standard Time),7.6,7.78,7.56,7.73,15000,7.73,MCUR
Wed Dec 17 2014 00:00:00 GMT+0800 (China Standard Time),7.72,7.78,7.58,7.7,77500,7.7,MCUR
Thu Dec 18 2014 00:00:00 GMT+0800 (China Standard Time),7.74,7.76,7.45,7.59,66500,7.59,MCUR
Fri Dec 19 2014 00:00:00 GMT+0800 (China Standard Time),7.53,7.58,7.47,7.5,40400,7.5,MCUR
Mon Dec 22 2014 00:00:00 GMT+0800 (China Standard Time),7.55,7.64,7.46,7.5,24300,7.5,MCUR
Tue Dec 23 2014 00:00:00 GMT+0800 (China Standard Time),7.45,7.451,7.45,7.45,3300,7.45,MCUR
Wed Dec 24 2014 00:00:00 GMT+0800 (China Standard Time),7.521,7.521,7.265,7.39,10900,7.39,MCUR
Fri Dec 26 2014 00:00:00 GMT+0800 (China Standard Time),7.37,7.53,7.35,7.41,54700,7.41,MCUR
Mon Dec 29 2014 00:00:00 GMT+0800 (China Standard Time),7.46,7.587,7.32,7.32,90000,7.32,MCUR
Tue Dec 30 2014 00:00:00 GMT+0800 (China Standard Time),7.3,7.44,7.3,7.37,7700,7.37,MCUR
Wed Dec 31 2014 00:00:00 GMT+0800 (China Standard Time),7.322,7.41,7.3,7.3,9700,7.3,MCUR
Fri Jan 02 2015 00:00:00 GMT+0800 (China Standard Time),7.449,7.62,7.31,7.535,16300,7.535,MCUR
Mon Jan 05 2015 00:00:00 GMT+0800 (China Standard Time),7.58,8.44,7.58,7.94,63200,7.94,MCUR
Tue Jan 06 2015 00:00:00 GMT+0800 (China Standard Time),8.16,8.36,8.146,8.34,14600,8.34,MCUR
Wed Jan 07 2015 00:00:00 GMT+0800 (China Standard Time),8.25,8.73,8.15,8.73,83400,8.73,MCUR
Thu Jan 08 2015 00:00:00 GMT+0800 (China Standard Time),8.9,9.279,8.8,9.03,93200,9.03,MCUR
Fri Jan 09 2015 00:00:00 GMT+0800 (China Standard Time),9.02,9.25,8.98,9.2,68700,9.2,MCUR
Mon Jan 12 2015 00:00:00 GMT+0800 (China Standard Time),9.5,11.26,9.2,9.7,131300,9.7,MCUR
Tue Jan 13 2015 00:00:00 GMT+0800 (China Standard Time),9.69,9.71,9.31,9.66,28400,9.66,MCUR
Wed Jan 14 2015 00:00:00 GMT+0800 (China Standard Time),9.7,9.7,9.2,9.62,28500,9.62,MCUR
Thu Jan 15 2015 00:00:00 GMT+0800 (China Standard Time),9.7,9.7,9.52,9.56,5400,9.56,MCUR
Fri Jan 16 2015 00:00:00 GMT+0800 (China Standard Time),9.67,10.046,9.58,9.875,21300,9.875,MCUR
Tue Jan 20 2015 00:00:00 GMT+0800 (China Standard Time),9.97,10.2,9.59,9.86,31500,9.86,MCUR
Wed Jan 21 2015 00:00:00 GMT+0800 (China Standard Time),9.69,9.97,9.69,9.75,7400,9.75,MCUR
Thu Jan 22 2015 00:00:00 GMT+0800 (China Standard Time),9.6,9.81,9.5,9.78,5900,9.78,MCUR
Fri Jan 23 2015 00:00:00 GMT+0800 (China Standard Time),9.795,9.795,9.497,9.59,12200,9.59,MCUR
Mon Jan 26 2015 00:00:00 GMT+0800 (China Standard Time),9.6,9.6,9.23,9.42,16900,9.42,MCUR
Tue Jan 27 2015 00:00:00 GMT+0800 (China Standard Time),9.52,9.6,9.34,9.5,10800,9.5,MCUR
Wed Jan 28 2015 00:00:00 GMT+0800 (China Standard Time),9.7,9.7,9.38,9.48,41000,9.48,MCUR
Thu Jan 29 2015 00:00:00 GMT+0800 (China Standard Time),9.96,9.96,9.42,9.43,17300,9.43,MCUR
Fri Jan 30 2015 00:00:00 GMT+0800 (China Standard Time),9.502,9.6,9.4,9.5,5000,9.5,MCUR
Mon Feb 02 2015 00:00:00 GMT+0800 (China Standard Time),9.66,9.88,9.36,9.65,17500,9.65,MCUR
Tue Feb 03 2015 00:00:00 GMT+0800 (China Standard Time),9.73,9.9,9.53,9.9,26900,9.9,MCUR
Wed Feb 04 2015 00:00:00 GMT+0800 (China Standard Time),9.92,10.05,9.69,10.01,42900,10.01,MCUR
Thu Feb 05 2015 00:00:00 GMT+0800 (China Standard Time),9.95,10.15,9.84,10.14,46400,10.14,MCUR
Fri Feb 06 2015 00:00:00 GMT+0800 (China Standard Time),10.13,10.3,9.88,10.1,45700,10.1,MCUR
Mon Feb 09 2015 00:00:00 GMT+0800 (China Standard Time),10.03,10.23,9.67,9.68,87700,9.68,MCUR
Tue Feb 10 2015 00:00:00 GMT+0800 (China Standard Time),10.2,10.2,9.85,9.92,17600,9.92,MCUR
Wed Feb 11 2015 00:00:00 GMT+0800 (China Standard Time),10.03,10.25,9.93,10.03,16100,10.03,MCUR
Thu Feb 12 2015 00:00:00 GMT+0800 (China Standard Time),14.3,14.3,10.48,11.84,154200,11.84,MCUR
Fri Feb 13 2015 00:00:00 GMT+0800 (China Standard Time),11,11.71,10.98,11.195,61000,11.195,MCUR
Tue Feb 17 2015 00:00:00 GMT+0800 (China Standard Time),10.93,11.45,10.9,11,33500,11,MCUR
Wed Feb 18 2015 00:00:00 GMT+0800 (China Standard Time),11.5,11.52,10.36,10.36,108900,10.36,MCUR
Thu Feb 19 2015 00:00:00 GMT+0800 (China Standard Time),10.4,10.76,10.15,10.2,35700,10.2,MCUR
Fri Feb 20 2015 00:00:00 GMT+0800 (China Standard Time),10.25,10.25,10.15,10.2,4700,10.2,MCUR
Mon Feb 23 2015 00:00:00 GMT+0800 (China Standard Time),10.27,10.47,10.1,10.13,9800,10.13,MCUR
Tue Feb 24 2015 00:00:00 GMT+0800 (China Standard Time),10.25,10.25,9.75,9.75,49900,9.75,MCUR
Wed Feb 25 2015 00:00:00 GMT+0800 (China Standard Time),9.99,9.99,9.39,9.48,42500,9.48,MCUR
Thu Feb 26 2015 00:00:00 GMT+0800 (China Standard Time),9.5,9.5,9.13,9.35,21800,9.35,MCUR
Fri Feb 27 2015 00:00:00 GMT+0800 (China Standard Time),9.44,9.57,9.43,9.55,7700,9.55,MCUR
Mon Mar 02 2015 00:00:00 GMT+0800 (China Standard Time),9.65,9.65,9.44,9.5,13000,9.5,MCUR
Tue Mar 03 2015 00:00:00 GMT+0800 (China Standard Time),9.6,9.62,9.29,9.41,11200,9.41,MCUR
Wed Mar 04 2015 00:00:00 GMT+0800 (China Standard Time),9.38,9.38,9.28,9.29,1100,9.29,MCUR
Thu Mar 05 2015 00:00:00 GMT+0800 (China Standard Time),9.27,9.5,9.27,9.45,4800,9.45,MCUR
Fri Mar 06 2015 00:00:00 GMT+0800 (China Standard Time),9.47,9.47,9.21,9.21,15000,9.21,MCUR
Mon Mar 09 2015 00:00:00 GMT+0800 (China Standard Time),9.2,9.2,9,9.19,29800,9.19,MCUR
Tue Mar 10 2015 00:00:00 GMT+0800 (China Standard Time),9.2,9.42,8.86,9.33,32400,9.33,MCUR
Wed Mar 11 2015 00:00:00 GMT+0800 (China Standard Time),9.14,9.585,9.09,9.42,21100,9.42,MCUR
Thu Mar 12 2015 00:00:00 GMT+0800 (China Standard Time),9.57,9.59,9.2,9.41,12500,9.41,MCUR
Fri Mar 13 2015 00:00:00 GMT+0800 (China Standard Time),9.5,9.6,9.36,9.56,25900,9.56,MCUR
Mon Mar 16 2015 00:00:00 GMT+0800 (China Standard Time),9.51,9.59,9.31,9.33,9900,9.33,MCUR
Tue Mar 17 2015 00:00:00 GMT+0800 (China Standard Time),9.39,9.537,9.39,9.47,2600,9.47,MCUR
Wed Mar 18 2015 00:00:00 GMT+0800 (China Standard Time),9.5,9.66,9.5,9.63,16900,9.63,MCUR
Thu Mar 19 2015 00:00:00 GMT+0800 (China Standard Time),9.64,10.08,9.63,9.69,40400,9.69,MCUR
Fri Mar 20 2015 00:00:00 GMT+0800 (China Standard Time),9.55,9.7,9.5,9.63,21500,9.63,MCUR
Mon Mar 23 2015 00:00:00 GMT+0800 (China Standard Time),9.65,9.67,9.51,9.61,6200,9.61,MCUR
Tue Mar 24 2015 00:00:00 GMT+0800 (China Standard Time),9.66,9.66,9.57,9.65,4400,9.65,MCUR
Wed Mar 25 2015 00:00:00 GMT+0800 (China Standard Time),9.73,9.73,9.5,9.62,10500,9.62,MCUR
Thu Mar 26 2015 00:00:00 GMT+0800 (China Standard Time),9.52,9.72,9.4,9.72,23100,9.72,MCUR
Fri Mar 27 2015 00:00:00 GMT+0800 (China Standard Time),9.62,9.672,9.62,9.62,1900,9.62,MCUR
Mon Mar 30 2015 00:00:00 GMT+0800 (China Standard Time),9.65,9.65,9.3,9.48,6500,9.48,MCUR
Tue Mar 31 2015 00:00:00 GMT+0800 (China Standard Time),9.529,9.529,9.22,9.28,5300,9.28,MCUR
Wed Apr 01 2015 00:00:00 GMT+0800 (China Standard Time),9.476,9.5,9.23,9.23,5600,9.23,MCUR
Thu Apr 02 2015 00:00:00 GMT+0800 (China Standard Time),9.34,9.43,9.3,9.32,3100,9.32,MCUR
Mon Apr 06 2015 00:00:00 GMT+0800 (China Standard Time),9.35,9.35,8.61,9.12,8800,9.12,MCUR
Tue Apr 07 2015 00:00:00 GMT+0800 (China Standard Time),9.36,9.36,9.1,9.2,3500,9.2,MCUR
Wed Apr 08 2015 00:00:00 GMT+0800 (China Standard Time),9.26,9.64,9.26,9.631,6300,9.631,MCUR
Thu Apr 09 2015 00:00:00 GMT+0800 (China Standard Time),9.62,9.9,9.15,9.7,23200,9.7,MCUR
Fri Apr 10 2015 00:00:00 GMT+0800 (China Standard Time),9.654,9.7,9.61,9.62,4500,9.62,MCUR
Mon Apr 13 2015 00:00:00 GMT+0800 (China Standard Time),9.69,9.763,9.61,9.68,3500,9.68,MCUR
Tue Apr 14 2015 00:00:00 GMT+0800 (China Standard Time),9.61,9.7,9.6,9.69,6900,9.69,MCUR
Wed Apr 15 2015 00:00:00 GMT+0800 (China Standard Time),9.7,9.73,9.6,9.73,12100,9.73,MCUR
Thu Apr 16 2015 00:00:00 GMT+0800 (China Standard Time),9.797,9.862,9.63,9.63,5600,9.63,MCUR
Fri Apr 17 2015 00:00:00 GMT+0800 (China Standard Time),9.78,9.8,9.73,9.8,3100,9.8,MCUR
Mon Apr 20 2015 00:00:00 GMT+0800 (China Standard Time),9.82,10.48,9.64,9.96,39900,9.96,MCUR
Tue Apr 21 2015 00:00:00 GMT+0800 (China Standard Time),9.97,9.97,9.4,9.81,49800,9.81,MCUR
Wed Apr 22 2015 00:00:00 GMT+0800 (China Standard Time),9.65,9.93,9.59,9.9,10700,9.9,MCUR
Thu Apr 23 2015 00:00:00 GMT+0800 (China Standard Time),9.96,10.5,9.52,10.2,56800,10.2,MCUR
Fri Apr 24 2015 00:00:00 GMT+0800 (China Standard Time),10.209,10.43,10,10,17400,10,MCUR
Mon Apr 27 2015 00:00:00 GMT+0800 (China Standard Time),10.101,10.101,9.1,9.19,64800,9.19,MCUR
Tue Apr 28 2015 00:00:00 GMT+0800 (China Standard Time),9.65,9.9,9.11,9.88,19900,9.88,MCUR
Wed Apr 29 2015 00:00:00 GMT+0800 (China Standard Time),9.89,9.89,9.35,9.67,8300,9.67,MCUR
Thu Apr 30 2015 00:00:00 GMT+0800 (China Standard Time),9.65,9.745,9.39,9.65,22200,9.65,MCUR
Fri May 01 2015 00:00:00 GMT+0800 (China Standard Time),9.8,9.9,9.51,9.9,5900,9.9,MCUR
Mon May 04 2015 00:00:00 GMT+0800 (China Standard Time),9.721,9.88,9.51,9.88,9200,9.88,MCUR
Tue May 05 2015 00:00:00 GMT+0800 (China Standard Time),9.58,9.65,9.5,9.6,10000,9.6,MCUR
Wed May 06 2015 00:00:00 GMT+0800 (China Standard Time),9.67,9.7,9.5,9.66,2500,9.66,MCUR
Thu May 07 2015 00:00:00 GMT+0800 (China Standard Time),9.71,9.71,9.57,9.65,1100,9.65,MCUR
Fri May 08 2015 00:00:00 GMT+0800 (China Standard Time),9.7,9.76,9.7,9.73,2800,9.73,MCUR
Mon May 11 2015 00:00:00 GMT+0800 (China Standard Time),9.58,9.85,9.58,9.79,15600,9.79,MCUR
Tue May 12 2015 00:00:00 GMT+0800 (China Standard Time),9.63,9.85,9.102,9.84,19700,9.84,MCUR
Wed May 13 2015 00:00:00 GMT+0800 (China Standard Time),9.85,9.9,9.78,9.87,31100,9.87,MCUR
Thu May 14 2015 00:00:00 GMT+0800 (China Standard Time),9.94,10.1,9.85,9.94,39500,9.94,MCUR
Fri May 15 2015 00:00:00 GMT+0800 (China Standard Time),10.03,10.2,10.03,10.07,13200,10.07,MCUR
Mon May 18 2015 00:00:00 GMT+0800 (China Standard Time),10.12,10.504,10.12,10.34,36700,10.34,MCUR
Tue May 19 2015 00:00:00 GMT+0800 (China Standard Time),10.5,10.86,10.425,10.76,44700,10.76,MCUR
Wed May 20 2015 00:00:00 GMT+0800 (China Standard Time),10.85,11.1,10.71,11,31400,11,MCUR
Thu May 21 2015 00:00:00 GMT+0800 (China Standard Time),10.91,11.15,10.91,11.14,15200,11.14,MCUR
Fri May 22 2015 00:00:00 GMT+0800 (China Standard Time),11.14,11.14,11.14,11.14,0,11.14,MCUR
Tue May 26 2015 00:00:00 GMT+0800 (China Standard Time),11.15,11.55,11.14,11.5,44200,11.5,MCUR
Wed May 27 2015 00:00:00 GMT+0800 (China Standard Time),11.68,11.68,11.39,11.5,30400,11.5,MCUR
Thu May 28 2015 00:00:00 GMT+0800 (China Standard Time),11.5,11.545,11.13,11.5,31500,11.5,MCUR
Fri May 29 2015 00:00:00 GMT+0800 (China Standard Time),11.45,11.64,11.45,11.5,35400,11.5,MCUR
Mon Jun 01 2015 00:00:00 GMT+0800 (China Standard Time),11.51,11.88,11.51,11.87,6900,11.87,MCUR
Tue Jun 02 2015 00:00:00 GMT+0800 (China Standard Time),11.87,12.09,11.67,12.09,7600,12.09,MCUR
Wed Jun 03 2015 00:00:00 GMT+0800 (China Standard Time),11.91,12.367,11.72,12.31,66900,12.31,MCUR
Thu Jun 04 2015 00:00:00 GMT+0800 (China Standard Time),12.26,12.52,12.01,12.1,24800,12.1,MCUR
Fri Jun 05 2015 00:00:00 GMT+0800 (China Standard Time),12.13,12.383,11.98,12.354,8200,12.354,MCUR
Mon Jun 08 2015 00:00:00 GMT+0800 (China Standard Time),12.25,12.99,12.216,12.92,18500,12.92,MCUR
Tue Jun 09 2015 00:00:00 GMT+0800 (China Standard Time),12.81,12.87,12.26,12.7,37000,12.7,MCUR
Wed Jun 10 2015 00:00:00 GMT+0800 (China Standard Time),12.94,13.077,12.83,12.95,38200,12.95,MCUR
Thu Jun 11 2015 00:00:00 GMT+0800 (China Standard Time),12.95,13.73,12.95,13.36,56200,13.36,MCUR
Fri Jun 12 2015 00:00:00 GMT+0800 (China Standard Time),13.35,13.85,13.3,13.76,30900,13.76,MCUR
Mon Jun 15 2015 00:00:00 GMT+0800 (China Standard Time),13.76,13.85,13.44,13.64,57200,13.64,MCUR
Tue Jun 16 2015 00:00:00 GMT+0800 (China Standard Time),13.62,13.84,13.45,13.54,63300,13.54,MCUR
Wed Jun 17 2015 00:00:00 GMT+0800 (China Standard Time),13.45,13.62,13.33,13.33,13700,13.33,MCUR
Thu Jun 18 2015 00:00:00 GMT+0800 (China Standard Time),13.47,13.73,13.44,13.55,15300,13.55,MCUR
Fri Jun 19 2015 00:00:00 GMT+0800 (China Standard Time),13.5,14,13.21,14,33200,14,MCUR
Mon Jun 22 2015 00:00:00 GMT+0800 (China Standard Time),13.9,16.1,13.81,15.46,527400,15.46,MCUR
Tue Jun 23 2015 00:00:00 GMT+0800 (China Standard Time),15.19,15.6,13.9,13.92,270100,13.92,MCUR
Wed Jun 24 2015 00:00:00 GMT+0800 (China Standard Time),15.14,15.14,12.67,13.6,129400,13.6,MCUR
Thu Jun 25 2015 00:00:00 GMT+0800 (China Standard Time),13.35,13.98,13.27,13.86,29100,13.86,MCUR
Fri Jun 26 2015 00:00:00 GMT+0800 (China Standard Time),13.786,14.4,13.75,14.36,33200,14.36,MCUR
Mon Jun 29 2015 00:00:00 GMT+0800 (China Standard Time),14.4,14.4,13.5,13.62,32700,13.62,MCUR
Tue Jun 30 2015 00:00:00 GMT+0800 (China Standard Time),13.52,14,13.35,13.85,17700,13.85,MCUR
Wed Jul 01 2015 00:00:00 GMT+0800 (China Standard Time),13.94,14.25,13.21,13.945,106200,13.945,MCUR
Thu Jul 02 2015 00:00:00 GMT+0800 (China Standard Time),14.1,14.25,13.32,13.749,12800,13.749,MCUR
Mon Jul 06 2015 00:00:00 GMT+0800 (China Standard Time),13.65,13.93,13.65,13.77,8300,13.77,MCUR
Tue Jul 07 2015 00:00:00 GMT+0800 (China Standard Time),13.78,13.82,13.5,13.68,14000,13.68,MCUR
Wed Jul 08 2015 00:00:00 GMT+0800 (China Standard Time),13.54,13.65,13.17,13.284,18600,13.284,MCUR
Thu Jul 09 2015 00:00:00 GMT+0800 (China Standard Time),13.24,13.77,13.02,13.15,44600,13.15,MCUR
Fri Jul 10 2015 00:00:00 GMT+0800 (China Standard Time),13.27,13.44,11.79,12.17,156400,12.17,MCUR
Mon Jul 13 2015 00:00:00 GMT+0800 (China Standard Time),12.23,13.18,12.06,13.11,20800,13.11,MCUR
Tue Jul 14 2015 00:00:00 GMT+0800 (China Standard Time),13.06,13.6,13.06,13.49,19600,13.49,MCUR
Wed Jul 15 2015 00:00:00 GMT+0800 (China Standard Time),13.49,13.49,12.92,13.39,85500,13.39,MCUR
Thu Jul 16 2015 00:00:00 GMT+0800 (China Standard Time),13.56,13.56,12.62,13.09,52100,13.09,MCUR
Fri Jul 17 2015 00:00:00 GMT+0800 (China Standard Time),13.09,14.06,12.81,13.95,59300,13.95,MCUR
Mon Jul 20 2015 00:00:00 GMT+0800 (China Standard Time),14.05,14.05,13.51,13.63,37900,13.63,MCUR
Tue Jul 21 2015 00:00:00 GMT+0800 (China Standard Time),13.71,13.95,13.32,13.33,21900,13.33,MCUR
Wed Jul 22 2015 00:00:00 GMT+0800 (China Standard Time),13.38,13.439,13.21,13.31,13700,13.31,MCUR
Thu Jul 23 2015 00:00:00 GMT+0800 (China Standard Time),13.5,14.39,13.5,13.94,41800,13.94,MCUR
Fri Jul 24 2015 00:00:00 GMT+0800 (China Standard Time),14.09,14.1,13.809,14.04,12500,14.04,MCUR
Mon Jul 27 2015 00:00:00 GMT+0800 (China Standard Time),13.8,13.96,13.7,13.96,9300,13.96,MCUR
Tue Jul 28 2015 00:00:00 GMT+0800 (China Standard Time),13.97,13.97,13.61,13.83,10400,13.83,MCUR
Wed Jul 29 2015 00:00:00 GMT+0800 (China Standard Time),13.85,13.95,13.52,13.75,10000,13.75,MCUR
Thu Jul 30 2015 00:00:00 GMT+0800 (China Standard Time),13.73,13.73,13.202,13.35,32200,13.35,MCUR
Fri Jul 31 2015 00:00:00 GMT+0800 (China Standard Time),13.44,13.94,13.4,13.58,5500,13.58,MCUR
Mon Aug 03 2015 00:00:00 GMT+0800 (China Standard Time),13.99,13.99,13.61,13.84,5800,13.84,MCUR
Tue Aug 04 2015 00:00:00 GMT+0800 (China Standard Time),13.95,13.951,13.51,13.69,10300,13.69,MCUR
Wed Aug 05 2015 00:00:00 GMT+0800 (China Standard Time),13.7,13.98,13.535,13.68,17900,13.68,MCUR
Thu Aug 06 2015 00:00:00 GMT+0800 (China Standard Time),13.7,14,13.21,13.3,25400,13.3,MCUR
Fri Aug 07 2015 00:00:00 GMT+0800 (China Standard Time),13.2,13.595,13.13,13.55,37300,13.55,MCUR
Mon Aug 10 2015 00:00:00 GMT+0800 (China Standard Time),13.82,13.82,13.25,13.45,17100,13.45,MCUR
Tue Aug 11 2015 00:00:00 GMT+0800 (China Standard Time),13.32,13.92,13.2,13.31,17700,13.31,MCUR
Wed Aug 12 2015 00:00:00 GMT+0800 (China Standard Time),13.15,13.257,12.26,12.8,81200,12.8,MCUR
Thu Aug 13 2015 00:00:00 GMT+0800 (China Standard Time),12.76,13.5,12.58,12.9,54900,12.9,MCUR
Fri Aug 14 2015 00:00:00 GMT+0800 (China Standard Time),12.89,13.23,12.37,12.89,11700,12.89,MCUR
Mon Aug 17 2015 00:00:00 GMT+0800 (China Standard Time),12.85,12.85,12.53,12.82,7600,12.82,MCUR
Tue Aug 18 2015 00:00:00 GMT+0800 (China Standard Time),12.75,12.82,12.53,12.64,6900,12.64,MCUR
Wed Aug 19 2015 00:00:00 GMT+0800 (China Standard Time),12.6,12.6,12.05,12.05,21100,12.05,MCUR
Thu Aug 20 2015 00:00:00 GMT+0800 (China Standard Time),3.85,4.432,2.6,2.98,1399800,2.98,MCUR
Fri Aug 21 2015 00:00:00 GMT+0800 (China Standard Time),3.24,6,3.11,4.5,7978000,4.5,MCUR
Mon Aug 24 2015 00:00:00 GMT+0800 (China Standard Time),3.9,4.4,3.53,3.88,445000,3.88,MCUR
Tue Aug 25 2015 00:00:00 GMT+0800 (China Standard Time),3.83,4,3.41,3.67,223500,3.67,MCUR
Wed Aug 26 2015 00:00:00 GMT+0800 (China Standard Time),3.63,3.63,3.33,3.44,134700,3.44,MCUR
Thu Aug 27 2015 00:00:00 GMT+0800 (China Standard Time),3.43,3.5,3.12,3.26,189400,3.26,MCUR
Fri Aug 28 2015 00:00:00 GMT+0800 (China Standard Time),3.25,3.28,3.11,3.22,30000,3.22,MCUR
Mon Aug 31 2015 00:00:00 GMT+0800 (China Standard Time),3.21,3.21,3,3.06,127200,3.06,MCUR
Tue Sep 01 2015 00:00:00 GMT+0800 (China Standard Time),3.12,3.809,3.075,3.3,422200,3.3,MCUR
Wed Sep 02 2015 00:00:00 GMT+0800 (China Standard Time),3.55,3.75,3.32,3.39,95500,3.39,MCUR
Thu Sep 03 2015 00:00:00 GMT+0800 (China Standard Time),3.58,3.78,3.46,3.46,133100,3.46,MCUR
Fri Sep 04 2015 00:00:00 GMT+0800 (China Standard Time),3.41,3.505,3.3,3.4,41500,3.4,MCUR
Tue Sep 08 2015 00:00:00 GMT+0800 (China Standard Time),3.35,3.452,3.16,3.19,83900,3.19,MCUR
Wed Sep 09 2015 00:00:00 GMT+0800 (China Standard Time),3.17,3.26,3.15,3.2,25500,3.2,MCUR
Thu Sep 10 2015 00:00:00 GMT+0800 (China Standard Time),3.16,3.18,3,3.18,47900,3.18,MCUR
Fri Sep 11 2015 00:00:00 GMT+0800 (China Standard Time),3.19,3.19,3.07,3.11,40400,3.11,MCUR
Mon Sep 14 2015 00:00:00 GMT+0800 (China Standard Time),3.07,3.15,3.05,3.09,36900,3.09,MCUR
Tue Sep 15 2015 00:00:00 GMT+0800 (China Standard Time),3.13,3.22,3.01,3.21,56500,3.21,MCUR
Wed Sep 16 2015 00:00:00 GMT+0800 (China Standard Time),3.16,3.28,3.06,3.26,22900,3.26,MCUR
Thu Sep 17 2015 00:00:00 GMT+0800 (China Standard Time),3.23,3.49,3.23,3.48,72200,3.48,MCUR
Fri Sep 18 2015 00:00:00 GMT+0800 (China Standard Time),3.45,4.21,3.45,4.18,141700,4.18,MCUR
Mon Sep 21 2015 00:00:00 GMT+0800 (China Standard Time),4.26,4.26,3.92,3.96,122500,3.96,MCUR
Tue Sep 22 2015 00:00:00 GMT+0800 (China Standard Time),3.93,3.95,3.63,3.87,66500,3.87,MCUR
Wed Sep 23 2015 00:00:00 GMT+0800 (China Standard Time),3.9,3.9,3.67,3.72,32500,3.72,MCUR
Thu Sep 24 2015 00:00:00 GMT+0800 (China Standard Time),3.61,3.65,3.5,3.54,37100,3.54,MCUR
Fri Sep 25 2015 00:00:00 GMT+0800 (China Standard Time),3.53,3.55,3.1,3.23,55100,3.23,MCUR
Mon Sep 28 2015 00:00:00 GMT+0800 (China Standard Time),3.24,3.294,3.24,3.26,24900,3.26,MCUR
Tue Sep 29 2015 00:00:00 GMT+0800 (China Standard Time),3.25,3.59,3.15,3.17,93100,3.17,MCUR
Wed Sep 30 2015 00:00:00 GMT+0800 (China Standard Time),3.21,3.46,3.11,3.35,43600,3.35,MCUR
Thu Oct 01 2015 00:00:00 GMT+0800 (China Standard Time),3.35,3.54,3.18,3.31,83300,3.31,MCUR
Fri Oct 02 2015 00:00:00 GMT+0800 (China Standard Time),3.31,3.4,3.11,3.37,26000,3.37,MCUR
Mon Oct 05 2015 00:00:00 GMT+0800 (China Standard Time),3.38,3.85,3.38,3.78,80400,3.78,MCUR
Tue Oct 06 2015 00:00:00 GMT+0800 (China Standard Time),3.74,4.12,3.56,4.11,146300,4.11,MCUR
Wed Oct 07 2015 00:00:00 GMT+0800 (China Standard Time),4.2,4.2,3.78,3.91,60500,3.91,MCUR
Thu Oct 08 2015 00:00:00 GMT+0800 (China Standard Time),3.9,3.9,3.64,3.68,38600,3.68,MCUR
Fri Oct 09 2015 00:00:00 GMT+0800 (China Standard Time),3.91,4.076,3.8,3.84,40000,3.84,MCUR
Mon Oct 12 2015 00:00:00 GMT+0800 (China Standard Time),3.87,3.87,3.45,3.525,71200,3.525,MCUR
Tue Oct 13 2015 00:00:00 GMT+0800 (China Standard Time),3.48,3.48,3.35,3.35,26800,3.35,MCUR
Wed Oct 14 2015 00:00:00 GMT+0800 (China Standard Time),3.885,3.885,3.37,3.43,30300,3.43,MCUR
Thu Oct 15 2015 00:00:00 GMT+0800 (China Standard Time),3.605,3.605,3.4,3.42,16300,3.42,MCUR
Fri Oct 16 2015 00:00:00 GMT+0800 (China Standard Time),3.55,3.91,3.55,3.7,43300,3.7,MCUR
Mon Oct 19 2015 00:00:00 GMT+0800 (China Standard Time),3.67,4.04,3.67,3.99,53400,3.99,MCUR
Tue Oct 20 2015 00:00:00 GMT+0800 (China Standard Time),4.02,4.08,3.64,3.76,64400,3.76,MCUR
Wed Oct 21 2015 00:00:00 GMT+0800 (China Standard Time),3.78,3.78,3.5,3.6,46000,3.6,MCUR
Thu Oct 22 2015 00:00:00 GMT+0800 (China Standard Time),3.59,3.88,3.51,3.63,62400,3.63,MCUR
Fri Oct 23 2015 00:00:00 GMT+0800 (China Standard Time),3.69,3.803,3.56,3.67,136300,3.67,MCUR
Mon Oct 26 2015 00:00:00 GMT+0800 (China Standard Time),3.66,4.05,3.62,4.04,60500,4.04,MCUR
Tue Oct 27 2015 00:00:00 GMT+0800 (China Standard Time),3.93,4.26,3.89,4.26,45800,4.26,MCUR
Wed Oct 28 2015 00:00:00 GMT+0800 (China Standard Time),2.05,2.4,1.57,1.65,2251300,1.65,MCUR
Thu Oct 29 2015 00:00:00 GMT+0800 (China Standard Time),1.66,1.72,1.3,1.35,1183100,1.35,MCUR
Fri Oct 30 2015 00:00:00 GMT+0800 (China Standard Time),1.35,1.45,1.26,1.42,349600,1.42,MCUR
Mon Nov 02 2015 00:00:00 GMT+0800 (China Standard Time),1.37,1.4,1.29,1.3,322400,1.3,MCUR
Tue Nov 03 2015 00:00:00 GMT+0800 (China Standard Time),1.44,1.44,1.28,1.29,576200,1.29,MCUR
Wed Nov 04 2015 00:00:00 GMT+0800 (China Standard Time),1.28,1.3,1.09,1.24,229400,1.24,MCUR
Thu Nov 05 2015 00:00:00 GMT+0800 (China Standard Time),1.24,1.24,1.16,1.17,218400,1.17,MCUR
Fri Nov 06 2015 00:00:00 GMT+0800 (China Standard Time),1.19,1.21,1.1,1.15,114500,1.15,MCUR
Mon Nov 09 2015 00:00:00 GMT+0800 (China Standard Time),1.13,1.16,1.1,1.16,80700,1.16,MCUR
Tue Nov 10 2015 00:00:00 GMT+0800 (China Standard Time),1.06,1.12,0.99,1.05,359800,1.05,MCUR
Wed Nov 11 2015 00:00:00 GMT+0800 (China Standard Time),1.04,1.05,0.99,1,312000,1,MCUR
Thu Nov 12 2015 00:00:00 GMT+0800 (China Standard Time),0.97,1.01,0.94,0.98,118900,0.98,MCUR
Fri Nov 13 2015 00:00:00 GMT+0800 (China Standard Time),0.93,1,0.85,0.95,240500,0.95,MCUR
Mon Nov 16 2015 00:00:00 GMT+0800 (China Standard Time),0.95,0.96,0.85,0.85,184600,0.85,MCUR
Tue Nov 17 2015 00:00:00 GMT+0800 (China Standard Time),0.87,0.978,0.85,0.896,246200,0.896,MCUR
Wed Nov 18 2015 00:00:00 GMT+0800 (China Standard Time),0.85,0.9,0.85,0.875,185000,0.875,MCUR
Thu Nov 19 2015 00:00:00 GMT+0800 (China Standard Time),1.04,1.1,0.925,1.06,972600,1.06,MCUR
Fri Nov 20 2015 00:00:00 GMT+0800 (China Standard Time),1.09,2.15,1,1.96,13287100,1.96,MCUR
Mon Nov 23 2015 00:00:00 GMT+0800 (China Standard Time),2.12,2.95,1.94,2.27,10392300,2.27,MCUR
Tue Nov 24 2015 00:00:00 GMT+0800 (China Standard Time),2.07,2.24,1.44,1.67,2870800,1.67,MCUR
Wed Nov 25 2015 00:00:00 GMT+0800 (China Standard Time),1.65,2.4,1.51,1.94,6148800,1.94,MCUR
Fri Nov 27 2015 00:00:00 GMT+0800 (China Standard Time),2.23,2.8,2.06,2.44,6995900,2.44,MCUR
Mon Nov 30 2015 00:00:00 GMT+0800 (China Standard Time),2.03,2.38,1.994,2.03,2146100,2.03,MCUR
Tue Dec 01 2015 00:00:00 GMT+0800 (China Standard Time),2.01,2.12,1.83,1.93,1222300,1.93,MCUR
Wed Dec 02 2015 00:00:00 GMT+0800 (China Standard Time),1.92,1.98,1.77,1.77,550100,1.77,MCUR
Thu Dec 03 2015 00:00:00 GMT+0800 (China Standard Time),1.75,1.79,1.65,1.7,342500,1.7,MCUR
Fri Dec 04 2015 00:00:00 GMT+0800 (China Standard Time),1.74,1.75,1.37,1.42,577900,1.42,MCUR
Mon Dec 07 2015 00:00:00 GMT+0800 (China Standard Time),1.41,1.43,1.24,1.35,279000,1.35,MCUR
Tue Dec 08 2015 00:00:00 GMT+0800 (China Standard Time),1.37,1.4,1.26,1.36,371200,1.36,MCUR
Wed Dec 09 2015 00:00:00 GMT+0800 (China Standard Time),1.34,1.35,1.29,1.35,196100,1.35,MCUR
Thu Dec 10 2015 00:00:00 GMT+0800 (China Standard Time),1.33,1.35,1.23,1.32,180100,1.32,MCUR
Fri Dec 11 2015 00:00:00 GMT+0800 (China Standard Time),1.31,1.31,1.25,1.3,124100,1.3,MCUR
Mon Dec 14 2015 00:00:00 GMT+0800 (China Standard Time),1.29,1.294,1.16,1.18,172400,1.18,MCUR
Tue Dec 15 2015 00:00:00 GMT+0800 (China Standard Time),1.22,1.782,1.13,1.55,1163700,1.55,MCUR
Wed Dec 16 2015 00:00:00 GMT+0800 (China Standard Time),1.57,1.63,1.25,1.25,589100,1.25,MCUR
Thu Dec 17 2015 00:00:00 GMT+0800 (China Standard Time),1.27,1.34,1.2,1.27,244000,1.27,MCUR
Fri Dec 18 2015 00:00:00 GMT+0800 (China Standard Time),1.27,1.3,1.2,1.2,166800,1.2,MCUR
Mon Dec 21 2015 00:00:00 GMT+0800 (China Standard Time),1.21,1.29,1.2,1.23,91200,1.23,MCUR
Tue Dec 22 2015 00:00:00 GMT+0800 (China Standard Time),1.27,1.55,1.18,1.29,510000,1.29,MCUR
Wed Dec 23 2015 00:00:00 GMT+0800 (China Standard Time),1.31,1.42,1.3,1.37,199700,1.37,MCUR
Thu Dec 24 2015 00:00:00 GMT+0800 (China Standard Time),1.39,1.4,1.35,1.37,51900,1.37,MCUR
Mon Dec 28 2015 00:00:00 GMT+0800 (China Standard Time),1.48,1.48,1.3,1.3,93300,1.3,MCUR
Tue Dec 29 2015 00:00:00 GMT+0800 (China Standard Time),1.32,1.346,1.26,1.26,116800,1.26,MCUR
Wed Dec 30 2015 00:00:00 GMT+0800 (China Standard Time),1.26,1.34,1.21,1.29,165300,1.29,MCUR
Thu Dec 31 2015 00:00:00 GMT+0800 (China Standard Time),1.31,1.31,1.23,1.27,148500,1.27,MCUR
Mon Jan 04 2016 00:00:00 GMT+0800 (China Standard Time),1.26,1.4,1.25,1.39,234600,1.39,MCUR
Tue Jan 05 2016 00:00:00 GMT+0800 (China Standard Time),1.36,1.38,1.3,1.33,106500,1.33,MCUR
Wed Jan 06 2016 00:00:00 GMT+0800 (China Standard Time),1.31,1.35,1.26,1.28,123900,1.28,MCUR
Thu Jan 07 2016 00:00:00 GMT+0800 (China Standard Time),1.26,1.32,1.17,1.27,315700,1.27,MCUR
Fri Jan 08 2016 00:00:00 GMT+0800 (China Standard Time),1.24,1.28,1.19,1.19,61700,1.19,MCUR
Mon Jan 11 2016 00:00:00 GMT+0800 (China Standard Time),1.18,1.29,1.1,1.17,201900,1.17,MCUR
Tue Jan 12 2016 00:00:00 GMT+0800 (China Standard Time),1.19,1.29,1.08,1.15,158300,1.15,MCUR
Wed Jan 13 2016 00:00:00 GMT+0800 (China Standard Time),1.13,1.14,1.01,1.014,106500,1.014,MCUR
Thu Jan 14 2016 00:00:00 GMT+0800 (China Standard Time),1.03,1.08,0.98,1.08,85800,1.08,MCUR
Fri Jan 15 2016 00:00:00 GMT+0800 (China Standard Time),1.05,1.09,0.98,1,90000,1,MCUR
Tue Jan 19 2016 00:00:00 GMT+0800 (China Standard Time),1.012,1.04,0.95,0.999,51700,0.999,MCUR
Wed Jan 20 2016 00:00:00 GMT+0800 (China Standard Time),1,1.01,0.95,0.992,25600,0.992,MCUR
Thu Jan 21 2016 00:00:00 GMT+0800 (China Standard Time),1,1.06,0.965,0.98,69600,0.98,MCUR
Fri Jan 22 2016 00:00:00 GMT+0800 (China Standard Time),1.01,1.09,0.972,1.053,39600,1.053,MCUR
Mon Jan 25 2016 00:00:00 GMT+0800 (China Standard Time),1.11,1.16,1.06,1.06,38000,1.06,MCUR
Tue Jan 26 2016 00:00:00 GMT+0800 (China Standard Time),1.16,1.18,1.09,1.12,37300,1.12,MCUR
Wed Jan 27 2016 00:00:00 GMT+0800 (China Standard Time),1.11,1.16,1.02,1.08,123000,1.08,MCUR
Thu Jan 28 2016 00:00:00 GMT+0800 (China Standard Time),1.17,1.22,1.011,1.09,149900,1.09,MCUR
Fri Jan 29 2016 00:00:00 GMT+0800 (China Standard Time),1.07,1.12,1,1.07,45900,1.07,MCUR
Mon Feb 01 2016 00:00:00 GMT+0800 (China Standard Time),1.014,1.136,1,1.03,42700,1.03,MCUR
Tue Feb 02 2016 00:00:00 GMT+0800 (China Standard Time),1.02,1.05,0.967,1,33300,1,MCUR
Wed Feb 03 2016 00:00:00 GMT+0800 (China Standard Time),1,1.05,0.95,1,28900,1,MCUR
Thu Feb 04 2016 00:00:00 GMT+0800 (China Standard Time),0.97,1.04,0.95,1.03,24200,1.03,MCUR
Fri Feb 05 2016 00:00:00 GMT+0800 (China Standard Time),0.98,1.01,0.98,0.99,19100,0.99,MCUR
Mon Feb 08 2016 00:00:00 GMT+0800 (China Standard Time),0.95,0.968,0.9,0.96,84800,0.96,MCUR
Tue Feb 09 2016 00:00:00 GMT+0800 (China Standard Time),0.967,0.968,0.91,0.93,68300,0.93,MCUR
Wed Feb 10 2016 00:00:00 GMT+0800 (China Standard Time),1,1.04,0.98,1.01,64500,1.01,MCUR
Thu Feb 11 2016 00:00:00 GMT+0800 (China Standard Time),0.96,1,0.92,0.99,7800,0.99,MCUR
Fri Feb 12 2016 00:00:00 GMT+0800 (China Standard Time),0.97,1.04,0.96,1.03,41300,1.03,MCUR
Tue Feb 16 2016 00:00:00 GMT+0800 (China Standard Time),1.01,1.05,1.01,1.04,16200,1.04,MCUR
Wed Feb 17 2016 00:00:00 GMT+0800 (China Standard Time),0.96,1.05,0.95,0.99,36200,0.99,MCUR
Thu Feb 18 2016 00:00:00 GMT+0800 (China Standard Time),0.96,1.01,0.96,1,29100,1,MCUR
Fri Feb 19 2016 00:00:00 GMT+0800 (China Standard Time),0.97,1.1,0.962,1.03,116100,1.03,MCUR
Mon Feb 22 2016 00:00:00 GMT+0800 (China Standard Time),1.09,1.09,1,1.01,41000,1.01,MCUR
Tue Feb 23 2016 00:00:00 GMT+0800 (China Standard Time),1.02,1.06,0.97,0.97,33600,0.97,MCUR
Wed Feb 24 2016 00:00:00 GMT+0800 (China Standard Time),0.96,1.01,0.92,0.95,28000,0.95,MCUR
Thu Feb 25 2016 00:00:00 GMT+0800 (China Standard Time),0.95,0.99,0.92,0.94,49200,0.94,MCUR
Fri Feb 26 2016 00:00:00 GMT+0800 (China Standard Time),0.96,1.082,0.96,0.96,30300,0.96,MCUR
Mon Feb 29 2016 00:00:00 GMT+0800 (China Standard Time),0.99,0.99,0.94,0.99,34000,0.99,MCUR
Tue Mar 01 2016 00:00:00 GMT+0800 (China Standard Time),1.01,1.02,0.97,1,35200,1,MCUR
Wed Mar 02 2016 00:00:00 GMT+0800 (China Standard Time),1.01,1.04,0.92,0.95,62700,0.95,MCUR
Thu Mar 03 2016 00:00:00 GMT+0800 (China Standard Time),0.977,1.04,0.92,0.94,35400,0.94,MCUR
Fri Mar 04 2016 00:00:00 GMT+0800 (China Standard Time),1.01,1.01,0.95,1,17900,1,MCUR
Mon Mar 07 2016 00:00:00 GMT+0800 (China Standard Time),0.98,1.02,0.96,0.98,52600,0.98,MCUR
Tue Mar 08 2016 00:00:00 GMT+0800 (China Standard Time),0.99,1.04,0.96,0.99,35300,0.99,MCUR
Wed Mar 09 2016 00:00:00 GMT+0800 (China Standard Time),0.96,1.007,0.96,0.96,15400,0.96,MCUR
Thu Mar 10 2016 00:00:00 GMT+0800 (China Standard Time),0.999,0.999,0.96,0.99,4200,0.99,MCUR
Fri Mar 11 2016 00:00:00 GMT+0800 (China Standard Time),0.96,1,0.96,0.98,23500,0.98,MCUR
Mon Mar 14 2016 00:00:00 GMT+0800 (China Standard Time),1.02,1.02,0.97,1,18100,1,MCUR
Tue Mar 15 2016 00:00:00 GMT+0800 (China Standard Time),1.03,1.03,0.97,0.98,31200,0.98,MCUR
Wed Mar 16 2016 00:00:00 GMT+0800 (China Standard Time),0.97,1,0.97,0.99,6400,0.99,MCUR
Thu Mar 17 2016 00:00:00 GMT+0800 (China Standard Time),0.97,1.01,0.97,0.98,24300,0.98,MCUR
Fri Mar 18 2016 00:00:00 GMT+0800 (China Standard Time),0.971,1,0.97,0.97,48700,0.97,MCUR
Mon Mar 21 2016 00:00:00 GMT+0800 (China Standard Time),1,1.03,0.91,0.95,178300,0.95,MCUR
Tue Mar 22 2016 00:00:00 GMT+0800 (China Standard Time),0.93,0.99,0.9,0.99,86700,0.99,MCUR
Wed Mar 23 2016 00:00:00 GMT+0800 (China Standard Time),1,1,0.91,0.98,69500,0.98,MCUR
Thu Mar 24 2016 00:00:00 GMT+0800 (China Standard Time),0.99,1.03,0.97,1,27700,1,MCUR
Mon Mar 28 2016 00:00:00 GMT+0800 (China Standard Time),0.97,1.03,0.91,0.95,51300,0.95,MCUR
Tue Mar 29 2016 00:00:00 GMT+0800 (China Standard Time),0.999,0.999,0.94,0.94,31200,0.94,MCUR
Wed Mar 30 2016 00:00:00 GMT+0800 (China Standard Time),0.942,0.95,0.842,0.85,28000,0.85,MCUR
Thu Mar 31 2016 00:00:00 GMT+0800 (China Standard Time),0.86,0.93,0.86,0.89,7600,0.89,MCUR
Fri Apr 01 2016 00:00:00 GMT+0800 (China Standard Time),0.9,0.93,0.85,0.896,18900,0.896,MCUR
Mon Apr 04 2016 00:00:00 GMT+0800 (China Standard Time),0.87,0.95,0.87,0.88,12800,0.88,MCUR
Tue Apr 05 2016 00:00:00 GMT+0800 (China Standard Time),0.85,0.95,0.85,0.855,15200,0.855,MCUR
Wed Apr 06 2016 00:00:00 GMT+0800 (China Standard Time),0.95,0.95,0.85,0.89,10800,0.89,MCUR
Thu Apr 07 2016 00:00:00 GMT+0800 (China Standard Time),0.88,0.88,0.83,0.85,41300,0.85,MCUR
Fri Apr 08 2016 00:00:00 GMT+0800 (China Standard Time),0.84,0.927,0.84,0.888,7500,0.888,MCUR
Mon Apr 11 2016 00:00:00 GMT+0800 (China Standard Time),0.84,0.868,0.75,0.78,277700,0.78,MCUR
Tue Apr 12 2016 00:00:00 GMT+0800 (China Standard Time),0.77,0.84,0.77,0.84,52300,0.84,MCUR
Wed Apr 13 2016 00:00:00 GMT+0800 (China Standard Time),0.8,0.873,0.8,0.86,55700,0.86,MCUR
Thu Apr 14 2016 00:00:00 GMT+0800 (China Standard Time),0.87,0.95,0.86,0.94,63400,0.94,MCUR
Fri Apr 15 2016 00:00:00 GMT+0800 (China Standard Time),0.91,0.98,0.905,0.967,15500,0.967,MCUR
Mon Apr 18 2016 00:00:00 GMT+0800 (China Standard Time),0.99,0.99,0.93,0.97,86400,0.97,MCUR
Tue Apr 19 2016 00:00:00 GMT+0800 (China Standard Time),0.9,0.98,0.88,0.98,65400,0.98,MCUR
Wed Apr 20 2016 00:00:00 GMT+0800 (China Standard Time),0.97,0.98,0.95,0.98,4000,0.98,MCUR
Thu Apr 21 2016 00:00:00 GMT+0800 (China Standard Time),0.931,0.98,0.9,0.95,23400,0.95,MCUR
Fri Apr 22 2016 00:00:00 GMT+0800 (China Standard Time),0.93,1.14,0.9,1.09,311300,1.09,MCUR
Mon Apr 25 2016 00:00:00 GMT+0800 (China Standard Time),1.12,2,1.12,1.66,7169100,1.66,MCUR
Tue Apr 26 2016 00:00:00 GMT+0800 (China Standard Time),1.48,1.56,1.25,1.37,2015700,1.37,MCUR
Wed Apr 27 2016 00:00:00 GMT+0800 (China Standard Time),1.39,1.39,1.17,1.26,466800,1.26,MCUR
Thu Apr 28 2016 00:00:00 GMT+0800 (China Standard Time),1.24,1.25,1.1,1.13,471700,1.13,MCUR
Fri Apr 29 2016 00:00:00 GMT+0800 (China Standard Time),1.13,1.17,1.02,1.04,247100,1.04,MCUR
Mon May 02 2016 00:00:00 GMT+0800 (China Standard Time),1.05,1.09,0.98,0.98,277900,0.98,MCUR
Tue May 03 2016 00:00:00 GMT+0800 (China Standard Time),1,1.21,0.97,1.17,1146300,1.17,MCUR
Wed May 04 2016 00:00:00 GMT+0800 (China Standard Time),1.17,1.3,1.05,1.1,510400,1.1,MCUR
Thu May 05 2016 00:00:00 GMT+0800 (China Standard Time),1.09,1.19,1.06,1.07,262800,1.07,MCUR
Fri May 06 2016 00:00:00 GMT+0800 (China Standard Time),1.05,1.14,1.03,1.05,150400,1.05,MCUR
Mon May 09 2016 00:00:00 GMT+0800 (China Standard Time),1.08,1.1,1.05,1.09,67900,1.09,MCUR
Tue May 10 2016 00:00:00 GMT+0800 (China Standard Time),1.079,1.12,1.03,1.12,133500,1.12,MCUR
Wed May 11 2016 00:00:00 GMT+0800 (China Standard Time),1.11,1.12,1.04,1.08,185700,1.08,MCUR
Thu May 12 2016 00:00:00 GMT+0800 (China Standard Time),1.08,1.08,1,1.02,313400,1.02,MCUR
Fri May 13 2016 00:00:00 GMT+0800 (China Standard Time),1.07,1.07,1.03,1.06,78900,1.06,MCUR
Mon May 16 2016 00:00:00 GMT+0800 (China Standard Time),1.03,1.08,1.02,1.08,208900,1.08,MCUR
Tue May 17 2016 00:00:00 GMT+0800 (China Standard Time),1.05,1.11,1.03,1.06,301200,1.06,MCUR
Wed May 18 2016 00:00:00 GMT+0800 (China Standard Time),1.077,1.25,1.05,1.19,639100,1.19,MCUR
Thu May 19 2016 00:00:00 GMT+0800 (China Standard Time),1.16,1.17,1.06,1.06,308000,1.06,MCUR
Fri May 20 2016 00:00:00 GMT+0800 (China Standard Time),1.05,1.15,1.01,1.08,137900,1.08,MCUR
Mon May 23 2016 00:00:00 GMT+0800 (China Standard Time),1.07,1.15,1.06,1.13,82200,1.13,MCUR
Tue May 24 2016 00:00:00 GMT+0800 (China Standard Time),1.1,1.155,1.08,1.13,122800,1.13,MCUR
Wed May 25 2016 00:00:00 GMT+0800 (China Standard Time),1.14,1.21,1.07,1.1,163100,1.1,MCUR
Thu May 26 2016 00:00:00 GMT+0800 (China Standard Time),1.13,1.156,1.06,1.1,84600,1.1,MCUR
Fri May 27 2016 00:00:00 GMT+0800 (China Standard Time),1.09,1.14,1.08,1.12,12300,1.12,MCUR
Tue May 31 2016 00:00:00 GMT+0800 (China Standard Time),1.14,1.18,1.1,1.13,148500,1.13,MCUR
Wed Jun 01 2016 00:00:00 GMT+0800 (China Standard Time),1.118,1.15,1.05,1.1,133800,1.1,MCUR
Thu Jun 02 2016 00:00:00 GMT+0800 (China Standard Time),1.14,1.35,1.12,1.15,1008000,1.15,MCUR
Fri Jun 03 2016 00:00:00 GMT+0800 (China Standard Time),1.16,1.25,1.12,1.18,198900,1.18,MCUR
Mon Jun 06 2016 00:00:00 GMT+0800 (China Standard Time),1.2,1.271,1.19,1.21,193900,1.21,MCUR
Tue Jun 07 2016 00:00:00 GMT+0800 (China Standard Time),1.22,1.28,1.2,1.24,124200,1.24,MCUR
Wed Jun 08 2016 00:00:00 GMT+0800 (China Standard Time),1.25,1.25,1.12,1.19,237100,1.19,MCUR
Thu Jun 09 2016 00:00:00 GMT+0800 (China Standard Time),1.21,1.37,1.16,1.23,1088700,1.23,MCUR
Fri Jun 10 2016 00:00:00 GMT+0800 (China Standard Time),1.27,1.27,1.16,1.18,160300,1.18,MCUR
Mon Jun 13 2016 00:00:00 GMT+0800 (China Standard Time),1.23,1.33,1.18,1.3,448400,1.3,MCUR
Tue Jun 14 2016 00:00:00 GMT+0800 (China Standard Time),1.27,1.47,1.17,1.19,810800,1.19,MCUR
Wed Jun 15 2016 00:00:00 GMT+0800 (China Standard Time),1.2,1.31,1.18,1.23,171600,1.23,MCUR
Thu Jun 16 2016 00:00:00 GMT+0800 (China Standard Time),1.25,1.35,1.22,1.28,302200,1.28,MCUR
Fri Jun 17 2016 00:00:00 GMT+0800 (China Standard Time),1.27,1.332,1.24,1.27,87900,1.27,MCUR
Mon Jun 20 2016 00:00:00 GMT+0800 (China Standard Time),1.33,1.73,1.3,1.5,4503600,1.5,MCUR
Tue Jun 21 2016 00:00:00 GMT+0800 (China Standard Time),1.45,1.54,1.31,1.31,617400,1.31,MCUR
Wed Jun 22 2016 00:00:00 GMT+0800 (China Standard Time),1.3,1.35,1.25,1.25,151000,1.25,MCUR
Thu Jun 23 2016 00:00:00 GMT+0800 (China Standard Time),1.26,1.34,1.22,1.31,281800,1.31,MCUR
Fri Jun 24 2016 00:00:00 GMT+0800 (China Standard Time),1.23,1.32,1.22,1.29,131900,1.29,MCUR
Mon Jun 27 2016 00:00:00 GMT+0800 (China Standard Time),1.25,1.258,1.14,1.22,302200,1.22,MCUR
Tue Jun 28 2016 00:00:00 GMT+0800 (China Standard Time),1.3,1.375,1.3,1.35,183300,1.35,MCUR
Wed Jun 29 2016 00:00:00 GMT+0800 (China Standard Time),1.38,1.45,1.35,1.4,201800,1.4,MCUR
Thu Jun 30 2016 00:00:00 GMT+0800 (China Standard Time),1.4,1.43,1.31,1.42,104800,1.42,MCUR
Fri Jul 01 2016 00:00:00 GMT+0800 (China Standard Time),1.5,1.5,1.33,1.41,169400,1.41,MCUR
Tue Jul 05 2016 00:00:00 GMT+0800 (China Standard Time),1.44,1.45,1.38,1.41,78000,1.41,MCUR
Wed Jul 06 2016 00:00:00 GMT+0800 (China Standard Time),1.4,1.47,1.38,1.45,161900,1.45,MCUR
Thu Jul 07 2016 00:00:00 GMT+0800 (China Standard Time),1.43,1.64,1.43,1.47,291800,1.47,MCUR
Fri Jul 08 2016 00:00:00 GMT+0800 (China Standard Time),1.5,1.56,1.4,1.55,148000,1.55,MCUR
Mon Jul 11 2016 00:00:00 GMT+0800 (China Standard Time),1.55,1.68,1.48,1.57,577200,1.57,MCUR
Tue Jul 12 2016 00:00:00 GMT+0800 (China Standard Time),1.63,1.75,1.58,1.7,317500,1.7,MCUR
Wed Jul 13 2016 00:00:00 GMT+0800 (China Standard Time),1.67,1.75,1.6,1.6,112800,1.6,MCUR
Thu Jul 14 2016 00:00:00 GMT+0800 (China Standard Time),1.693,1.693,1.57,1.6,50300,1.6,MCUR
Fri Jul 15 2016 00:00:00 GMT+0800 (China Standard Time),1.65,1.65,1.54,1.58,132400,1.58,MCUR
Mon Jul 18 2016 00:00:00 GMT+0800 (China Standard Time),1.58,1.6,1.42,1.55,225600,1.55,MCUR
Tue Jul 19 2016 00:00:00 GMT+0800 (China Standard Time),1.441,1.52,1.44,1.49,79700,1.49,MCUR
Wed Jul 20 2016 00:00:00 GMT+0800 (China Standard Time),1.42,1.54,1.4,1.53,175200,1.53,MCUR
Thu Jul 21 2016 00:00:00 GMT+0800 (China Standard Time),1.47,1.57,1.43,1.52,68400,1.52,MCUR
Fri Jul 22 2016 00:00:00 GMT+0800 (China Standard Time),1.53,1.57,1.49,1.54,23500,1.54,MCUR
Mon Jul 25 2016 00:00:00 GMT+0800 (China Standard Time),1.48,1.5,1.45,1.46,35900,1.46,MCUR
Tue Jul 26 2016 00:00:00 GMT+0800 (China Standard Time),1.45,1.45,1.41,1.44,103900,1.44,MCUR
Wed Jul 27 2016 00:00:00 GMT+0800 (China Standard Time),1.45,1.6,1.42,1.57,227700,1.57,MCUR
Thu Jul 28 2016 00:00:00 GMT+0800 (China Standard Time),1.5,1.62,1.5,1.5,104100,1.5,MCUR
Fri Jul 29 2016 00:00:00 GMT+0800 (China Standard Time),1.54,1.63,1.5,1.59,75400,1.59,MCUR
Mon Aug 01 2016 00:00:00 GMT+0800 (China Standard Time),1.54,1.59,1.52,1.54,19100,1.54,MCUR
Tue Aug 02 2016 00:00:00 GMT+0800 (China Standard Time),1.5,1.55,1.46,1.46,74500,1.46,MCUR
Wed Aug 03 2016 00:00:00 GMT+0800 (China Standard Time),1.45,1.45,1.3,1.42,132600,1.42,MCUR
Thu Aug 04 2016 00:00:00 GMT+0800 (China Standard Time),1.44,1.54,1.33,1.52,192200,1.52,MCUR
Fri Aug 05 2016 00:00:00 GMT+0800 (China Standard Time),1.45,1.56,1.45,1.55,50800,1.55,MCUR
Mon Aug 08 2016 00:00:00 GMT+0800 (China Standard Time),1.5,1.56,1.48,1.48,102000,1.48,MCUR
Tue Aug 09 2016 00:00:00 GMT+0800 (China Standard Time),1.52,1.64,1.46,1.62,238200,1.62,MCUR
Wed Aug 10 2016 00:00:00 GMT+0800 (China Standard Time),1.64,1.64,1.47,1.525,142200,1.525,MCUR
Thu Aug 11 2016 00:00:00 GMT+0800 (China Standard Time),1.58,1.58,1.42,1.52,74200,1.52,MCUR
Fri Aug 12 2016 00:00:00 GMT+0800 (China Standard Time),1.52,1.58,1.45,1.5,68700,1.5,MCUR
Mon Aug 15 2016 00:00:00 GMT+0800 (China Standard Time),1.5,1.5,1.44,1.44,64100,1.44,MCUR
Tue Aug 16 2016 00:00:00 GMT+0800 (China Standard Time),1.45,1.473,1.36,1.46,56100,1.46,MCUR
Wed Aug 17 2016 00:00:00 GMT+0800 (China Standard Time),1.47,1.48,1.42,1.46,8800,1.46,MCUR
Thu Aug 18 2016 00:00:00 GMT+0800 (China Standard Time),1.45,1.46,1.42,1.45,12500,1.45,MCUR
Fri Aug 19 2016 00:00:00 GMT+0800 (China Standard Time),1.44,1.44,1.38,1.41,35500,1.41,MCUR
Mon Aug 22 2016 00:00:00 GMT+0800 (China Standard Time),1.38,1.4,1.35,1.39,32700,1.39,MCUR
Tue Aug 23 2016 00:00:00 GMT+0800 (China Standard Time),1.35,1.4,1.3,1.3,79100,1.3,MCUR
Wed Aug 24 2016 00:00:00 GMT+0800 (China Standard Time),1.3,1.34,1.27,1.309,46800,1.309,MCUR
Thu Aug 25 2016 00:00:00 GMT+0800 (China Standard Time),1.28,1.304,1.24,1.24,28700,1.24,MCUR
Fri Aug 26 2016 00:00:00 GMT+0800 (China Standard Time),1.24,1.3,1.2,1.21,35200,1.21,MCUR
Mon Aug 29 2016 00:00:00 GMT+0800 (China Standard Time),3,3.2,1.954,2.01,12012300,2.01,MCUR
Tue Aug 30 2016 00:00:00 GMT+0800 (China Standard Time),2,2.05,1.71,1.74,1299800,1.74,MCUR
Wed Aug 31 2016 00:00:00 GMT+0800 (China Standard Time),1.75,1.95,1.66,1.9,721600,1.9,MCUR
Thu Sep 01 2016 00:00:00 GMT+0800 (China Standard Time),1.97,1.97,1.65,1.65,526400,1.65,MCUR
Fri Sep 02 2016 00:00:00 GMT+0800 (China Standard Time),1.65,1.739,1.58,1.58,315700,1.58,MCUR
Tue Sep 06 2016 00:00:00 GMT+0800 (China Standard Time),1.6,1.68,1.5,1.53,327900,1.53,MCUR
Wed Sep 07 2016 00:00:00 GMT+0800 (China Standard Time),1.5,1.65,1.5,1.61,187300,1.61,MCUR
Thu Sep 08 2016 00:00:00 GMT+0800 (China Standard Time),1.622,1.66,1.53,1.58,103400,1.58,MCUR
Fri Sep 09 2016 00:00:00 GMT+0800 (China Standard Time),1.6,1.66,1.55,1.66,56000,1.66,MCUR
Mon Sep 12 2016 00:00:00 GMT+0800 (China Standard Time),1.58,1.74,1.58,1.68,130300,1.68,MCUR
Tue Sep 13 2016 00:00:00 GMT+0800 (China Standard Time),1.72,1.72,1.58,1.63,60000,1.63,MCUR
Wed Sep 14 2016 00:00:00 GMT+0800 (China Standard Time),1.6,1.67,1.501,1.55,191400,1.55,MCUR
Thu Sep 15 2016 00:00:00 GMT+0800 (China Standard Time),1.58,1.58,1.52,1.56,77500,1.56,MCUR
Fri Sep 16 2016 00:00:00 GMT+0800 (China Standard Time),1.57,1.58,1.52,1.53,21600,1.53,MCUR
Mon Sep 19 2016 00:00:00 GMT+0800 (China Standard Time),1.58,1.58,1.47,1.47,85600,1.47,MCUR
Tue Sep 20 2016 00:00:00 GMT+0800 (China Standard Time),1.53,1.53,1.4,1.4,132900,1.4,MCUR
Wed Sep 21 2016 00:00:00 GMT+0800 (China Standard Time),1.39,1.49,1.36,1.41,130300,1.41,MCUR
Thu Sep 22 2016 00:00:00 GMT+0800 (China Standard Time),1.449,1.53,1.4,1.42,117900,1.42,MCUR
Fri Sep 23 2016 00:00:00 GMT+0800 (China Standard Time),1.42,1.45,1.41,1.45,31000,1.45,MCUR
Mon Sep 26 2016 00:00:00 GMT+0800 (China Standard Time),1.47,1.495,1.41,1.47,43500,1.47,MCUR
Tue Sep 27 2016 00:00:00 GMT+0800 (China Standard Time),1.5,1.5,1.41,1.42,33000,1.42,MCUR
Wed Sep 28 2016 00:00:00 GMT+0800 (China Standard Time),1.4,1.45,1.4,1.45,54800,1.45,MCUR
Thu Sep 29 2016 00:00:00 GMT+0800 (China Standard Time),1.45,1.47,1.42,1.44,67200,1.44,MCUR
Fri Sep 30 2016 00:00:00 GMT+0800 (China Standard Time),1.42,1.47,1.42,1.46,12100,1.46,MCUR
Mon Oct 03 2016 00:00:00 GMT+0800 (China Standard Time),1.47,1.48,1.421,1.47,27100,1.47,MCUR
Tue Oct 04 2016 00:00:00 GMT+0800 (China Standard Time),1.455,1.48,1.43,1.44,31800,1.44,MCUR
Wed Oct 05 2016 00:00:00 GMT+0800 (China Standard Time),1.45,1.57,1.45,1.5,269600,1.5,MCUR
Thu Oct 06 2016 00:00:00 GMT+0800 (China Standard Time),1.55,1.55,1.45,1.45,45400,1.45,MCUR
Fri Oct 07 2016 00:00:00 GMT+0800 (China Standard Time),1.43,1.48,1.41,1.43,65200,1.43,MCUR
Mon Oct 10 2016 00:00:00 GMT+0800 (China Standard Time),1.47,2.43,1.441,1.85,7690600,1.85,MCUR
Tue Oct 11 2016 00:00:00 GMT+0800 (China Standard Time),1.89,2.17,1.79,1.9,2830600,1.9,MCUR
Wed Oct 12 2016 00:00:00 GMT+0800 (China Standard Time),1.81,1.97,1.75,1.81,430200,1.81,MCUR
Thu Oct 13 2016 00:00:00 GMT+0800 (China Standard Time),1.75,1.78,1.66,1.68,208700,1.68,MCUR
Fri Oct 14 2016 00:00:00 GMT+0800 (China Standard Time),1.77,1.78,1.59,1.59,246600,1.59,MCUR
Mon Oct 17 2016 00:00:00 GMT+0800 (China Standard Time),1.55,1.63,1.53,1.55,147100,1.55,MCUR
Tue Oct 18 2016 00:00:00 GMT+0800 (China Standard Time),1.55,1.65,1.54,1.56,119800,1.56,MCUR
Wed Oct 19 2016 00:00:00 GMT+0800 (China Standard Time),1.56,1.75,1.554,1.66,183400,1.66,MCUR
Thu Oct 20 2016 00:00:00 GMT+0800 (China Standard Time),1.65,1.66,1.61,1.65,63800,1.65,MCUR
Fri Oct 21 2016 00:00:00 GMT+0800 (China Standard Time),1.65,1.78,1.52,1.65,132800,1.65,MCUR
Mon Oct 24 2016 00:00:00 GMT+0800 (China Standard Time),1.64,1.65,1.6,1.65,62400,1.65,MCUR
Tue Oct 25 2016 00:00:00 GMT+0800 (China Standard Time),1.62,1.63,1.52,1.57,96600,1.57,MCUR
Wed Oct 26 2016 00:00:00 GMT+0800 (China Standard Time),1.55,1.64,1.52,1.57,87400,1.57,MCUR
Thu Oct 27 2016 00:00:00 GMT+0800 (China Standard Time),1.6,1.6,1.54,1.56,73700,1.56,MCUR
Fri Oct 28 2016 00:00:00 GMT+0800 (China Standard Time),1.54,1.57,1.47,1.52,170900,1.52,MCUR
Mon Oct 31 2016 00:00:00 GMT+0800 (China Standard Time),1.5,1.55,1.41,1.53,125000,1.53,MCUR
Tue Nov 01 2016 00:00:00 GMT+0800 (China Standard Time),1.52,1.617,1.484,1.6,127100,1.6,MCUR
Wed Nov 02 2016 00:00:00 GMT+0800 (China Standard Time),1.55,1.57,1.471,1.501,89000,1.501,MCUR
Thu Nov 03 2016 00:00:00 GMT+0800 (China Standard Time),1.52,1.53,1.5,1.52,77100,1.52,MCUR
Fri Nov 04 2016 00:00:00 GMT+0800 (China Standard Time),1.57,1.57,1.43,1.47,54400,1.47,MCUR
Mon Nov 07 2016 00:00:00 GMT+0800 (China Standard Time),1.49,1.67,1.434,1.58,74900,1.58,MCUR
Tue Nov 08 2016 00:00:00 GMT+0800 (China Standard Time),1.5,1.62,1.46,1.5,81100,1.5,MCUR
Wed Nov 09 2016 00:00:00 GMT+0800 (China Standard Time),1.5,1.55,1.48,1.51,45900,1.51,MCUR
Thu Nov 10 2016 00:00:00 GMT+0800 (China Standard Time),1.57,1.57,1.47,1.53,89200,1.53,MCUR
Fri Nov 11 2016 00:00:00 GMT+0800 (China Standard Time),1.56,1.59,1.52,1.57,67700,1.57,MCUR
