Thu Jan 02 2014 00:00:00 GMT+0800 (China Standard Time),6.1,6.2,6.1,6.2,1600,6.2,PLBC
Fri Jan 03 2014 00:00:00 GMT+0800 (China Standard Time),6.2,6.24,6.12,6.12,9300,6.12,PLBC
Mon Jan 06 2014 00:00:00 GMT+0800 (China Standard Time),6.19,6.19,6.19,6.19,600,6.19,PLBC
Tue Jan 07 2014 00:00:00 GMT+0800 (China Standard Time),6.19,6.19,6.19,6.19,0,6.19,PLBC
Wed Jan 08 2014 00:00:00 GMT+0800 (China Standard Time),6.13,6.13,5.96,5.98,15700,5.98,PLBC
Thu Jan 09 2014 00:00:00 GMT+0800 (China Standard Time),6.04,6.09,6.04,6.07,1200,6.07,PLBC
Fri Jan 10 2014 00:00:00 GMT+0800 (China Standard Time),6.07,6.07,6.07,6.07,200,6.07,PLBC
Mon Jan 13 2014 00:00:00 GMT+0800 (China Standard Time),5.98,6.28,5.98,6.03,9600,6.03,PLBC
Tue Jan 14 2014 00:00:00 GMT+0800 (China Standard Time),6.25,6.25,6.25,6.25,300,6.25,PLBC
Wed Jan 15 2014 00:00:00 GMT+0800 (China Standard Time),6.25,6.25,6.25,6.25,100,6.25,PLBC
Thu Jan 16 2014 00:00:00 GMT+0800 (China Standard Time),6.24,6.24,6.08,6.09,2400,6.09,PLBC
Fri Jan 17 2014 00:00:00 GMT+0800 (China Standard Time),6.03,6.03,6.03,6.03,200,6.03,PLBC
Tue Jan 21 2014 00:00:00 GMT+0800 (China Standard Time),6.21,6.21,6.2,6.2,2700,6.2,PLBC
Wed Jan 22 2014 00:00:00 GMT+0800 (China Standard Time),6.15,6.21,6.15,6.2,1700,6.2,PLBC
Thu Jan 23 2014 00:00:00 GMT+0800 (China Standard Time),6.2,6.2,6.2,6.2,0,6.2,PLBC
Fri Jan 24 2014 00:00:00 GMT+0800 (China Standard Time),6.14,6.14,6.05,6.07,5400,6.07,PLBC
Mon Jan 27 2014 00:00:00 GMT+0800 (China Standard Time),6.17,6.17,6.17,6.17,200,6.17,PLBC
Tue Jan 28 2014 00:00:00 GMT+0800 (China Standard Time),6.17,6.17,6.17,6.17,0,6.17,PLBC
Wed Jan 29 2014 00:00:00 GMT+0800 (China Standard Time),6.06,6.06,6.06,6.06,200,6.06,PLBC
Thu Jan 30 2014 00:00:00 GMT+0800 (China Standard Time),6.12,6.14,6.12,6.14,3200,6.14,PLBC
Fri Jan 31 2014 00:00:00 GMT+0800 (China Standard Time),6.09,6.09,6.09,6.09,400,6.09,PLBC
Mon Feb 03 2014 00:00:00 GMT+0800 (China Standard Time),6.09,6.09,6.09,6.09,0,6.09,PLBC
Tue Feb 04 2014 00:00:00 GMT+0800 (China Standard Time),6.09,6.09,6.09,6.09,0,6.09,PLBC
Wed Feb 05 2014 00:00:00 GMT+0800 (China Standard Time),6.1,6.15,6.01,6.15,2800,6.15,PLBC
Thu Feb 06 2014 00:00:00 GMT+0800 (China Standard Time),6.06,6.06,6.06,6.06,300,6.06,PLBC
Fri Feb 07 2014 00:00:00 GMT+0800 (China Standard Time),6.05,6.05,6.01,6.05,4900,6.05,PLBC
Mon Feb 10 2014 00:00:00 GMT+0800 (China Standard Time),6.16,6.16,6.06,6.16,300,6.16,PLBC
Tue Feb 11 2014 00:00:00 GMT+0800 (China Standard Time),6.16,6.27,6.06,6.25,6100,6.25,PLBC
Wed Feb 12 2014 00:00:00 GMT+0800 (China Standard Time),6.25,6.31,6.2,6.31,2800,6.31,PLBC
Thu Feb 13 2014 00:00:00 GMT+0800 (China Standard Time),6.44,6.53,6.3,6.37,9300,6.37,PLBC
Fri Feb 14 2014 00:00:00 GMT+0800 (China Standard Time),6.41,6.5,6.4,6.5,1000,6.5,PLBC
Tue Feb 18 2014 00:00:00 GMT+0800 (China Standard Time),6.55,6.69,6.55,6.65,2800,6.65,PLBC
Wed Feb 19 2014 00:00:00 GMT+0800 (China Standard Time),6.34,6.67,6.34,6.67,500,6.67,PLBC
Thu Feb 20 2014 00:00:00 GMT+0800 (China Standard Time),6.49,6.5,6.26,6.49,1900,6.49,PLBC
Fri Feb 21 2014 00:00:00 GMT+0800 (China Standard Time),6.65,6.65,6.41,6.45,800,6.45,PLBC
Mon Feb 24 2014 00:00:00 GMT+0800 (China Standard Time),6.75,6.75,6.55,6.55,800,6.55,PLBC
Tue Feb 25 2014 00:00:00 GMT+0800 (China Standard Time),6.72,6.75,6.72,6.75,5300,6.75,PLBC
Wed Feb 26 2014 00:00:00 GMT+0800 (China Standard Time),6.75,6.75,6.75,6.75,0,6.75,PLBC
Thu Feb 27 2014 00:00:00 GMT+0800 (China Standard Time),6.75,6.75,6.75,6.75,1700,6.75,PLBC
Fri Feb 28 2014 00:00:00 GMT+0800 (China Standard Time),6.71,6.71,6.37,6.38,2200,6.38,PLBC
Mon Mar 03 2014 00:00:00 GMT+0800 (China Standard Time),6.44,6.63,6.44,6.55,3800,6.55,PLBC
Tue Mar 04 2014 00:00:00 GMT+0800 (China Standard Time),6.55,6.6,6.45,6.5,8800,6.5,PLBC
Wed Mar 05 2014 00:00:00 GMT+0800 (China Standard Time),6.43,6.43,6.4,6.4,800,6.4,PLBC
Thu Mar 06 2014 00:00:00 GMT+0800 (China Standard Time),6.29,6.5,6.29,6.35,2400,6.35,PLBC
Fri Mar 07 2014 00:00:00 GMT+0800 (China Standard Time),6.36,6.36,6.3,6.35,900,6.35,PLBC
Mon Mar 10 2014 00:00:00 GMT+0800 (China Standard Time),6.39,6.39,6.35,6.35,300,6.35,PLBC
Tue Mar 11 2014 00:00:00 GMT+0800 (China Standard Time),6.35,6.35,6.35,6.35,0,6.35,PLBC
Wed Mar 12 2014 00:00:00 GMT+0800 (China Standard Time),6.26,6.3,6.06,6.25,4700,6.25,PLBC
Thu Mar 13 2014 00:00:00 GMT+0800 (China Standard Time),6.58,6.6,6.58,6.6,1000,6.6,PLBC
Fri Mar 14 2014 00:00:00 GMT+0800 (China Standard Time),6.28,6.28,6.25,6.26,1200,6.26,PLBC
Mon Mar 17 2014 00:00:00 GMT+0800 (China Standard Time),6.26,6.26,6.26,6.26,0,6.26,PLBC
Tue Mar 18 2014 00:00:00 GMT+0800 (China Standard Time),6.26,6.26,6.26,6.26,0,6.26,PLBC
Wed Mar 19 2014 00:00:00 GMT+0800 (China Standard Time),6.26,6.26,6.26,6.26,0,6.26,PLBC
Thu Mar 20 2014 00:00:00 GMT+0800 (China Standard Time),6.26,6.26,6.26,6.26,0,6.26,PLBC
Fri Mar 21 2014 00:00:00 GMT+0800 (China Standard Time),6.3,6.3,6.15,6.15,4800,6.15,PLBC
Mon Mar 24 2014 00:00:00 GMT+0800 (China Standard Time),6.15,6.15,6.15,6.15,0,6.15,PLBC
Tue Mar 25 2014 00:00:00 GMT+0800 (China Standard Time),6.35,6.39,6.35,6.39,5700,6.39,PLBC
Wed Mar 26 2014 00:00:00 GMT+0800 (China Standard Time),6.39,6.39,6.39,6.39,0,6.39,PLBC
Thu Mar 27 2014 00:00:00 GMT+0800 (China Standard Time),6.34,6.34,6.2,6.2,1100,6.2,PLBC
Fri Mar 28 2014 00:00:00 GMT+0800 (China Standard Time),6.21,6.23,6.21,6.22,2500,6.22,PLBC
Mon Mar 31 2014 00:00:00 GMT+0800 (China Standard Time),6.23,6.23,6.21,6.22,1600,6.22,PLBC
Tue Apr 01 2014 00:00:00 GMT+0800 (China Standard Time),6.22,6.22,6.22,6.22,0,6.22,PLBC
Wed Apr 02 2014 00:00:00 GMT+0800 (China Standard Time),6.25,6.25,6.2,6.25,8500,6.25,PLBC
Thu Apr 03 2014 00:00:00 GMT+0800 (China Standard Time),6.3,6.35,6.25,6.34,6500,6.34,PLBC
Fri Apr 04 2014 00:00:00 GMT+0800 (China Standard Time),6.33,6.35,6.32,6.32,1500,6.32,PLBC
Mon Apr 07 2014 00:00:00 GMT+0800 (China Standard Time),6.32,6.44,6.32,6.44,1300,6.44,PLBC
Tue Apr 08 2014 00:00:00 GMT+0800 (China Standard Time),6.42,6.42,6.42,6.42,200,6.42,PLBC
Wed Apr 09 2014 00:00:00 GMT+0800 (China Standard Time),6.42,6.42,6.42,6.42,0,6.42,PLBC
Thu Apr 10 2014 00:00:00 GMT+0800 (China Standard Time),6.33,6.33,6.32,6.32,1500,6.32,PLBC
Fri Apr 11 2014 00:00:00 GMT+0800 (China Standard Time),6.32,6.35,6.32,6.32,2300,6.32,PLBC
Mon Apr 14 2014 00:00:00 GMT+0800 (China Standard Time),6.42,6.43,6.2,6.4,3300,6.4,PLBC
Tue Apr 15 2014 00:00:00 GMT+0800 (China Standard Time),6.22,6.22,6.22,6.22,500,6.22,PLBC
Wed Apr 16 2014 00:00:00 GMT+0800 (China Standard Time),6.22,6.22,6.22,6.22,0,6.22,PLBC
Thu Apr 17 2014 00:00:00 GMT+0800 (China Standard Time),6.12,6.12,6.12,6.12,400,6.12,PLBC
Mon Apr 21 2014 00:00:00 GMT+0800 (China Standard Time),6.29,6.29,6.27,6.27,300,6.27,PLBC
Tue Apr 22 2014 00:00:00 GMT+0800 (China Standard Time),6.28,6.35,6.23,6.23,8900,6.23,PLBC
Wed Apr 23 2014 00:00:00 GMT+0800 (China Standard Time),6.3,6.89,6.3,6.5,11300,6.5,PLBC
Thu Apr 24 2014 00:00:00 GMT+0800 (China Standard Time),6.53,6.8,6.53,6.75,3400,6.75,PLBC
Fri Apr 25 2014 00:00:00 GMT+0800 (China Standard Time),6.36,6.62,6.36,6.62,300,6.62,PLBC
Mon Apr 28 2014 00:00:00 GMT+0800 (China Standard Time),6.36,6.36,6.32,6.32,1200,6.32,PLBC
Tue Apr 29 2014 00:00:00 GMT+0800 (China Standard Time),6.44,6.75,6.42,6.75,1200,6.75,PLBC
Wed Apr 30 2014 00:00:00 GMT+0800 (China Standard Time),6.45,6.75,6.44,6.72,1400,6.72,PLBC
Thu May 01 2014 00:00:00 GMT+0800 (China Standard Time),6.75,7.45,6.75,6.85,13200,6.85,PLBC
Fri May 02 2014 00:00:00 GMT+0800 (China Standard Time),7.21,7.3,6.58,6.58,2900,6.58,PLBC
Mon May 05 2014 00:00:00 GMT+0800 (China Standard Time),6.69,7.1,6.56,6.75,8800,6.75,PLBC
Tue May 06 2014 00:00:00 GMT+0800 (China Standard Time),6.8,7,6.56,6.56,3700,6.56,PLBC
Wed May 07 2014 00:00:00 GMT+0800 (China Standard Time),6.81,6.81,6.5,6.5,7900,6.5,PLBC
Thu May 08 2014 00:00:00 GMT+0800 (China Standard Time),6.7,7,6.7,7,5100,7,PLBC
Fri May 09 2014 00:00:00 GMT+0800 (China Standard Time),6.95,7,6.95,7,2300,7,PLBC
Mon May 12 2014 00:00:00 GMT+0800 (China Standard Time),6.98,7.74,6.97,7.35,12500,7.35,PLBC
Tue May 13 2014 00:00:00 GMT+0800 (China Standard Time),7.25,7.25,6.9,6.9,4500,6.9,PLBC
Wed May 14 2014 00:00:00 GMT+0800 (China Standard Time),7.15,7.61,7.1,7.1,1600,7.1,PLBC
Thu May 15 2014 00:00:00 GMT+0800 (China Standard Time),7.1,7.1,7.1,7.1,0,7.1,PLBC
Fri May 16 2014 00:00:00 GMT+0800 (China Standard Time),7.1,7.1,7.1,7.1,0,7.1,PLBC
Mon May 19 2014 00:00:00 GMT+0800 (China Standard Time),7.28,7.28,6.72,6.72,1200,6.72,PLBC
Tue May 20 2014 00:00:00 GMT+0800 (China Standard Time),7,7.02,7,7,2000,7,PLBC
Wed May 21 2014 00:00:00 GMT+0800 (China Standard Time),7,7,7,7,200,7,PLBC
Thu May 22 2014 00:00:00 GMT+0800 (China Standard Time),7,7,6.71,7,3300,7,PLBC
Fri May 23 2014 00:00:00 GMT+0800 (China Standard Time),7,7,6.95,7,3100,7,PLBC
Tue May 27 2014 00:00:00 GMT+0800 (China Standard Time),7,7,7,7,0,7,PLBC
Wed May 28 2014 00:00:00 GMT+0800 (China Standard Time),7,7,7,7,0,7,PLBC
Thu May 29 2014 00:00:00 GMT+0800 (China Standard Time),7.41,7.41,7.32,7.32,500,7.32,PLBC
Fri May 30 2014 00:00:00 GMT+0800 (China Standard Time),7.4,7.4,7.05,7.05,1100,7.05,PLBC
Mon Jun 02 2014 00:00:00 GMT+0800 (China Standard Time),7.41,7.41,7.41,7.41,500,7.41,PLBC
Tue Jun 03 2014 00:00:00 GMT+0800 (China Standard Time),7.41,7.41,7.41,7.41,0,7.41,PLBC
Wed Jun 04 2014 00:00:00 GMT+0800 (China Standard Time),6.7,7.69,6.7,7.25,5200,7.25,PLBC
Thu Jun 05 2014 00:00:00 GMT+0800 (China Standard Time),7,7.39,7,7.02,2700,7.02,PLBC
Fri Jun 06 2014 00:00:00 GMT+0800 (China Standard Time),6.9,7.25,6.9,7.25,1300,7.25,PLBC
Mon Jun 09 2014 00:00:00 GMT+0800 (China Standard Time),7.25,7.25,7.25,7.25,0,7.25,PLBC
Tue Jun 10 2014 00:00:00 GMT+0800 (China Standard Time),6.99,7.1,6.99,7.1,1200,7.1,PLBC
Wed Jun 11 2014 00:00:00 GMT+0800 (China Standard Time),7.1,7.1,7.1,7.1,0,7.1,PLBC
Thu Jun 12 2014 00:00:00 GMT+0800 (China Standard Time),7.1,7.43,7.1,7.25,1400,7.25,PLBC
Fri Jun 13 2014 00:00:00 GMT+0800 (China Standard Time),7.25,7.25,7.25,7.25,0,7.25,PLBC
Mon Jun 16 2014 00:00:00 GMT+0800 (China Standard Time),7.27,7.27,7.27,7.27,600,7.27,PLBC
Tue Jun 17 2014 00:00:00 GMT+0800 (China Standard Time),7.27,7.27,7.27,7.27,900,7.27,PLBC
Wed Jun 18 2014 00:00:00 GMT+0800 (China Standard Time),7.24,7.24,7.24,7.24,400,7.24,PLBC
Thu Jun 19 2014 00:00:00 GMT+0800 (China Standard Time),7.24,7.24,7.24,7.24,0,7.24,PLBC
Fri Jun 20 2014 00:00:00 GMT+0800 (China Standard Time),7.25,7.25,7.25,7.25,800,7.25,PLBC
Mon Jun 23 2014 00:00:00 GMT+0800 (China Standard Time),7.25,7.25,7.25,7.25,0,7.25,PLBC
Tue Jun 24 2014 00:00:00 GMT+0800 (China Standard Time),6.98,7.38,6.98,7.31,12600,7.31,PLBC
Wed Jun 25 2014 00:00:00 GMT+0800 (China Standard Time),7.02,7.34,7.02,7.05,700,7.05,PLBC
Thu Jun 26 2014 00:00:00 GMT+0800 (China Standard Time),7.05,7.05,7.05,7.05,200,7.05,PLBC
Fri Jun 27 2014 00:00:00 GMT+0800 (China Standard Time),7.3,7.3,6.61,6.75,7900,6.75,PLBC
Mon Jun 30 2014 00:00:00 GMT+0800 (China Standard Time),7.1,7.1,6.8,6.8,1200,6.8,PLBC
Tue Jul 01 2014 00:00:00 GMT+0800 (China Standard Time),6.96,7.1,6.84,6.87,4100,6.87,PLBC
Wed Jul 02 2014 00:00:00 GMT+0800 (China Standard Time),6.79,6.79,6.79,6.79,200,6.79,PLBC
Thu Jul 03 2014 00:00:00 GMT+0800 (China Standard Time),6.83,6.9,6.77,6.77,5300,6.77,PLBC
Mon Jul 07 2014 00:00:00 GMT+0800 (China Standard Time),6.9,7.25,6.86,7.09,2900,7.09,PLBC
Tue Jul 08 2014 00:00:00 GMT+0800 (China Standard Time),6.89,7.07,6.85,6.85,8500,6.85,PLBC
Wed Jul 09 2014 00:00:00 GMT+0800 (China Standard Time),6.86,7.2,6.86,7.2,3400,7.2,PLBC
Thu Jul 10 2014 00:00:00 GMT+0800 (China Standard Time),7.57,7.57,6.86,6.9,2500,6.9,PLBC
Fri Jul 11 2014 00:00:00 GMT+0800 (China Standard Time),7.06,7.31,6.98,6.98,11000,6.98,PLBC
Mon Jul 14 2014 00:00:00 GMT+0800 (China Standard Time),6.98,7.5,6.98,7.4,600,7.4,PLBC
Tue Jul 15 2014 00:00:00 GMT+0800 (China Standard Time),7.2,7.3,6.86,7.01,6200,7.01,PLBC
Wed Jul 16 2014 00:00:00 GMT+0800 (China Standard Time),6.91,7.05,6.88,6.88,300,6.88,PLBC
Thu Jul 17 2014 00:00:00 GMT+0800 (China Standard Time),7.06,7.26,6.95,6.95,3600,6.95,PLBC
Fri Jul 18 2014 00:00:00 GMT+0800 (China Standard Time),7.02,7.3,7.02,7.3,700,7.3,PLBC
Mon Jul 21 2014 00:00:00 GMT+0800 (China Standard Time),6.93,6.93,6.93,6.93,100,6.93,PLBC
Tue Jul 22 2014 00:00:00 GMT+0800 (China Standard Time),7.05,7.54,7,7.28,4700,7.28,PLBC
Wed Jul 23 2014 00:00:00 GMT+0800 (China Standard Time),7.45,8,7.45,7.74,7900,7.74,PLBC
Thu Jul 24 2014 00:00:00 GMT+0800 (China Standard Time),7.74,7.74,7.71,7.74,1300,7.74,PLBC
Fri Jul 25 2014 00:00:00 GMT+0800 (China Standard Time),7.62,7.7,7.62,7.7,400,7.7,PLBC
Mon Jul 28 2014 00:00:00 GMT+0800 (China Standard Time),7.63,7.63,7.63,7.63,200,7.63,PLBC
Tue Jul 29 2014 00:00:00 GMT+0800 (China Standard Time),7.55,7.55,7.55,7.55,200,7.55,PLBC
Wed Jul 30 2014 00:00:00 GMT+0800 (China Standard Time),7.89,7.89,7.44,7.44,300,7.44,PLBC
Thu Jul 31 2014 00:00:00 GMT+0800 (China Standard Time),7.63,7.63,7.63,7.63,1100,7.63,PLBC
Fri Aug 01 2014 00:00:00 GMT+0800 (China Standard Time),7.64,7.64,7.4,7.58,2500,7.58,PLBC
Mon Aug 04 2014 00:00:00 GMT+0800 (China Standard Time),7.58,7.58,7.58,7.58,0,7.58,PLBC
Tue Aug 05 2014 00:00:00 GMT+0800 (China Standard Time),7.58,7.58,7.58,7.58,0,7.58,PLBC
Wed Aug 06 2014 00:00:00 GMT+0800 (China Standard Time),7.45,7.45,7.25,7.45,2400,7.45,PLBC
Thu Aug 07 2014 00:00:00 GMT+0800 (China Standard Time),7.45,7.45,7.45,7.45,0,7.45,PLBC
Fri Aug 08 2014 00:00:00 GMT+0800 (China Standard Time),7.92,7.92,7.47,7.5,6100,7.5,PLBC
Mon Aug 11 2014 00:00:00 GMT+0800 (China Standard Time),7.7,7.74,7.7,7.74,800,7.74,PLBC
Tue Aug 12 2014 00:00:00 GMT+0800 (China Standard Time),7.34,7.35,7.34,7.34,900,7.34,PLBC
Wed Aug 13 2014 00:00:00 GMT+0800 (China Standard Time),7.51,7.51,7.51,7.51,100,7.51,PLBC
Thu Aug 14 2014 00:00:00 GMT+0800 (China Standard Time),7.73,7.75,7.6,7.6,1500,7.6,PLBC
Fri Aug 15 2014 00:00:00 GMT+0800 (China Standard Time),7.6,7.6,7.6,7.6,200,7.6,PLBC
Mon Aug 18 2014 00:00:00 GMT+0800 (China Standard Time),7.6,7.74,7.4,7.52,20800,7.52,PLBC
Tue Aug 19 2014 00:00:00 GMT+0800 (China Standard Time),7.52,7.52,7.52,7.52,0,7.52,PLBC
Wed Aug 20 2014 00:00:00 GMT+0800 (China Standard Time),7.36,7.51,7.36,7.5,3000,7.5,PLBC
Thu Aug 21 2014 00:00:00 GMT+0800 (China Standard Time),7.51,7.8,7.39,7.75,13200,7.75,PLBC
Fri Aug 22 2014 00:00:00 GMT+0800 (China Standard Time),7.7,7.7,7.4,7.5,19100,7.5,PLBC
Mon Aug 25 2014 00:00:00 GMT+0800 (China Standard Time),7.51,8.23,7.51,8.15,11000,8.15,PLBC
Tue Aug 26 2014 00:00:00 GMT+0800 (China Standard Time),8.23,8.45,7.95,8.06,17000,8.06,PLBC
Wed Aug 27 2014 00:00:00 GMT+0800 (China Standard Time),8.06,8.5,7.98,7.98,8900,7.98,PLBC
Thu Aug 28 2014 00:00:00 GMT+0800 (China Standard Time),7.95,8,7.85,7.9,4900,7.9,PLBC
Fri Aug 29 2014 00:00:00 GMT+0800 (China Standard Time),7.85,7.98,7.82,7.86,2600,7.86,PLBC
Tue Sep 02 2014 00:00:00 GMT+0800 (China Standard Time),7.75,7.82,7.3,7.3,8600,7.3,PLBC
Wed Sep 03 2014 00:00:00 GMT+0800 (China Standard Time),7.55,7.61,7.46,7.59,3400,7.59,PLBC
Thu Sep 04 2014 00:00:00 GMT+0800 (China Standard Time),7.56,7.69,7.53,7.61,6700,7.61,PLBC
Fri Sep 05 2014 00:00:00 GMT+0800 (China Standard Time),7.62,8.1,7.46,7.96,9700,7.96,PLBC
Mon Sep 08 2014 00:00:00 GMT+0800 (China Standard Time),7.98,8.1,7.9,8.05,7900,8.05,PLBC
Tue Sep 09 2014 00:00:00 GMT+0800 (China Standard Time),7.9,8.1,7.87,8,9900,8,PLBC
Wed Sep 10 2014 00:00:00 GMT+0800 (China Standard Time),7.92,8.04,7.92,7.95,2100,7.95,PLBC
Thu Sep 11 2014 00:00:00 GMT+0800 (China Standard Time),7.81,7.81,7.81,7.81,200,7.81,PLBC
Fri Sep 12 2014 00:00:00 GMT+0800 (China Standard Time),8.07,8.09,8.07,8.08,1200,8.08,PLBC
Mon Sep 15 2014 00:00:00 GMT+0800 (China Standard Time),7.97,7.97,7.81,7.81,3400,7.81,PLBC
Tue Sep 16 2014 00:00:00 GMT+0800 (China Standard Time),7.96,7.98,7.65,7.75,7200,7.75,PLBC
Wed Sep 17 2014 00:00:00 GMT+0800 (China Standard Time),7.62,7.62,7.45,7.6,4400,7.6,PLBC
Thu Sep 18 2014 00:00:00 GMT+0800 (China Standard Time),7.58,7.68,7.42,7.55,7900,7.55,PLBC
Fri Sep 19 2014 00:00:00 GMT+0800 (China Standard Time),7.62,7.9,7.56,7.9,4700,7.9,PLBC
Mon Sep 22 2014 00:00:00 GMT+0800 (China Standard Time),7.92,8.5,7.77,8.24,19600,8.24,PLBC
Tue Sep 23 2014 00:00:00 GMT+0800 (China Standard Time),8.02,8.13,7.9,8.06,4300,8.06,PLBC
Wed Sep 24 2014 00:00:00 GMT+0800 (China Standard Time),8.25,8.25,7.9,7.9,400,7.9,PLBC
Thu Sep 25 2014 00:00:00 GMT+0800 (China Standard Time),8.25,8.25,7.7,7.72,1800,7.72,PLBC
Fri Sep 26 2014 00:00:00 GMT+0800 (China Standard Time),7.7,7.72,7.7,7.72,500,7.72,PLBC
Mon Sep 29 2014 00:00:00 GMT+0800 (China Standard Time),8.1,8.11,7.63,7.72,900,7.72,PLBC
Tue Sep 30 2014 00:00:00 GMT+0800 (China Standard Time),7.72,7.72,7.72,7.72,0,7.72,PLBC
Wed Oct 01 2014 00:00:00 GMT+0800 (China Standard Time),7.72,7.72,7.72,7.72,0,7.72,PLBC
Thu Oct 02 2014 00:00:00 GMT+0800 (China Standard Time),7.75,7.75,7.75,7.75,200,7.75,PLBC
Fri Oct 03 2014 00:00:00 GMT+0800 (China Standard Time),7.61,7.75,7.52,7.64,2600,7.64,PLBC
Mon Oct 06 2014 00:00:00 GMT+0800 (China Standard Time),7.65,7.65,7.55,7.55,1500,7.55,PLBC
Tue Oct 07 2014 00:00:00 GMT+0800 (China Standard Time),7.65,7.76,7.64,7.71,1800,7.71,PLBC
Wed Oct 08 2014 00:00:00 GMT+0800 (China Standard Time),7.55,8,7.52,7.86,6100,7.86,PLBC
Thu Oct 09 2014 00:00:00 GMT+0800 (China Standard Time),7.86,7.98,7.79,7.79,1900,7.79,PLBC
Fri Oct 10 2014 00:00:00 GMT+0800 (China Standard Time),7.79,7.79,7.79,7.79,0,7.79,PLBC
Mon Oct 13 2014 00:00:00 GMT+0800 (China Standard Time),7.79,7.79,7.79,7.79,0,7.79,PLBC
Tue Oct 14 2014 00:00:00 GMT+0800 (China Standard Time),8.16,8.2,8.16,8.2,600,8.2,PLBC
Wed Oct 15 2014 00:00:00 GMT+0800 (China Standard Time),8.2,8.2,8.2,8.2,0,8.2,PLBC
Thu Oct 16 2014 00:00:00 GMT+0800 (China Standard Time),8.19,8.19,7.73,8.16,1500,8.16,PLBC
Fri Oct 17 2014 00:00:00 GMT+0800 (China Standard Time),8.13,8.13,8.13,8.13,400,8.13,PLBC
Mon Oct 20 2014 00:00:00 GMT+0800 (China Standard Time),8,8,8,8,1200,8,PLBC
Tue Oct 21 2014 00:00:00 GMT+0800 (China Standard Time),8,8,8,8,600,8,PLBC
Wed Oct 22 2014 00:00:00 GMT+0800 (China Standard Time),8.05,8.1,8,8.1,3000,8.1,PLBC
Thu Oct 23 2014 00:00:00 GMT+0800 (China Standard Time),8.02,8.02,8,8,800,8,PLBC
Fri Oct 24 2014 00:00:00 GMT+0800 (China Standard Time),8,8,8,8,0,8,PLBC
Mon Oct 27 2014 00:00:00 GMT+0800 (China Standard Time),8.08,8.08,8.07,8.07,500,8.07,PLBC
Tue Oct 28 2014 00:00:00 GMT+0800 (China Standard Time),8.07,8.07,8.07,8.07,0,8.07,PLBC
Wed Oct 29 2014 00:00:00 GMT+0800 (China Standard Time),8.07,8.07,8,8,800,8,PLBC
Thu Oct 30 2014 00:00:00 GMT+0800 (China Standard Time),8,8.1,8,8.1,500,8.1,PLBC
Fri Oct 31 2014 00:00:00 GMT+0800 (China Standard Time),8.24,8.24,8.24,8.24,300,8.24,PLBC
Mon Nov 03 2014 00:00:00 GMT+0800 (China Standard Time),34.599998,34.599998,8.07,8.07,4400,8.07,PLBC
Tue Nov 04 2014 00:00:00 GMT+0800 (China Standard Time),8.23,8.23,8.23,8.23,300,8.23,PLBC
Wed Nov 05 2014 00:00:00 GMT+0800 (China Standard Time),8.23,8.23,8.23,8.23,0,8.23,PLBC
Thu Nov 06 2014 00:00:00 GMT+0800 (China Standard Time),8.23,8.23,8.23,8.23,0,8.23,PLBC
Fri Nov 07 2014 00:00:00 GMT+0800 (China Standard Time),8.12,8.12,8.12,8.12,400,8.12,PLBC
Mon Nov 10 2014 00:00:00 GMT+0800 (China Standard Time),8.12,8.24,8.12,8.24,2800,8.24,PLBC
Tue Nov 11 2014 00:00:00 GMT+0800 (China Standard Time),8.24,8.24,8.24,8.24,0,8.24,PLBC
Wed Nov 12 2014 00:00:00 GMT+0800 (China Standard Time),8.24,8.24,8.24,8.24,0,8.24,PLBC
Thu Nov 13 2014 00:00:00 GMT+0800 (China Standard Time),8.24,8.24,8.12,8.12,2300,8.12,PLBC
Fri Nov 14 2014 00:00:00 GMT+0800 (China Standard Time),8.12,8.12,8.12,8.12,200,8.12,PLBC
Mon Nov 17 2014 00:00:00 GMT+0800 (China Standard Time),8.21,8.21,8.12,8.21,7900,8.21,PLBC
Tue Nov 18 2014 00:00:00 GMT+0800 (China Standard Time),8.25,8.25,8.05,8.05,7300,8.05,PLBC
Wed Nov 19 2014 00:00:00 GMT+0800 (China Standard Time),8.05,8.05,8.05,8.05,300,8.05,PLBC
Thu Nov 20 2014 00:00:00 GMT+0800 (China Standard Time),8.25,8.25,8.05,8.05,2300,8.05,PLBC
Fri Nov 21 2014 00:00:00 GMT+0800 (China Standard Time),8.05,8.05,8.05,8.05,200,8.05,PLBC
Mon Nov 24 2014 00:00:00 GMT+0800 (China Standard Time),8.05,8.15,8.05,8.05,1000,8.05,PLBC
Tue Nov 25 2014 00:00:00 GMT+0800 (China Standard Time),8.05,8.05,8.05,8.05,0,8.05,PLBC
Wed Nov 26 2014 00:00:00 GMT+0800 (China Standard Time),8.05,8.25,8.05,8.25,500,8.25,PLBC
Fri Nov 28 2014 00:00:00 GMT+0800 (China Standard Time),8.05,8.1,8.05,8.1,200,8.1,PLBC
Mon Dec 01 2014 00:00:00 GMT+0800 (China Standard Time),8.1,8.1,8.05,8.05,700,8.05,PLBC
Tue Dec 02 2014 00:00:00 GMT+0800 (China Standard Time),8.05,8.05,8.05,8.05,500,8.05,PLBC
Wed Dec 03 2014 00:00:00 GMT+0800 (China Standard Time),8.05,8.1,8.05,8.1,4000,8.1,PLBC
Thu Dec 04 2014 00:00:00 GMT+0800 (China Standard Time),8.05,8.1,8.05,8.1,900,8.1,PLBC
Fri Dec 05 2014 00:00:00 GMT+0800 (China Standard Time),8.05,8.05,8.05,8.05,300,8.05,PLBC
Mon Dec 08 2014 00:00:00 GMT+0800 (China Standard Time),8.05,8.12,8,8.03,2500,8.03,PLBC
Tue Dec 09 2014 00:00:00 GMT+0800 (China Standard Time),8,8,8,8,4000,8,PLBC
Wed Dec 10 2014 00:00:00 GMT+0800 (China Standard Time),8,8,8,8,0,8,PLBC
Thu Dec 11 2014 00:00:00 GMT+0800 (China Standard Time),8,8,8,8,0,8,PLBC
Fri Dec 12 2014 00:00:00 GMT+0800 (China Standard Time),8.24,8.25,8.24,8.25,600,8.25,PLBC
Mon Dec 15 2014 00:00:00 GMT+0800 (China Standard Time),8.25,8.25,8.25,8.25,0,8.25,PLBC
Tue Dec 16 2014 00:00:00 GMT+0800 (China Standard Time),8.05,8.05,8.05,8.05,900,8.05,PLBC
Wed Dec 17 2014 00:00:00 GMT+0800 (China Standard Time),8.06,8.06,8.06,8.06,1000,8.06,PLBC
Thu Dec 18 2014 00:00:00 GMT+0800 (China Standard Time),8.13,8.13,8.13,8.13,300,8.13,PLBC
Fri Dec 19 2014 00:00:00 GMT+0800 (China Standard Time),8.13,8.13,8.13,8.13,0,8.13,PLBC
Mon Dec 22 2014 00:00:00 GMT+0800 (China Standard Time),8.05,8.13,8.05,8.13,600,8.13,PLBC
Tue Dec 23 2014 00:00:00 GMT+0800 (China Standard Time),8.06,8.11,8,8,3900,8,PLBC
Wed Dec 24 2014 00:00:00 GMT+0800 (China Standard Time),8.13,8.13,8.13,8.13,100,8.13,PLBC
Fri Dec 26 2014 00:00:00 GMT+0800 (China Standard Time),8.13,8.13,8.13,8.13,1300,8.13,PLBC
Mon Dec 29 2014 00:00:00 GMT+0800 (China Standard Time),8.23,8.23,7.71,7.9,14900,7.9,PLBC
Tue Dec 30 2014 00:00:00 GMT+0800 (China Standard Time),8.23,8.23,8.23,8.23,200,8.23,PLBC
Wed Dec 31 2014 00:00:00 GMT+0800 (China Standard Time),8,8.2,7.99,7.99,1600,7.99,PLBC
Fri Jan 02 2015 00:00:00 GMT+0800 (China Standard Time),8.01,8.18,8.01,8.18,300,8.18,PLBC
Mon Jan 05 2015 00:00:00 GMT+0800 (China Standard Time),8.18,8.18,8.18,8.18,0,8.18,PLBC
Tue Jan 06 2015 00:00:00 GMT+0800 (China Standard Time),7.94,7.94,7.85,7.85,800,7.85,PLBC
Wed Jan 07 2015 00:00:00 GMT+0800 (China Standard Time),7.85,7.85,7.85,7.85,0,7.85,PLBC
Thu Jan 08 2015 00:00:00 GMT+0800 (China Standard Time),7.85,7.85,7.75,7.76,1800,7.76,PLBC
Fri Jan 09 2015 00:00:00 GMT+0800 (China Standard Time),7.73,7.84,7.73,7.8,7100,7.8,PLBC
Mon Jan 12 2015 00:00:00 GMT+0800 (China Standard Time),7.81,7.83,7.81,7.83,1000,7.83,PLBC
Tue Jan 13 2015 00:00:00 GMT+0800 (China Standard Time),7.83,7.83,7.83,7.83,0,7.83,PLBC
Wed Jan 14 2015 00:00:00 GMT+0800 (China Standard Time),8.21,8.21,8.2,8.2,1200,8.2,PLBC
Thu Jan 15 2015 00:00:00 GMT+0800 (China Standard Time),8.2,8.2,8.2,8.2,0,8.2,PLBC
Fri Jan 16 2015 00:00:00 GMT+0800 (China Standard Time),8.2,8.2,8.2,8.2,0,8.2,PLBC
Tue Jan 20 2015 00:00:00 GMT+0800 (China Standard Time),8,8,7.9,8,1800,8,PLBC
Wed Jan 21 2015 00:00:00 GMT+0800 (China Standard Time),8,8,8,8,0,8,PLBC
Thu Jan 22 2015 00:00:00 GMT+0800 (China Standard Time),8,8.19,8,8.19,500,8.19,PLBC
Fri Jan 23 2015 00:00:00 GMT+0800 (China Standard Time),8.19,8.19,8.19,8.19,0,8.19,PLBC
Mon Jan 26 2015 00:00:00 GMT+0800 (China Standard Time),7.81,8.3,7.8,8.2,17200,8.2,PLBC
Tue Jan 27 2015 00:00:00 GMT+0800 (China Standard Time),8.48,9.49,8.48,9.25,8000,9.25,PLBC
Wed Jan 28 2015 00:00:00 GMT+0800 (China Standard Time),9.24,9.24,9,9.04,3600,9.04,PLBC
Thu Jan 29 2015 00:00:00 GMT+0800 (China Standard Time),9,9,9,9,500,9,PLBC
Fri Jan 30 2015 00:00:00 GMT+0800 (China Standard Time),9,9,9,9,0,9,PLBC
Mon Feb 02 2015 00:00:00 GMT+0800 (China Standard Time),10,10,9.2,10,800,10,PLBC
Tue Feb 03 2015 00:00:00 GMT+0800 (China Standard Time),9.65,10,9.65,10,800,10,PLBC
Wed Feb 04 2015 00:00:00 GMT+0800 (China Standard Time),9.99,9.99,9.26,9.26,700,9.26,PLBC
Thu Feb 05 2015 00:00:00 GMT+0800 (China Standard Time),9.26,9.26,9.26,9.26,0,9.26,PLBC
Fri Feb 06 2015 00:00:00 GMT+0800 (China Standard Time),9.28,9.31,9.03,9.11,4900,9.11,PLBC
Mon Feb 09 2015 00:00:00 GMT+0800 (China Standard Time),9.16,9.16,9.05,9.07,3900,9.07,PLBC
Tue Feb 10 2015 00:00:00 GMT+0800 (China Standard Time),9.09,9.09,9.09,9.09,100,9.09,PLBC
Wed Feb 11 2015 00:00:00 GMT+0800 (China Standard Time),9.1,9.1,8.86,8.86,1800,8.86,PLBC
Thu Feb 12 2015 00:00:00 GMT+0800 (China Standard Time),8.99,8.99,8.96,8.99,1200,8.99,PLBC
Fri Feb 13 2015 00:00:00 GMT+0800 (China Standard Time),9.07,9.1,8.75,8.75,3500,8.75,PLBC
Tue Feb 17 2015 00:00:00 GMT+0800 (China Standard Time),8.75,8.75,8.75,8.75,0,8.75,PLBC
Wed Feb 18 2015 00:00:00 GMT+0800 (China Standard Time),8.96,8.96,8.82,8.82,200,8.82,PLBC
Thu Feb 19 2015 00:00:00 GMT+0800 (China Standard Time),8.79,9,8.79,9,2300,9,PLBC
Fri Feb 20 2015 00:00:00 GMT+0800 (China Standard Time),9,9,9,9,0,9,PLBC
Mon Feb 23 2015 00:00:00 GMT+0800 (China Standard Time),9,9,9,9,700,9,PLBC
Tue Feb 24 2015 00:00:00 GMT+0800 (China Standard Time),8.8,8.85,8.8,8.85,4100,8.85,PLBC
Wed Feb 25 2015 00:00:00 GMT+0800 (China Standard Time),8.85,9.1,8.72,8.72,8400,8.72,PLBC
Thu Feb 26 2015 00:00:00 GMT+0800 (China Standard Time),9.75,9.75,9.2,9.2,1700,9.2,PLBC
Fri Feb 27 2015 00:00:00 GMT+0800 (China Standard Time),9.2,9.2,9.2,9.2,0,9.2,PLBC
Mon Mar 02 2015 00:00:00 GMT+0800 (China Standard Time),8.76,8.76,8.76,8.76,800,8.76,PLBC
Tue Mar 03 2015 00:00:00 GMT+0800 (China Standard Time),9.19,9.19,8.88,8.88,1100,8.88,PLBC
Wed Mar 04 2015 00:00:00 GMT+0800 (China Standard Time),9.19,9.19,9.16,9.19,1000,9.19,PLBC
Thu Mar 05 2015 00:00:00 GMT+0800 (China Standard Time),8.95,8.95,8.95,8.95,300,8.95,PLBC
Fri Mar 06 2015 00:00:00 GMT+0800 (China Standard Time),9.21,9.21,9.21,9.21,200,9.21,PLBC
Mon Mar 09 2015 00:00:00 GMT+0800 (China Standard Time),9.21,9.21,9.21,9.21,0,9.21,PLBC
Tue Mar 10 2015 00:00:00 GMT+0800 (China Standard Time),9.75,9.75,8.88,8.88,1900,8.88,PLBC
Wed Mar 11 2015 00:00:00 GMT+0800 (China Standard Time),9.75,9.75,9.72,9.72,400,9.72,PLBC
Thu Mar 12 2015 00:00:00 GMT+0800 (China Standard Time),9.72,9.72,9.72,9.72,0,9.72,PLBC
Fri Mar 13 2015 00:00:00 GMT+0800 (China Standard Time),9.6,9.6,9.6,9.6,600,9.6,PLBC
Mon Mar 16 2015 00:00:00 GMT+0800 (China Standard Time),9.6,9.6,9.6,9.6,0,9.6,PLBC
Tue Mar 17 2015 00:00:00 GMT+0800 (China Standard Time),9.6,9.6,9.6,9.6,0,9.6,PLBC
Wed Mar 18 2015 00:00:00 GMT+0800 (China Standard Time),9.02,9.41,9.02,9.4,500,9.4,PLBC
Thu Mar 19 2015 00:00:00 GMT+0800 (China Standard Time),9.2,9.2,9.06,9.06,300,9.06,PLBC
Fri Mar 20 2015 00:00:00 GMT+0800 (China Standard Time),9.05,10,9.05,9.9,6000,9.9,PLBC
Mon Mar 23 2015 00:00:00 GMT+0800 (China Standard Time),9.7,9.7,9.45,9.65,1400,9.65,PLBC
Tue Mar 24 2015 00:00:00 GMT+0800 (China Standard Time),8.97,9.61,8.97,9.5,6800,9.5,PLBC
Wed Mar 25 2015 00:00:00 GMT+0800 (China Standard Time),9.5,9.5,9.5,9.5,0,9.5,PLBC
Thu Mar 26 2015 00:00:00 GMT+0800 (China Standard Time),9.75,9.75,9.1,9.1,700,9.1,PLBC
Fri Mar 27 2015 00:00:00 GMT+0800 (China Standard Time),9.11,9.11,9.11,9.11,100,9.11,PLBC
Mon Mar 30 2015 00:00:00 GMT+0800 (China Standard Time),9.74,9.74,9,9,1100,9,PLBC
Tue Mar 31 2015 00:00:00 GMT+0800 (China Standard Time),9.02,9.44,8.71,9.44,1000,9.44,PLBC
Wed Apr 01 2015 00:00:00 GMT+0800 (China Standard Time),9.39,9.5,9.22,9.38,4400,9.38,PLBC
Thu Apr 02 2015 00:00:00 GMT+0800 (China Standard Time),9.14,9.16,9.1,9.12,3300,9.12,PLBC
Mon Apr 06 2015 00:00:00 GMT+0800 (China Standard Time),9.1,9.44,9.1,9.15,400,9.15,PLBC
Tue Apr 07 2015 00:00:00 GMT+0800 (China Standard Time),9.2,9.2,9.2,9.2,100,9.2,PLBC
Wed Apr 08 2015 00:00:00 GMT+0800 (China Standard Time),9.15,9.15,9.15,9.15,100,9.15,PLBC
Thu Apr 09 2015 00:00:00 GMT+0800 (China Standard Time),9.31,9.5,9.3,9.3,1600,9.3,PLBC
Fri Apr 10 2015 00:00:00 GMT+0800 (China Standard Time),9.4,9.4,9.3,9.3,5300,9.3,PLBC
Mon Apr 13 2015 00:00:00 GMT+0800 (China Standard Time),9.35,9.5,9.35,9.5,500,9.5,PLBC
Tue Apr 14 2015 00:00:00 GMT+0800 (China Standard Time),10,10,9.35,9.35,600,9.35,PLBC
Wed Apr 15 2015 00:00:00 GMT+0800 (China Standard Time),9.3,9.36,9.3,9.35,1800,9.35,PLBC
Thu Apr 16 2015 00:00:00 GMT+0800 (China Standard Time),9.55,9.6,9.4,9.6,2200,9.6,PLBC
Fri Apr 17 2015 00:00:00 GMT+0800 (China Standard Time),9.6,9.6,9.42,9.42,800,9.42,PLBC
Mon Apr 20 2015 00:00:00 GMT+0800 (China Standard Time),9.43,10,9.43,10,3300,10,PLBC
Tue Apr 21 2015 00:00:00 GMT+0800 (China Standard Time),9.46,9.8,9.46,9.57,1600,9.57,PLBC
Wed Apr 22 2015 00:00:00 GMT+0800 (China Standard Time),9.9,9.9,9.9,9.9,300,9.9,PLBC
Thu Apr 23 2015 00:00:00 GMT+0800 (China Standard Time),9.52,9.9,9.52,9.8,1900,9.8,PLBC
Fri Apr 24 2015 00:00:00 GMT+0800 (China Standard Time),9.8,9.8,9.61,9.61,700,9.61,PLBC
Mon Apr 27 2015 00:00:00 GMT+0800 (China Standard Time),9.61,9.62,9.61,9.61,600,9.61,PLBC
Tue Apr 28 2015 00:00:00 GMT+0800 (China Standard Time),9.6,9.6,9.41,9.57,1400,9.57,PLBC
Wed Apr 29 2015 00:00:00 GMT+0800 (China Standard Time),9.75,9.75,9.75,9.75,100,9.75,PLBC
Thu Apr 30 2015 00:00:00 GMT+0800 (China Standard Time),9.3,9.3,9.3,9.3,500,9.3,PLBC
Fri May 01 2015 00:00:00 GMT+0800 (China Standard Time),9.75,9.75,9.39,9.39,1600,9.39,PLBC
Mon May 04 2015 00:00:00 GMT+0800 (China Standard Time),9.36,9.41,9.3,9.3,2700,9.3,PLBC
Tue May 05 2015 00:00:00 GMT+0800 (China Standard Time),9.3,9.3,9.3,9.3,0,9.3,PLBC
Wed May 06 2015 00:00:00 GMT+0800 (China Standard Time),9.35,9.35,9.35,9.35,200,9.35,PLBC
Thu May 07 2015 00:00:00 GMT+0800 (China Standard Time),9.35,9.35,9.35,9.35,0,9.35,PLBC
Fri May 08 2015 00:00:00 GMT+0800 (China Standard Time),9.7,9.7,9.7,9.7,600,9.7,PLBC
Mon May 11 2015 00:00:00 GMT+0800 (China Standard Time),9.5,9.53,9.35,9.35,3600,9.35,PLBC
Tue May 12 2015 00:00:00 GMT+0800 (China Standard Time),9.35,9.35,9.35,9.35,0,9.35,PLBC
Wed May 13 2015 00:00:00 GMT+0800 (China Standard Time),9.31,9.31,9.3,9.3,200,9.3,PLBC
Thu May 14 2015 00:00:00 GMT+0800 (China Standard Time),9.75,9.75,9.3,9.36,2600,9.36,PLBC
Fri May 15 2015 00:00:00 GMT+0800 (China Standard Time),9.21,9.21,9.21,9.21,100,9.21,PLBC
Mon May 18 2015 00:00:00 GMT+0800 (China Standard Time),9.24,9.75,9.21,9.5,1800,9.5,PLBC
Tue May 19 2015 00:00:00 GMT+0800 (China Standard Time),9.5,9.5,9.45,9.45,1000,9.45,PLBC
Wed May 20 2015 00:00:00 GMT+0800 (China Standard Time),9.6,9.9,9.35,9.83,6700,9.83,PLBC
Thu May 21 2015 00:00:00 GMT+0800 (China Standard Time),9.46,9.46,9.03,9.35,12700,9.35,PLBC
Fri May 22 2015 00:00:00 GMT+0800 (China Standard Time),9.43,9.43,8.77,9.2,13000,9.2,PLBC
Tue May 26 2015 00:00:00 GMT+0800 (China Standard Time),9.3,9.38,9.3,9.35,1200,9.35,PLBC
Wed May 27 2015 00:00:00 GMT+0800 (China Standard Time),9.55,9.55,9.32,9.41,1100,9.41,PLBC
Thu May 28 2015 00:00:00 GMT+0800 (China Standard Time),9.32,9.9,9,9.27,2800,9.27,PLBC
Fri May 29 2015 00:00:00 GMT+0800 (China Standard Time),9.01,9.65,9.01,9.65,400,9.65,PLBC
Mon Jun 01 2015 00:00:00 GMT+0800 (China Standard Time),9.24,9.24,9.06,9.2,15400,9.2,PLBC
Tue Jun 02 2015 00:00:00 GMT+0800 (China Standard Time),9.07,9.4,9.07,9.1,2600,9.1,PLBC
Wed Jun 03 2015 00:00:00 GMT+0800 (China Standard Time),9.21,9.21,9.21,9.21,100,9.21,PLBC
Thu Jun 04 2015 00:00:00 GMT+0800 (China Standard Time),9.2,9.2,9.2,9.2,300,9.2,PLBC
Fri Jun 05 2015 00:00:00 GMT+0800 (China Standard Time),9.3,9.3,9.21,9.21,500,9.21,PLBC
Mon Jun 08 2015 00:00:00 GMT+0800 (China Standard Time),9.21,9.4,9.21,9.4,1300,9.4,PLBC
Tue Jun 09 2015 00:00:00 GMT+0800 (China Standard Time),9.4,9.4,9.4,9.4,0,9.4,PLBC
Wed Jun 10 2015 00:00:00 GMT+0800 (China Standard Time),9.22,9.29,9.21,9.25,1500,9.25,PLBC
Thu Jun 11 2015 00:00:00 GMT+0800 (China Standard Time),9.32,9.4,9.28,9.28,1300,9.28,PLBC
Fri Jun 12 2015 00:00:00 GMT+0800 (China Standard Time),9.29,9.3,9.25,9.3,1300,9.3,PLBC
Mon Jun 15 2015 00:00:00 GMT+0800 (China Standard Time),9.25,9.3,9.25,9.25,1100,9.25,PLBC
Tue Jun 16 2015 00:00:00 GMT+0800 (China Standard Time),9.25,9.25,9.25,9.25,600,9.25,PLBC
Wed Jun 17 2015 00:00:00 GMT+0800 (China Standard Time),9.38,9.38,9.36,9.38,1300,9.38,PLBC
Thu Jun 18 2015 00:00:00 GMT+0800 (China Standard Time),9.33,9.33,9.26,9.26,3700,9.26,PLBC
Fri Jun 19 2015 00:00:00 GMT+0800 (China Standard Time),9.34,9.34,9.28,9.28,1300,9.28,PLBC
Mon Jun 22 2015 00:00:00 GMT+0800 (China Standard Time),9.26,9.36,9.26,9.31,4000,9.31,PLBC
Tue Jun 23 2015 00:00:00 GMT+0800 (China Standard Time),9.5,9.5,9.5,9.5,1500,9.5,PLBC
Wed Jun 24 2015 00:00:00 GMT+0800 (China Standard Time),9.5,9.5,9.5,9.5,200,9.5,PLBC
Thu Jun 25 2015 00:00:00 GMT+0800 (China Standard Time),9.27,9.4,9.27,9.4,800,9.4,PLBC
Fri Jun 26 2015 00:00:00 GMT+0800 (China Standard Time),9.28,9.39,9.28,9.39,400,9.39,PLBC
Mon Jun 29 2015 00:00:00 GMT+0800 (China Standard Time),9.37,9.46,9.37,9.46,400,9.46,PLBC
Tue Jun 30 2015 00:00:00 GMT+0800 (China Standard Time),9.45,9.45,9.32,9.32,300,9.32,PLBC
Wed Jul 01 2015 00:00:00 GMT+0800 (China Standard Time),9.3,9.32,9.2,9.2,4200,9.2,PLBC
Thu Jul 02 2015 00:00:00 GMT+0800 (China Standard Time),9.23,9.33,9.2,9.25,6000,9.25,PLBC
Mon Jul 06 2015 00:00:00 GMT+0800 (China Standard Time),9.32,9.32,9.01,9.21,5600,9.21,PLBC
Tue Jul 07 2015 00:00:00 GMT+0800 (China Standard Time),9.3,9.3,9.3,9.3,100,9.3,PLBC
Wed Jul 08 2015 00:00:00 GMT+0800 (China Standard Time),9.29,10,9.25,9.3,1700,9.3,PLBC
Thu Jul 09 2015 00:00:00 GMT+0800 (China Standard Time),9.3,9.3,9.3,9.3,0,9.3,PLBC
Fri Jul 10 2015 00:00:00 GMT+0800 (China Standard Time),9.3,9.3,9.3,9.3,200,9.3,PLBC
Mon Jul 13 2015 00:00:00 GMT+0800 (China Standard Time),9.3,9.35,9.3,9.34,1700,9.34,PLBC
Tue Jul 14 2015 00:00:00 GMT+0800 (China Standard Time),9.35,9.35,9.3,9.3,900,9.3,PLBC
Wed Jul 15 2015 00:00:00 GMT+0800 (China Standard Time),9.48,10,9.48,9.8,11700,9.8,PLBC
Thu Jul 16 2015 00:00:00 GMT+0800 (China Standard Time),9.78,9.95,9.78,9.8,1700,9.8,PLBC
Fri Jul 17 2015 00:00:00 GMT+0800 (China Standard Time),9.9,9.9,9.75,9.75,800,9.75,PLBC
Mon Jul 20 2015 00:00:00 GMT+0800 (China Standard Time),9.8,9.8,9.51,9.51,1900,9.51,PLBC
Tue Jul 21 2015 00:00:00 GMT+0800 (China Standard Time),9.56,9.58,9.56,9.57,1900,9.57,PLBC
Wed Jul 22 2015 00:00:00 GMT+0800 (China Standard Time),9.57,9.57,9.57,9.57,0,9.57,PLBC
Thu Jul 23 2015 00:00:00 GMT+0800 (China Standard Time),9.56,9.61,9.56,9.58,900,9.58,PLBC
Fri Jul 24 2015 00:00:00 GMT+0800 (China Standard Time),9.8,9.8,9.65,9.8,4900,9.8,PLBC
Mon Jul 27 2015 00:00:00 GMT+0800 (China Standard Time),9.56,9.72,9.56,9.71,1000,9.71,PLBC
Tue Jul 28 2015 00:00:00 GMT+0800 (China Standard Time),9.56,9.59,9.56,9.59,400,9.59,PLBC
Wed Jul 29 2015 00:00:00 GMT+0800 (China Standard Time),9.56,9.56,9.56,9.56,100,9.56,PLBC
Thu Jul 30 2015 00:00:00 GMT+0800 (China Standard Time),9.56,9.75,9.56,9.56,1300,9.56,PLBC
Fri Jul 31 2015 00:00:00 GMT+0800 (China Standard Time),9.57,9.9,9.11,9.11,9500,9.11,PLBC
Mon Aug 03 2015 00:00:00 GMT+0800 (China Standard Time),9.9,9.9,9.9,9.9,500,9.9,PLBC
Tue Aug 04 2015 00:00:00 GMT+0800 (China Standard Time),9.9,9.9,9.3,9.3,6800,9.3,PLBC
Wed Aug 05 2015 00:00:00 GMT+0800 (China Standard Time),9.35,9.4,9.34,9.39,6000,9.39,PLBC
Thu Aug 06 2015 00:00:00 GMT+0800 (China Standard Time),9.28,9.28,9.28,9.28,100,9.28,PLBC
Fri Aug 07 2015 00:00:00 GMT+0800 (China Standard Time),9.34,9.34,9.28,9.28,2300,9.28,PLBC
Mon Aug 10 2015 00:00:00 GMT+0800 (China Standard Time),9.3,9.3,9.27,9.27,300,9.27,PLBC
Tue Aug 11 2015 00:00:00 GMT+0800 (China Standard Time),9.28,9.28,9.28,9.28,100,9.28,PLBC
Wed Aug 12 2015 00:00:00 GMT+0800 (China Standard Time),9.28,9.28,9.28,9.28,200,9.28,PLBC
Thu Aug 13 2015 00:00:00 GMT+0800 (China Standard Time),9.5,9.5,9.28,9.28,700,9.28,PLBC
Fri Aug 14 2015 00:00:00 GMT+0800 (China Standard Time),9.28,9.29,9.01,9.29,1300,9.29,PLBC
Mon Aug 17 2015 00:00:00 GMT+0800 (China Standard Time),9,9.35,9,9.35,1300,9.35,PLBC
Tue Aug 18 2015 00:00:00 GMT+0800 (China Standard Time),9.02,9.3,8.93,8.95,6000,8.95,PLBC
Wed Aug 19 2015 00:00:00 GMT+0800 (China Standard Time),8.97,9.07,8.97,9.07,300,9.07,PLBC
Thu Aug 20 2015 00:00:00 GMT+0800 (China Standard Time),8.95,8.95,8.95,8.95,100,8.95,PLBC
Fri Aug 21 2015 00:00:00 GMT+0800 (China Standard Time),8.95,8.95,8.95,8.95,800,8.95,PLBC
Mon Aug 24 2015 00:00:00 GMT+0800 (China Standard Time),8.95,8.95,8.75,8.75,5200,8.75,PLBC
Tue Aug 25 2015 00:00:00 GMT+0800 (China Standard Time),8.75,8.75,8.75,8.75,0,8.75,PLBC
Wed Aug 26 2015 00:00:00 GMT+0800 (China Standard Time),8.8,8.95,8.04,8.6,3200,8.6,PLBC
Thu Aug 27 2015 00:00:00 GMT+0800 (China Standard Time),8.5,8.95,8.22,8.22,5600,8.22,PLBC
Fri Aug 28 2015 00:00:00 GMT+0800 (China Standard Time),8.22,8.9,8.22,8.79,3000,8.79,PLBC
Mon Aug 31 2015 00:00:00 GMT+0800 (China Standard Time),8.53,8.75,8.5,8.5,4400,8.5,PLBC
Tue Sep 01 2015 00:00:00 GMT+0800 (China Standard Time),8.38,8.43,8.38,8.43,3300,8.43,PLBC
Wed Sep 02 2015 00:00:00 GMT+0800 (China Standard Time),8.45,8.85,8.42,8.42,1400,8.42,PLBC
Thu Sep 03 2015 00:00:00 GMT+0800 (China Standard Time),8.45,8.45,8.4,8.45,700,8.45,PLBC
Fri Sep 04 2015 00:00:00 GMT+0800 (China Standard Time),8.28,8.35,8.28,8.35,400,8.35,PLBC
Tue Sep 08 2015 00:00:00 GMT+0800 (China Standard Time),8.87,8.9,8.4,8.88,4200,8.88,PLBC
Wed Sep 09 2015 00:00:00 GMT+0800 (China Standard Time),8.99,9.45,8.56,8.89,7900,8.89,PLBC
Thu Sep 10 2015 00:00:00 GMT+0800 (China Standard Time),8.96,9.16,8.48,8.77,7300,8.77,PLBC
Fri Sep 11 2015 00:00:00 GMT+0800 (China Standard Time),8.72,9.25,8.72,9.25,6400,9.25,PLBC
Mon Sep 14 2015 00:00:00 GMT+0800 (China Standard Time),9.09,9.5,9.03,9.5,5100,9.5,PLBC
Tue Sep 15 2015 00:00:00 GMT+0800 (China Standard Time),9.5,9.85,9.31,9.84,5900,9.84,PLBC
Wed Sep 16 2015 00:00:00 GMT+0800 (China Standard Time),9.84,10.23,9.66,9.75,7700,9.75,PLBC
Thu Sep 17 2015 00:00:00 GMT+0800 (China Standard Time),9.39,10,8.81,9.99,5400,9.99,PLBC
Fri Sep 18 2015 00:00:00 GMT+0800 (China Standard Time),10,10,8.52,8.52,12500,8.52,PLBC
Mon Sep 21 2015 00:00:00 GMT+0800 (China Standard Time),9.22,9.5,9.17,9.45,3400,9.45,PLBC
Tue Sep 22 2015 00:00:00 GMT+0800 (China Standard Time),8.86,9.2,8.86,9.19,900,9.19,PLBC
Wed Sep 23 2015 00:00:00 GMT+0800 (China Standard Time),9.08,9.2,8.99,9.2,1000,9.2,PLBC
Thu Sep 24 2015 00:00:00 GMT+0800 (China Standard Time),8.72,8.95,8.72,8.95,2100,8.95,PLBC
Fri Sep 25 2015 00:00:00 GMT+0800 (China Standard Time),8.95,8.95,8.95,8.95,200,8.95,PLBC
Mon Sep 28 2015 00:00:00 GMT+0800 (China Standard Time),9.08,9.08,8.78,8.92,3900,8.92,PLBC
Tue Sep 29 2015 00:00:00 GMT+0800 (China Standard Time),8.79,8.99,8.76,8.76,600,8.76,PLBC
Wed Sep 30 2015 00:00:00 GMT+0800 (China Standard Time),8.89,8.89,8.89,8.89,200,8.89,PLBC
Thu Oct 01 2015 00:00:00 GMT+0800 (China Standard Time),8.89,8.89,8.89,8.89,0,8.89,PLBC
Fri Oct 02 2015 00:00:00 GMT+0800 (China Standard Time),8.89,8.89,8.89,8.89,0,8.89,PLBC
Mon Oct 05 2015 00:00:00 GMT+0800 (China Standard Time),8.64,8.64,8.64,8.64,200,8.64,PLBC
Tue Oct 06 2015 00:00:00 GMT+0800 (China Standard Time),8.68,8.94,8.6,8.74,2700,8.74,PLBC
Wed Oct 07 2015 00:00:00 GMT+0800 (China Standard Time),8.65,8.85,8.52,8.55,6700,8.55,PLBC
Thu Oct 08 2015 00:00:00 GMT+0800 (China Standard Time),8.52,8.89,8.52,8.89,300,8.89,PLBC
Fri Oct 09 2015 00:00:00 GMT+0800 (China Standard Time),8.89,8.89,8.89,8.89,0,8.89,PLBC
Mon Oct 12 2015 00:00:00 GMT+0800 (China Standard Time),8.78,8.78,8.78,8.78,300,8.78,PLBC
Tue Oct 13 2015 00:00:00 GMT+0800 (China Standard Time),8.63,8.63,8.63,8.63,100,8.63,PLBC
Wed Oct 14 2015 00:00:00 GMT+0800 (China Standard Time),8.89,8.89,8.52,8.57,15400,8.57,PLBC
Thu Oct 15 2015 00:00:00 GMT+0800 (China Standard Time),8.68,8.89,8.55,8.83,1600,8.83,PLBC
Fri Oct 16 2015 00:00:00 GMT+0800 (China Standard Time),9.2,9.2,8.52,8.92,4000,8.92,PLBC
Mon Oct 19 2015 00:00:00 GMT+0800 (China Standard Time),8.92,8.92,8.92,8.92,0,8.92,PLBC
Tue Oct 20 2015 00:00:00 GMT+0800 (China Standard Time),8.79,8.79,8.74,8.74,2200,8.74,PLBC
Wed Oct 21 2015 00:00:00 GMT+0800 (China Standard Time),8.79,9.33,8.79,9.15,5400,9.15,PLBC
Thu Oct 22 2015 00:00:00 GMT+0800 (China Standard Time),9.35,9.35,9.25,9.3,1700,9.3,PLBC
Fri Oct 23 2015 00:00:00 GMT+0800 (China Standard Time),9.2,9.2,9.1,9.12,1600,9.12,PLBC
Mon Oct 26 2015 00:00:00 GMT+0800 (China Standard Time),9.08,9.08,8.92,8.99,8700,8.99,PLBC
Tue Oct 27 2015 00:00:00 GMT+0800 (China Standard Time),8.88,8.88,8.76,8.76,4600,8.76,PLBC
Wed Oct 28 2015 00:00:00 GMT+0800 (China Standard Time),8.79,8.79,8.6,8.6,29300,8.6,PLBC
Thu Oct 29 2015 00:00:00 GMT+0800 (China Standard Time),9.2,9.2,8.56,8.58,12600,8.58,PLBC
Fri Oct 30 2015 00:00:00 GMT+0800 (China Standard Time),8.66,8.66,8.56,8.6,4900,8.6,PLBC
Mon Nov 02 2015 00:00:00 GMT+0800 (China Standard Time),9.2,9.2,8.56,8.57,10000,8.57,PLBC
Tue Nov 03 2015 00:00:00 GMT+0800 (China Standard Time),8.57,8.75,8.5,8.62,8100,8.62,PLBC
Wed Nov 04 2015 00:00:00 GMT+0800 (China Standard Time),8.75,8.75,8.75,8.75,1200,8.75,PLBC
Thu Nov 05 2015 00:00:00 GMT+0800 (China Standard Time),8.56,8.7,8.56,8.7,3700,8.7,PLBC
Fri Nov 06 2015 00:00:00 GMT+0800 (China Standard Time),8.72,8.88,8.7,8.88,3000,8.88,PLBC
Mon Nov 09 2015 00:00:00 GMT+0800 (China Standard Time),8.78,8.78,8.75,8.75,2300,8.75,PLBC
Tue Nov 10 2015 00:00:00 GMT+0800 (China Standard Time),8.53,8.73,8.53,8.73,2100,8.73,PLBC
Wed Nov 11 2015 00:00:00 GMT+0800 (China Standard Time),8.58,8.67,8.58,8.58,5800,8.58,PLBC
Thu Nov 12 2015 00:00:00 GMT+0800 (China Standard Time),8.91,8.91,8.91,8.91,300,8.91,PLBC
Fri Nov 13 2015 00:00:00 GMT+0800 (China Standard Time),8.63,8.63,8.63,8.63,300,8.63,PLBC
Mon Nov 16 2015 00:00:00 GMT+0800 (China Standard Time),8.63,8.63,8.63,8.63,0,8.63,PLBC
Tue Nov 17 2015 00:00:00 GMT+0800 (China Standard Time),8.74,8.74,8.59,8.69,6500,8.69,PLBC
Wed Nov 18 2015 00:00:00 GMT+0800 (China Standard Time),8.69,8.69,8.69,8.69,0,8.69,PLBC
Thu Nov 19 2015 00:00:00 GMT+0800 (China Standard Time),8.69,8.69,8.69,8.69,0,8.69,PLBC
Fri Nov 20 2015 00:00:00 GMT+0800 (China Standard Time),8.69,8.91,8.52,8.66,2000,8.66,PLBC
Mon Nov 23 2015 00:00:00 GMT+0800 (China Standard Time),8.6,8.6,8.6,8.6,1000,8.6,PLBC
Tue Nov 24 2015 00:00:00 GMT+0800 (China Standard Time),8.63,8.63,8.53,8.56,2100,8.56,PLBC
Wed Nov 25 2015 00:00:00 GMT+0800 (China Standard Time),8.62,8.65,8.52,8.56,20300,8.56,PLBC
Fri Nov 27 2015 00:00:00 GMT+0800 (China Standard Time),9.32,9.32,9.32,9.32,300,9.32,PLBC
Mon Nov 30 2015 00:00:00 GMT+0800 (China Standard Time),8.9,8.9,8.71,8.71,15000,8.71,PLBC
Tue Dec 01 2015 00:00:00 GMT+0800 (China Standard Time),8.73,8.73,8.73,8.73,600,8.73,PLBC
Wed Dec 02 2015 00:00:00 GMT+0800 (China Standard Time),8.66,8.66,8.66,8.66,200,8.66,PLBC
Thu Dec 03 2015 00:00:00 GMT+0800 (China Standard Time),8.69,8.69,8.69,8.69,200,8.69,PLBC
Fri Dec 04 2015 00:00:00 GMT+0800 (China Standard Time),8.69,8.69,8.53,8.69,8200,8.69,PLBC
Mon Dec 07 2015 00:00:00 GMT+0800 (China Standard Time),8.69,8.69,8.58,8.58,4900,8.58,PLBC
Tue Dec 08 2015 00:00:00 GMT+0800 (China Standard Time),8.57,8.61,8.57,8.61,2800,8.61,PLBC
Wed Dec 09 2015 00:00:00 GMT+0800 (China Standard Time),8.61,8.61,8.61,8.61,200,8.61,PLBC
Thu Dec 10 2015 00:00:00 GMT+0800 (China Standard Time),8.61,8.61,8.61,8.61,0,8.61,PLBC
Fri Dec 11 2015 00:00:00 GMT+0800 (China Standard Time),8.6,8.6,8.6,8.6,300,8.6,PLBC
Mon Dec 14 2015 00:00:00 GMT+0800 (China Standard Time),8.56,8.97,8.55,8.57,4600,8.57,PLBC
Tue Dec 15 2015 00:00:00 GMT+0800 (China Standard Time),8.57,8.57,8.57,8.57,0,8.57,PLBC
Wed Dec 16 2015 00:00:00 GMT+0800 (China Standard Time),8.6,8.6,8.6,8.6,1100,8.6,PLBC
Thu Dec 17 2015 00:00:00 GMT+0800 (China Standard Time),8.74,8.74,8.7,8.72,400,8.72,PLBC
Fri Dec 18 2015 00:00:00 GMT+0800 (China Standard Time),8.7,8.89,8.57,8.89,4000,8.89,PLBC
Mon Dec 21 2015 00:00:00 GMT+0800 (China Standard Time),8.56,8.58,8.53,8.55,9400,8.55,PLBC
Tue Dec 22 2015 00:00:00 GMT+0800 (China Standard Time),8.62,8.62,8.61,8.61,2000,8.61,PLBC
Wed Dec 23 2015 00:00:00 GMT+0800 (China Standard Time),8.61,8.61,8.61,8.61,0,8.61,PLBC
Thu Dec 24 2015 00:00:00 GMT+0800 (China Standard Time),8.6,8.69,8.6,8.69,2400,8.69,PLBC
Mon Dec 28 2015 00:00:00 GMT+0800 (China Standard Time),8.6,8.68,8.6,8.62,1100,8.62,PLBC
Tue Dec 29 2015 00:00:00 GMT+0800 (China Standard Time),8.62,8.69,8.62,8.62,1000,8.62,PLBC
Wed Dec 30 2015 00:00:00 GMT+0800 (China Standard Time),8.69,8.69,8.62,8.67,600,8.67,PLBC
Thu Dec 31 2015 00:00:00 GMT+0800 (China Standard Time),8.69,8.69,8.68,8.68,300,8.68,PLBC
Mon Jan 04 2016 00:00:00 GMT+0800 (China Standard Time),8.63,8.65,8.63,8.65,900,8.65,PLBC
Tue Jan 05 2016 00:00:00 GMT+0800 (China Standard Time),8.68,8.68,8.62,8.68,900,8.68,PLBC
Wed Jan 06 2016 00:00:00 GMT+0800 (China Standard Time),8.7,8.7,8.65,8.65,900,8.65,PLBC
Thu Jan 07 2016 00:00:00 GMT+0800 (China Standard Time),8.66,8.66,8.53,8.53,7900,8.53,PLBC
Fri Jan 08 2016 00:00:00 GMT+0800 (China Standard Time),8.59,8.59,8.59,8.59,400,8.59,PLBC
Mon Jan 11 2016 00:00:00 GMT+0800 (China Standard Time),8.51,8.84,8.42,8.45,8700,8.45,PLBC
Tue Jan 12 2016 00:00:00 GMT+0800 (China Standard Time),8.48,8.53,8.4,8.4,9800,8.4,PLBC
Wed Jan 13 2016 00:00:00 GMT+0800 (China Standard Time),8.31,8.35,8.2,8.2,3200,8.2,PLBC
Thu Jan 14 2016 00:00:00 GMT+0800 (China Standard Time),8.6,8.6,8.25,8.25,700,8.25,PLBC
Fri Jan 15 2016 00:00:00 GMT+0800 (China Standard Time),8.34,8.34,8.34,8.34,200,8.34,PLBC
Tue Jan 19 2016 00:00:00 GMT+0800 (China Standard Time),8.37,8.37,8.37,8.37,100,8.37,PLBC
Wed Jan 20 2016 00:00:00 GMT+0800 (China Standard Time),8.29,8.8,8.29,8.8,7300,8.8,PLBC
Thu Jan 21 2016 00:00:00 GMT+0800 (China Standard Time),8.79,8.79,8.52,8.52,4100,8.52,PLBC
Fri Jan 22 2016 00:00:00 GMT+0800 (China Standard Time),8.52,8.52,8.52,8.52,200,8.52,PLBC
Mon Jan 25 2016 00:00:00 GMT+0800 (China Standard Time),8.56,8.58,8.56,8.58,1000,8.58,PLBC
Tue Jan 26 2016 00:00:00 GMT+0800 (China Standard Time),8.67,8.67,8.6,8.65,1500,8.65,PLBC
Wed Jan 27 2016 00:00:00 GMT+0800 (China Standard Time),8.74,8.77,8.73,8.77,1300,8.77,PLBC
Thu Jan 28 2016 00:00:00 GMT+0800 (China Standard Time),8.8,8.8,8.78,8.8,2300,8.8,PLBC
Fri Jan 29 2016 00:00:00 GMT+0800 (China Standard Time),8.8,8.8,8.8,8.8,0,8.8,PLBC
Mon Feb 01 2016 00:00:00 GMT+0800 (China Standard Time),8.6,8.6,8.56,8.56,700,8.56,PLBC
Tue Feb 02 2016 00:00:00 GMT+0800 (China Standard Time),8.6,8.6,8.6,8.6,100,8.6,PLBC
Wed Feb 03 2016 00:00:00 GMT+0800 (China Standard Time),8.65,8.65,8.65,8.65,100,8.65,PLBC
Thu Feb 04 2016 00:00:00 GMT+0800 (China Standard Time),8.64,8.65,8.64,8.64,9700,8.64,PLBC
Fri Feb 05 2016 00:00:00 GMT+0800 (China Standard Time),8.76,8.76,8.65,8.65,1100,8.65,PLBC
Mon Feb 08 2016 00:00:00 GMT+0800 (China Standard Time),8.65,8.65,8.65,8.65,0,8.65,PLBC
Tue Feb 09 2016 00:00:00 GMT+0800 (China Standard Time),8.65,8.65,8.65,8.65,1000,8.65,PLBC
Wed Feb 10 2016 00:00:00 GMT+0800 (China Standard Time),8.59,8.64,8.59,8.64,3500,8.64,PLBC
Thu Feb 11 2016 00:00:00 GMT+0800 (China Standard Time),8.65,8.65,8.6,8.6,7500,8.6,PLBC
Fri Feb 12 2016 00:00:00 GMT+0800 (China Standard Time),8.6,8.6,8.6,8.6,0,8.6,PLBC
Tue Feb 16 2016 00:00:00 GMT+0800 (China Standard Time),8.75,8.75,8.75,8.75,200,8.75,PLBC
Wed Feb 17 2016 00:00:00 GMT+0800 (China Standard Time),8.75,8.75,8.75,8.75,0,8.75,PLBC
Thu Feb 18 2016 00:00:00 GMT+0800 (China Standard Time),8.75,8.75,8.61,8.61,4500,8.61,PLBC
Fri Feb 19 2016 00:00:00 GMT+0800 (China Standard Time),8.75,8.75,8.51,8.51,300,8.51,PLBC
Mon Feb 22 2016 00:00:00 GMT+0800 (China Standard Time),8.6,8.6,8.6,8.6,300,8.6,PLBC
Tue Feb 23 2016 00:00:00 GMT+0800 (China Standard Time),8.53,8.53,8.52,8.52,200,8.52,PLBC
Wed Feb 24 2016 00:00:00 GMT+0800 (China Standard Time),8.52,8.52,8.52,8.52,0,8.52,PLBC
Thu Feb 25 2016 00:00:00 GMT+0800 (China Standard Time),8.52,8.52,8.52,8.52,0,8.52,PLBC
Fri Feb 26 2016 00:00:00 GMT+0800 (China Standard Time),8.61,8.75,8.61,8.61,1700,8.61,PLBC
Mon Feb 29 2016 00:00:00 GMT+0800 (China Standard Time),8.75,8.75,8.52,8.52,2500,8.52,PLBC
Tue Mar 01 2016 00:00:00 GMT+0800 (China Standard Time),8.61,8.64,8.61,8.63,700,8.63,PLBC
Wed Mar 02 2016 00:00:00 GMT+0800 (China Standard Time),8.63,8.63,8.63,8.63,0,8.63,PLBC
Thu Mar 03 2016 00:00:00 GMT+0800 (China Standard Time),8.65,8.65,8.65,8.65,200,8.65,PLBC
Fri Mar 04 2016 00:00:00 GMT+0800 (China Standard Time),8.71,8.8,8.71,8.72,6900,8.72,PLBC
Mon Mar 07 2016 00:00:00 GMT+0800 (China Standard Time),8.72,8.86,8.7,8.86,1900,8.86,PLBC
Tue Mar 08 2016 00:00:00 GMT+0800 (China Standard Time),8.86,8.86,8.86,8.86,0,8.86,PLBC
Wed Mar 09 2016 00:00:00 GMT+0800 (China Standard Time),8.86,8.86,8.86,8.86,0,8.86,PLBC
Thu Mar 10 2016 00:00:00 GMT+0800 (China Standard Time),8.71,8.75,8.71,8.75,3400,8.75,PLBC
Fri Mar 11 2016 00:00:00 GMT+0800 (China Standard Time),8.75,8.94,8.75,8.94,2700,8.94,PLBC
Mon Mar 14 2016 00:00:00 GMT+0800 (China Standard Time),9.18,9.46,8.85,8.85,2500,8.85,PLBC
Tue Mar 15 2016 00:00:00 GMT+0800 (China Standard Time),8.85,8.85,8.85,8.85,0,8.85,PLBC
Wed Mar 16 2016 00:00:00 GMT+0800 (China Standard Time),8.91,8.94,8.91,8.94,400,8.94,PLBC
Thu Mar 17 2016 00:00:00 GMT+0800 (China Standard Time),8.94,8.94,8.94,8.94,0,8.94,PLBC
Fri Mar 18 2016 00:00:00 GMT+0800 (China Standard Time),8.94,8.94,8.94,8.94,0,8.94,PLBC
Mon Mar 21 2016 00:00:00 GMT+0800 (China Standard Time),8.85,8.85,8.85,8.85,200,8.85,PLBC
Tue Mar 22 2016 00:00:00 GMT+0800 (China Standard Time),8.92,8.94,8.92,8.94,600,8.94,PLBC
Wed Mar 23 2016 00:00:00 GMT+0800 (China Standard Time),8.86,8.86,8.8,8.8,800,8.8,PLBC
Thu Mar 24 2016 00:00:00 GMT+0800 (China Standard Time),8.8,8.8,8.8,8.8,0,8.8,PLBC
Mon Mar 28 2016 00:00:00 GMT+0800 (China Standard Time),8.76,8.76,8.76,8.76,200,8.76,PLBC
Tue Mar 29 2016 00:00:00 GMT+0800 (China Standard Time),8.76,8.76,8.75,8.75,1200,8.75,PLBC
Wed Mar 30 2016 00:00:00 GMT+0800 (China Standard Time),9,9,8.76,8.76,4400,8.76,PLBC
Thu Mar 31 2016 00:00:00 GMT+0800 (China Standard Time),8.9,8.9,8.8,8.81,700,8.81,PLBC
Fri Apr 01 2016 00:00:00 GMT+0800 (China Standard Time),8.81,8.94,8.8,8.82,5400,8.82,PLBC
Mon Apr 04 2016 00:00:00 GMT+0800 (China Standard Time),8.76,8.77,8.71,8.71,5000,8.71,PLBC
Tue Apr 05 2016 00:00:00 GMT+0800 (China Standard Time),8.71,8.8,8.66,8.66,4800,8.66,PLBC
Wed Apr 06 2016 00:00:00 GMT+0800 (China Standard Time),8.66,8.66,8.66,8.66,0,8.66,PLBC
Thu Apr 07 2016 00:00:00 GMT+0800 (China Standard Time),8.66,8.74,8.61,8.61,5600,8.61,PLBC
Fri Apr 08 2016 00:00:00 GMT+0800 (China Standard Time),8.61,8.61,8.61,8.61,200,8.61,PLBC
Mon Apr 11 2016 00:00:00 GMT+0800 (China Standard Time),8.6,8.8,8.6,8.63,1200,8.63,PLBC
Tue Apr 12 2016 00:00:00 GMT+0800 (China Standard Time),8.79,8.8,8.64,8.74,1900,8.74,PLBC
Wed Apr 13 2016 00:00:00 GMT+0800 (China Standard Time),8.68,8.68,8.68,8.68,300,8.68,PLBC
Thu Apr 14 2016 00:00:00 GMT+0800 (China Standard Time),8.7,8.7,8.65,8.65,4500,8.65,PLBC
Fri Apr 15 2016 00:00:00 GMT+0800 (China Standard Time),8.67,8.76,8.67,8.76,1500,8.76,PLBC
Mon Apr 18 2016 00:00:00 GMT+0800 (China Standard Time),8.8,8.8,8.62,8.63,14500,8.63,PLBC
Tue Apr 19 2016 00:00:00 GMT+0800 (China Standard Time),8.82,9.61,8.82,9.5,42500,9.5,PLBC
Wed Apr 20 2016 00:00:00 GMT+0800 (China Standard Time),9.25,9.59,9.25,9.41,33600,9.41,PLBC
Thu Apr 21 2016 00:00:00 GMT+0800 (China Standard Time),9.35,9.43,9.35,9.35,3400,9.35,PLBC
Fri Apr 22 2016 00:00:00 GMT+0800 (China Standard Time),9.5,9.5,9.41,9.45,800,9.45,PLBC
Mon Apr 25 2016 00:00:00 GMT+0800 (China Standard Time),9.45,9.59,9.45,9.58,4700,9.58,PLBC
Tue Apr 26 2016 00:00:00 GMT+0800 (China Standard Time),9.35,9.73,9.35,9.73,400,9.73,PLBC
Wed Apr 27 2016 00:00:00 GMT+0800 (China Standard Time),9.5,9.6,9.35,9.35,4200,9.35,PLBC
Thu Apr 28 2016 00:00:00 GMT+0800 (China Standard Time),9.5,9.5,9.5,9.5,400,9.5,PLBC
Fri Apr 29 2016 00:00:00 GMT+0800 (China Standard Time),9.47,9.47,9.41,9.41,1100,9.41,PLBC
Mon May 02 2016 00:00:00 GMT+0800 (China Standard Time),9.36,9.5,9.36,9.39,1400,9.39,PLBC
Tue May 03 2016 00:00:00 GMT+0800 (China Standard Time),9.5,9.5,9.49,9.49,200,9.49,PLBC
Wed May 04 2016 00:00:00 GMT+0800 (China Standard Time),9.49,9.49,9.49,9.49,0,9.49,PLBC
Thu May 05 2016 00:00:00 GMT+0800 (China Standard Time),9.49,9.49,9.4,9.4,1000,9.4,PLBC
Fri May 06 2016 00:00:00 GMT+0800 (China Standard Time),9.5,9.5,9.5,9.5,100,9.5,PLBC
Mon May 09 2016 00:00:00 GMT+0800 (China Standard Time),9.41,9.41,9.36,9.36,700,9.36,PLBC
Tue May 10 2016 00:00:00 GMT+0800 (China Standard Time),9.37,9.37,9.37,9.37,400,9.37,PLBC
Wed May 11 2016 00:00:00 GMT+0800 (China Standard Time),9.37,9.37,9.37,9.37,0,9.37,PLBC
Thu May 12 2016 00:00:00 GMT+0800 (China Standard Time),9.5,9.5,9.38,9.38,2400,9.38,PLBC
Fri May 13 2016 00:00:00 GMT+0800 (China Standard Time),9.43,9.5,9.43,9.5,1400,9.5,PLBC
Mon May 16 2016 00:00:00 GMT+0800 (China Standard Time),9.48,9.57,9.48,9.49,7500,9.49,PLBC
Tue May 17 2016 00:00:00 GMT+0800 (China Standard Time),9.56,9.61,9.48,9.48,4200,9.48,PLBC
Wed May 18 2016 00:00:00 GMT+0800 (China Standard Time),9.75,9.75,9.44,9.5,3900,9.5,PLBC
Thu May 19 2016 00:00:00 GMT+0800 (China Standard Time),9.5,9.5,9.5,9.5,400,9.5,PLBC
Fri May 20 2016 00:00:00 GMT+0800 (China Standard Time),9.4,9.47,9.4,9.41,900,9.41,PLBC
Mon May 23 2016 00:00:00 GMT+0800 (China Standard Time),9.5,9.5,9.4,9.5,1700,9.5,PLBC
Tue May 24 2016 00:00:00 GMT+0800 (China Standard Time),9.67,9.68,9.67,9.68,400,9.68,PLBC
Wed May 25 2016 00:00:00 GMT+0800 (China Standard Time),9.5,9.5,9.4,9.4,4800,9.4,PLBC
Thu May 26 2016 00:00:00 GMT+0800 (China Standard Time),9.37,9.5,9.19,9.5,11200,9.5,PLBC
Fri May 27 2016 00:00:00 GMT+0800 (China Standard Time),9.39,9.5,9.39,9.48,900,9.48,PLBC
Tue May 31 2016 00:00:00 GMT+0800 (China Standard Time),9.48,9.48,9.48,9.48,0,9.48,PLBC
Wed Jun 01 2016 00:00:00 GMT+0800 (China Standard Time),9.12,9.5,9.12,9.5,4200,9.5,PLBC
Thu Jun 02 2016 00:00:00 GMT+0800 (China Standard Time),9.5,9.5,9.5,9.5,100,9.5,PLBC
Fri Jun 03 2016 00:00:00 GMT+0800 (China Standard Time),9.17,9.17,9.15,9.15,500,9.15,PLBC
Mon Jun 06 2016 00:00:00 GMT+0800 (China Standard Time),9.15,9.15,9.15,9.15,0,9.15,PLBC
Tue Jun 07 2016 00:00:00 GMT+0800 (China Standard Time),9.15,9.15,9.15,9.15,0,9.15,PLBC
Wed Jun 08 2016 00:00:00 GMT+0800 (China Standard Time),9.4,9.4,9.4,9.4,400,9.4,PLBC
Thu Jun 09 2016 00:00:00 GMT+0800 (China Standard Time),9.22,9.24,9.17,9.18,5200,9.18,PLBC
Fri Jun 10 2016 00:00:00 GMT+0800 (China Standard Time),9.21,9.21,9.21,9.21,100,9.21,PLBC
Mon Jun 13 2016 00:00:00 GMT+0800 (China Standard Time),9.21,9.45,9.15,9.38,2900,9.38,PLBC
Tue Jun 14 2016 00:00:00 GMT+0800 (China Standard Time),9.14,9.45,9.14,9.45,800,9.45,PLBC
Wed Jun 15 2016 00:00:00 GMT+0800 (China Standard Time),9.4,9.4,9.4,9.4,200,9.4,PLBC
Thu Jun 16 2016 00:00:00 GMT+0800 (China Standard Time),9.15,9.32,9.15,9.15,500,9.15,PLBC
Fri Jun 17 2016 00:00:00 GMT+0800 (China Standard Time),9.32,9.38,9.06,9.07,3700,9.07,PLBC
Mon Jun 20 2016 00:00:00 GMT+0800 (China Standard Time),9.06,9.39,9.06,9.39,1900,9.39,PLBC
Tue Jun 21 2016 00:00:00 GMT+0800 (China Standard Time),9.14,9.14,9.14,9.14,400,9.14,PLBC
Wed Jun 22 2016 00:00:00 GMT+0800 (China Standard Time),9.14,9.14,9.14,9.14,0,9.14,PLBC
Thu Jun 23 2016 00:00:00 GMT+0800 (China Standard Time),9.21,9.27,9.21,9.27,300,9.27,PLBC
Fri Jun 24 2016 00:00:00 GMT+0800 (China Standard Time),9.09,9.09,9.09,9.09,100,9.09,PLBC
Mon Jun 27 2016 00:00:00 GMT+0800 (China Standard Time),9.03,9.2,9,9.2,29400,9.2,PLBC
Tue Jun 28 2016 00:00:00 GMT+0800 (China Standard Time),9.2,9.2,9.2,9.2,0,9.2,PLBC
Wed Jun 29 2016 00:00:00 GMT+0800 (China Standard Time),9.2,9.2,9.2,9.2,0,9.2,PLBC
Thu Jun 30 2016 00:00:00 GMT+0800 (China Standard Time),9.2,9.2,9.01,9.01,800,9.01,PLBC
Fri Jul 01 2016 00:00:00 GMT+0800 (China Standard Time),9.15,9.15,9.06,9.06,800,9.06,PLBC
Tue Jul 05 2016 00:00:00 GMT+0800 (China Standard Time),9.06,9.06,9.06,9.06,0,9.06,PLBC
Wed Jul 06 2016 00:00:00 GMT+0800 (China Standard Time),9.01,9.05,8.79,8.85,12300,8.85,PLBC
Thu Jul 07 2016 00:00:00 GMT+0800 (China Standard Time),9.05,9.05,9.05,9.05,500,9.05,PLBC
Fri Jul 08 2016 00:00:00 GMT+0800 (China Standard Time),9.05,9.05,9.05,9.05,1100,9.05,PLBC
Mon Jul 11 2016 00:00:00 GMT+0800 (China Standard Time),8.75,9.04,8.75,9.04,1300,9.04,PLBC
Tue Jul 12 2016 00:00:00 GMT+0800 (China Standard Time),9,9.05,8.85,9.05,1900,9.05,PLBC
Wed Jul 13 2016 00:00:00 GMT+0800 (China Standard Time),9.1,9.1,9.1,9.1,300,9.1,PLBC
Thu Jul 14 2016 00:00:00 GMT+0800 (China Standard Time),9.12,9.36,9.12,9.3,3900,9.3,PLBC
Fri Jul 15 2016 00:00:00 GMT+0800 (China Standard Time),9.02,9.02,9.02,9.02,200,9.02,PLBC
Mon Jul 18 2016 00:00:00 GMT+0800 (China Standard Time),9.35,9.35,8.9,9.25,1900,9.25,PLBC
Tue Jul 19 2016 00:00:00 GMT+0800 (China Standard Time),9.06,9.06,9.01,9.01,300,9.01,PLBC
Wed Jul 20 2016 00:00:00 GMT+0800 (China Standard Time),9.1,9.25,9.1,9.25,6400,9.25,PLBC
Thu Jul 21 2016 00:00:00 GMT+0800 (China Standard Time),9.5,10.16,9.5,9.81,39000,9.81,PLBC
Fri Jul 22 2016 00:00:00 GMT+0800 (China Standard Time),9.51,9.79,9.5,9.76,14500,9.76,PLBC
Mon Jul 25 2016 00:00:00 GMT+0800 (China Standard Time),10,10,9.78,9.86,20400,9.86,PLBC
Tue Jul 26 2016 00:00:00 GMT+0800 (China Standard Time),9.96,10,9.96,10,2500,10,PLBC
Wed Jul 27 2016 00:00:00 GMT+0800 (China Standard Time),9.99,10,9.9,9.9,5200,9.9,PLBC
Thu Jul 28 2016 00:00:00 GMT+0800 (China Standard Time),10,10,10,10,400,10,PLBC
Fri Jul 29 2016 00:00:00 GMT+0800 (China Standard Time),9.94,9.94,9.94,9.94,600,9.94,PLBC
Mon Aug 01 2016 00:00:00 GMT+0800 (China Standard Time),9.92,9.92,9.85,9.88,4400,9.88,PLBC
Tue Aug 02 2016 00:00:00 GMT+0800 (China Standard Time),9.92,9.92,9.9,9.9,3600,9.9,PLBC
Wed Aug 03 2016 00:00:00 GMT+0800 (China Standard Time),9.9,9.9,9.9,9.9,0,9.9,PLBC
Thu Aug 04 2016 00:00:00 GMT+0800 (China Standard Time),9.99,10,9.83,9.85,1200,9.85,PLBC
Fri Aug 05 2016 00:00:00 GMT+0800 (China Standard Time),9.9,9.9,9.9,9.9,900,9.9,PLBC
Mon Aug 08 2016 00:00:00 GMT+0800 (China Standard Time),9.9,9.9,9.9,9.9,0,9.9,PLBC
Tue Aug 09 2016 00:00:00 GMT+0800 (China Standard Time),9.9,9.9,9.9,9.9,0,9.9,PLBC
Wed Aug 10 2016 00:00:00 GMT+0800 (China Standard Time),9.92,10,9.83,10,3300,10,PLBC
Thu Aug 11 2016 00:00:00 GMT+0800 (China Standard Time),10,10,10,10,0,10,PLBC
Fri Aug 12 2016 00:00:00 GMT+0800 (China Standard Time),9.96,10,9.91,9.97,800,9.97,PLBC
Mon Aug 15 2016 00:00:00 GMT+0800 (China Standard Time),10,10,9.91,9.91,4200,9.91,PLBC
Tue Aug 16 2016 00:00:00 GMT+0800 (China Standard Time),9.91,9.91,9.91,9.91,0,9.91,PLBC
Wed Aug 17 2016 00:00:00 GMT+0800 (China Standard Time),9.95,9.98,9.9,9.98,600,9.98,PLBC
Thu Aug 18 2016 00:00:00 GMT+0800 (China Standard Time),9.99,10,9.99,10,2000,10,PLBC
Fri Aug 19 2016 00:00:00 GMT+0800 (China Standard Time),9.99,9.99,9.99,9.99,600,9.99,PLBC
Mon Aug 22 2016 00:00:00 GMT+0800 (China Standard Time),9.99,9.99,9.95,9.95,800,9.95,PLBC
Tue Aug 23 2016 00:00:00 GMT+0800 (China Standard Time),9.94,9.94,9.94,9.94,100,9.94,PLBC
Wed Aug 24 2016 00:00:00 GMT+0800 (China Standard Time),9.93,9.93,9.93,9.93,500,9.93,PLBC
Thu Aug 25 2016 00:00:00 GMT+0800 (China Standard Time),9.95,9.99,9.95,9.99,500,9.99,PLBC
Fri Aug 26 2016 00:00:00 GMT+0800 (China Standard Time),10.08,10.08,9.96,9.98,4800,9.98,PLBC
Mon Aug 29 2016 00:00:00 GMT+0800 (China Standard Time),9.98,10.04,9.98,10.04,7100,10.04,PLBC
Tue Aug 30 2016 00:00:00 GMT+0800 (China Standard Time),10,10.09,10,10.01,3000,10.01,PLBC
Wed Aug 31 2016 00:00:00 GMT+0800 (China Standard Time),9.98,10,9.98,10,1900,10,PLBC
Thu Sep 01 2016 00:00:00 GMT+0800 (China Standard Time),9.98,10.15,9.98,10.09,43200,10.09,PLBC
Fri Sep 02 2016 00:00:00 GMT+0800 (China Standard Time),10.13,10.13,10.07,10.11,7500,10.11,PLBC
Tue Sep 06 2016 00:00:00 GMT+0800 (China Standard Time),10.11,10.14,10.11,10.11,4600,10.11,PLBC
Wed Sep 07 2016 00:00:00 GMT+0800 (China Standard Time),10.39,10.39,10.2,10.2,3700,10.2,PLBC
Thu Sep 08 2016 00:00:00 GMT+0800 (China Standard Time),10.3,10.3,10.1,10.22,1000,10.22,PLBC
Fri Sep 09 2016 00:00:00 GMT+0800 (China Standard Time),10.22,10.22,10.22,10.22,0,10.22,PLBC
Mon Sep 12 2016 00:00:00 GMT+0800 (China Standard Time),10,10.15,10,10.15,600,10.15,PLBC
Tue Sep 13 2016 00:00:00 GMT+0800 (China Standard Time),10.11,10.12,10,10.01,5100,10.01,PLBC
Wed Sep 14 2016 00:00:00 GMT+0800 (China Standard Time),10.25,10.25,10.02,10.02,300,10.02,PLBC
Thu Sep 15 2016 00:00:00 GMT+0800 (China Standard Time),9.6,10.19,9.6,10.19,500,10.19,PLBC
Fri Sep 16 2016 00:00:00 GMT+0800 (China Standard Time),9.98,10.15,9.87,10.14,6100,10.14,PLBC
Mon Sep 19 2016 00:00:00 GMT+0800 (China Standard Time),10.1,10.14,9.8,10.01,9600,10.01,PLBC
Tue Sep 20 2016 00:00:00 GMT+0800 (China Standard Time),9.95,9.95,9.95,9.95,600,9.95,PLBC
Wed Sep 21 2016 00:00:00 GMT+0800 (China Standard Time),9.95,9.98,9.95,9.98,1000,9.98,PLBC
Thu Sep 22 2016 00:00:00 GMT+0800 (China Standard Time),10,10.15,10,10.01,1500,10.01,PLBC
Fri Sep 23 2016 00:00:00 GMT+0800 (China Standard Time),10.12,10.14,10,10.08,5400,10.08,PLBC
Mon Sep 26 2016 00:00:00 GMT+0800 (China Standard Time),10.02,10.02,9.96,10,6900,10,PLBC
Tue Sep 27 2016 00:00:00 GMT+0800 (China Standard Time),10.04,10.08,10,10.01,4900,10.01,PLBC
Wed Sep 28 2016 00:00:00 GMT+0800 (China Standard Time),9.98,10.16,9.98,10.01,1400,10.01,PLBC
Thu Sep 29 2016 00:00:00 GMT+0800 (China Standard Time),10.01,10.01,10.01,10.01,0,10.01,PLBC
Fri Sep 30 2016 00:00:00 GMT+0800 (China Standard Time),10.18,10.24,10.18,10.24,1100,10.24,PLBC
Mon Oct 03 2016 00:00:00 GMT+0800 (China Standard Time),10.23,10.28,10,10.2,16700,10.2,PLBC
Tue Oct 04 2016 00:00:00 GMT+0800 (China Standard Time),10.16,10.24,10.15,10.24,3200,10.24,PLBC
Wed Oct 05 2016 00:00:00 GMT+0800 (China Standard Time),10.24,10.24,10.23,10.24,2000,10.24,PLBC
Thu Oct 06 2016 00:00:00 GMT+0800 (China Standard Time),10.24,10.24,10.24,10.24,400,10.24,PLBC
Fri Oct 07 2016 00:00:00 GMT+0800 (China Standard Time),10.24,10.25,10.23,10.25,1000,10.25,PLBC
Mon Oct 10 2016 00:00:00 GMT+0800 (China Standard Time),10.25,10.5,10.2,10.4,20900,10.4,PLBC
Tue Oct 11 2016 00:00:00 GMT+0800 (China Standard Time),10.45,10.45,10.4,10.41,2900,10.41,PLBC
Wed Oct 12 2016 00:00:00 GMT+0800 (China Standard Time),10.5,10.5,10.5,10.5,12400,10.5,PLBC
Thu Oct 13 2016 00:00:00 GMT+0800 (China Standard Time),10.53,10.64,10.51,10.59,15600,10.59,PLBC
Fri Oct 14 2016 00:00:00 GMT+0800 (China Standard Time),10.65,10.7,10.59,10.62,18200,10.62,PLBC
Mon Oct 17 2016 00:00:00 GMT+0800 (China Standard Time),10.75,10.75,10.26,10.75,18200,10.75,PLBC
Tue Oct 18 2016 00:00:00 GMT+0800 (China Standard Time),11.1,11.65,11.1,11.56,45400,11.56,PLBC
Wed Oct 19 2016 00:00:00 GMT+0800 (China Standard Time),11.5,11.65,11.35,11.4,54600,11.4,PLBC
Thu Oct 20 2016 00:00:00 GMT+0800 (China Standard Time),11.65,11.65,11.35,11.52,2100,11.52,PLBC
Fri Oct 21 2016 00:00:00 GMT+0800 (China Standard Time),11.35,11.65,11.35,11.65,5800,11.65,PLBC
Mon Oct 24 2016 00:00:00 GMT+0800 (China Standard Time),11.9,12.25,11.35,11.65,10400,11.65,PLBC
Tue Oct 25 2016 00:00:00 GMT+0800 (China Standard Time),11.8,11.8,11.75,11.75,4300,11.75,PLBC
Wed Oct 26 2016 00:00:00 GMT+0800 (China Standard Time),11.75,11.75,11.6,11.6,400,11.6,PLBC
Thu Oct 27 2016 00:00:00 GMT+0800 (China Standard Time),11.83,11.83,11.7,11.72,5300,11.72,PLBC
Fri Oct 28 2016 00:00:00 GMT+0800 (China Standard Time),11.81,13.01,11.77,12.45,43000,12.45,PLBC
Mon Oct 31 2016 00:00:00 GMT+0800 (China Standard Time),12.95,13.85,12.1,12.45,19600,12.45,PLBC
Tue Nov 01 2016 00:00:00 GMT+0800 (China Standard Time),12.22,12.3,12.05,12.1,4800,12.1,PLBC
Wed Nov 02 2016 00:00:00 GMT+0800 (China Standard Time),12,12.15,11.95,11.95,8900,11.95,PLBC
Thu Nov 03 2016 00:00:00 GMT+0800 (China Standard Time),12,12.35,11.95,12.35,3100,12.35,PLBC
Fri Nov 04 2016 00:00:00 GMT+0800 (China Standard Time),12.25,12.25,11.75,11.8,8900,11.8,PLBC
Mon Nov 07 2016 00:00:00 GMT+0800 (China Standard Time),11.8,13.5,11.8,12.5,34300,12.5,PLBC
Tue Nov 08 2016 00:00:00 GMT+0800 (China Standard Time),12.5,13.3,12.5,13.15,6400,13.15,PLBC
Wed Nov 09 2016 00:00:00 GMT+0800 (China Standard Time),13,13.29,12.9,13.2,22900,13.2,PLBC
Thu Nov 10 2016 00:00:00 GMT+0800 (China Standard Time),13.3,13.46,13,13.25,12800,13.25,PLBC
Fri Nov 11 2016 00:00:00 GMT+0800 (China Standard Time),13.25,13.35,13.25,13.3,5000,13.3,PLBC
