Thu Jan 02 2014 00:00:00 GMT+0800 (China Standard Time),19.59,19.690001,18.52,18.98,903700,18.98,REXX
Fri Jan 03 2014 00:00:00 GMT+0800 (China Standard Time),18.92,19.200001,18.4,18.93,888100,18.93,REXX
Mon Jan 06 2014 00:00:00 GMT+0800 (China Standard Time),18.940001,19.15,18.59,18.610001,1252400,18.610001,REXX
Tue Jan 07 2014 00:00:00 GMT+0800 (China Standard Time),18.620001,19.1,18.24,18.379999,710000,18.379999,REXX
Wed Jan 08 2014 00:00:00 GMT+0800 (China Standard Time),18.41,18.629999,17.82,18.190001,756700,18.190001,REXX
Thu Jan 09 2014 00:00:00 GMT+0800 (China Standard Time),18.700001,18.85,17.83,17.950001,1460900,17.950001,REXX
Fri Jan 10 2014 00:00:00 GMT+0800 (China Standard Time),17.950001,18.17,17.49,17.780001,660400,17.780001,REXX
Mon Jan 13 2014 00:00:00 GMT+0800 (China Standard Time),17.799999,17.91,16.950001,17.040001,764100,17.040001,REXX
Tue Jan 14 2014 00:00:00 GMT+0800 (China Standard Time),17.07,17.92,17.040001,17.82,741200,17.82,REXX
Wed Jan 15 2014 00:00:00 GMT+0800 (China Standard Time),18,19.23,17.969999,18.76,1468100,18.76,REXX
Thu Jan 16 2014 00:00:00 GMT+0800 (China Standard Time),18.85,19.309999,18.51,19.09,708800,19.09,REXX
Fri Jan 17 2014 00:00:00 GMT+0800 (China Standard Time),19.1,19.18,18.559999,18.690001,638100,18.690001,REXX
Tue Jan 21 2014 00:00:00 GMT+0800 (China Standard Time),18.799999,19.139999,18.620001,19.110001,432800,19.110001,REXX
Wed Jan 22 2014 00:00:00 GMT+0800 (China Standard Time),19.209999,19.700001,19.01,19.26,902800,19.26,REXX
Thu Jan 23 2014 00:00:00 GMT+0800 (China Standard Time),19.26,19.49,19.190001,19.389999,1089600,19.389999,REXX
Fri Jan 24 2014 00:00:00 GMT+0800 (China Standard Time),19.34,19.629999,18.959999,19.219999,1002600,19.219999,REXX
Mon Jan 27 2014 00:00:00 GMT+0800 (China Standard Time),19.23,19.629999,18.190001,18.280001,1065800,18.280001,REXX
Tue Jan 28 2014 00:00:00 GMT+0800 (China Standard Time),18.209999,18.780001,18.18,18.700001,424000,18.700001,REXX
Wed Jan 29 2014 00:00:00 GMT+0800 (China Standard Time),18.540001,18.66,18.1,18.549999,833100,18.549999,REXX
Thu Jan 30 2014 00:00:00 GMT+0800 (China Standard Time),18.68,18.889999,18.379999,18.43,659300,18.43,REXX
Fri Jan 31 2014 00:00:00 GMT+0800 (China Standard Time),18.16,19.110001,18.1,18.84,728100,18.84,REXX
Mon Feb 03 2014 00:00:00 GMT+0800 (China Standard Time),18.870001,19.129999,18.16,18.360001,420700,18.360001,REXX
Tue Feb 04 2014 00:00:00 GMT+0800 (China Standard Time),18.41,19.33,18.379999,18.74,1002400,18.74,REXX
Wed Feb 05 2014 00:00:00 GMT+0800 (China Standard Time),18.66,18.68,17.9,18.129999,824400,18.129999,REXX
Thu Feb 06 2014 00:00:00 GMT+0800 (China Standard Time),18.23,18.700001,18.07,18.35,853500,18.35,REXX
Fri Feb 07 2014 00:00:00 GMT+0800 (China Standard Time),18.41,18.450001,17.559999,17.969999,844600,17.969999,REXX
Mon Feb 10 2014 00:00:00 GMT+0800 (China Standard Time),17.92,17.959999,17.58,17.84,416900,17.84,REXX
Tue Feb 11 2014 00:00:00 GMT+0800 (China Standard Time),17.85,18.209999,17.690001,18.01,408800,18.01,REXX
Wed Feb 12 2014 00:00:00 GMT+0800 (China Standard Time),18.049999,18.370001,17.73,17.74,541800,17.74,REXX
Thu Feb 13 2014 00:00:00 GMT+0800 (China Standard Time),17.58,18.290001,17.540001,18.08,488800,18.08,REXX
Fri Feb 14 2014 00:00:00 GMT+0800 (China Standard Time),18.110001,18.440001,18.040001,18.18,255600,18.18,REXX
Tue Feb 18 2014 00:00:00 GMT+0800 (China Standard Time),18.209999,18.66,18.1,18.469999,573400,18.469999,REXX
Wed Feb 19 2014 00:00:00 GMT+0800 (China Standard Time),18.370001,18.700001,18.16,18.209999,520100,18.209999,REXX
Thu Feb 20 2014 00:00:00 GMT+0800 (China Standard Time),17.719999,18.25,16.91,18.1,1061400,18.1,REXX
Fri Feb 21 2014 00:00:00 GMT+0800 (China Standard Time),18.459999,18.49,17.530001,17.59,898500,17.59,REXX
Mon Feb 24 2014 00:00:00 GMT+0800 (China Standard Time),17.549999,18.950001,17.549999,18.700001,861300,18.700001,REXX
Tue Feb 25 2014 00:00:00 GMT+0800 (China Standard Time),18.700001,18.860001,18.41,18.59,618000,18.59,REXX
Wed Feb 26 2014 00:00:00 GMT+0800 (China Standard Time),18.540001,18.700001,18.1,18.26,321400,18.26,REXX
Thu Feb 27 2014 00:00:00 GMT+0800 (China Standard Time),18.190001,18.59,18.02,18.540001,323400,18.540001,REXX
Fri Feb 28 2014 00:00:00 GMT+0800 (China Standard Time),18.51,19.139999,18.26,19,557200,19,REXX
Mon Mar 03 2014 00:00:00 GMT+0800 (China Standard Time),18.860001,19.309999,18.309999,18.4,656400,18.4,REXX
Tue Mar 04 2014 00:00:00 GMT+0800 (China Standard Time),18.559999,19.15,18.34,19.030001,526200,19.030001,REXX
Wed Mar 05 2014 00:00:00 GMT+0800 (China Standard Time),19.030001,19.34,18.559999,18.83,433400,18.83,REXX
Thu Mar 06 2014 00:00:00 GMT+0800 (China Standard Time),18.85,19.09,18.51,18.6,431700,18.6,REXX
Fri Mar 07 2014 00:00:00 GMT+0800 (China Standard Time),18.709999,18.950001,18.18,18.27,485400,18.27,REXX
Mon Mar 10 2014 00:00:00 GMT+0800 (China Standard Time),18.18,18.26,17.780001,18.139999,526900,18.139999,REXX
Tue Mar 11 2014 00:00:00 GMT+0800 (China Standard Time),18.219999,18.49,17.280001,17.41,525000,17.41,REXX
Wed Mar 12 2014 00:00:00 GMT+0800 (China Standard Time),17.309999,17.68,17,17.51,444500,17.51,REXX
Thu Mar 13 2014 00:00:00 GMT+0800 (China Standard Time),17.5,17.6,17.139999,17.530001,587800,17.530001,REXX
Fri Mar 14 2014 00:00:00 GMT+0800 (China Standard Time),17.5,17.82,17.5,17.74,274100,17.74,REXX
Mon Mar 17 2014 00:00:00 GMT+0800 (China Standard Time),17.780001,18.08,17.299999,17.5,260300,17.5,REXX
Tue Mar 18 2014 00:00:00 GMT+0800 (China Standard Time),17.48,18.08,17.370001,18.01,503200,18.01,REXX
Wed Mar 19 2014 00:00:00 GMT+0800 (China Standard Time),17.98,18.16,17.48,17.51,532800,17.51,REXX
Thu Mar 20 2014 00:00:00 GMT+0800 (China Standard Time),17.42,17.549999,17,17.1,842400,17.1,REXX
Fri Mar 21 2014 00:00:00 GMT+0800 (China Standard Time),17.200001,17.309999,17.049999,17.200001,1338600,17.200001,REXX
Mon Mar 24 2014 00:00:00 GMT+0800 (China Standard Time),17.200001,17.4,16.74,17.370001,1039700,17.370001,REXX
Tue Mar 25 2014 00:00:00 GMT+0800 (China Standard Time),17.610001,17.74,17.110001,17.23,546800,17.23,REXX
Wed Mar 26 2014 00:00:00 GMT+0800 (China Standard Time),17.299999,17.43,16.85,16.99,459400,16.99,REXX
Thu Mar 27 2014 00:00:00 GMT+0800 (China Standard Time),17.299999,17.57,16.959999,17.33,642800,17.33,REXX
Fri Mar 28 2014 00:00:00 GMT+0800 (China Standard Time),17.4,17.93,17.25,17.860001,1108800,17.860001,REXX
Mon Mar 31 2014 00:00:00 GMT+0800 (China Standard Time),18.01,18.889999,17.9,18.709999,973100,18.709999,REXX
Tue Apr 01 2014 00:00:00 GMT+0800 (China Standard Time),18.75,19.129999,18.52,19.059999,760200,19.059999,REXX
Wed Apr 02 2014 00:00:00 GMT+0800 (China Standard Time),19.059999,19.52,18.959999,19.370001,435900,19.370001,REXX
Thu Apr 03 2014 00:00:00 GMT+0800 (China Standard Time),19.379999,19.85,19.23,19.290001,584800,19.290001,REXX
Fri Apr 04 2014 00:00:00 GMT+0800 (China Standard Time),19.42,19.629999,18.92,18.950001,449200,18.950001,REXX
Mon Apr 07 2014 00:00:00 GMT+0800 (China Standard Time),18.91,18.93,18.16,18.4,761400,18.4,REXX
Tue Apr 08 2014 00:00:00 GMT+0800 (China Standard Time),18.469999,19.299999,18.129999,19.219999,657300,19.219999,REXX
Wed Apr 09 2014 00:00:00 GMT+0800 (China Standard Time),19.18,19.280001,18.780001,18.950001,527100,18.950001,REXX
Thu Apr 10 2014 00:00:00 GMT+0800 (China Standard Time),18.92,19.190001,18.610001,18.780001,467000,18.780001,REXX
Fri Apr 11 2014 00:00:00 GMT+0800 (China Standard Time),18.629999,19.42,18.610001,19.1,456900,19.1,REXX
Mon Apr 14 2014 00:00:00 GMT+0800 (China Standard Time),19.35,19.809999,19.01,19.4,786900,19.4,REXX
Tue Apr 15 2014 00:00:00 GMT+0800 (China Standard Time),19.389999,19.85,19.209999,19.639999,928500,19.639999,REXX
Wed Apr 16 2014 00:00:00 GMT+0800 (China Standard Time),19.75,20.200001,19.65,20.16,660700,20.16,REXX
Thu Apr 17 2014 00:00:00 GMT+0800 (China Standard Time),20.26,21,20.200001,20.860001,467900,20.860001,REXX
Mon Apr 21 2014 00:00:00 GMT+0800 (China Standard Time),20.99,21.129999,20.110001,20.719999,648200,20.719999,REXX
Tue Apr 22 2014 00:00:00 GMT+0800 (China Standard Time),20.68,21.08,20.299999,20.639999,675400,20.639999,REXX
Wed Apr 23 2014 00:00:00 GMT+0800 (China Standard Time),20.66,21.24,20.66,21.01,673200,21.01,REXX
Thu Apr 24 2014 00:00:00 GMT+0800 (China Standard Time),21.040001,21.889999,20.959999,21.5,854500,21.5,REXX
Fri Apr 25 2014 00:00:00 GMT+0800 (China Standard Time),21.41,21.41,20.65,20.860001,636900,20.860001,REXX
Mon Apr 28 2014 00:00:00 GMT+0800 (China Standard Time),20.99,21.09,20.15,20.18,768000,20.18,REXX
Tue Apr 29 2014 00:00:00 GMT+0800 (China Standard Time),20.26,21.16,20.139999,20.68,1251300,20.68,REXX
Wed Apr 30 2014 00:00:00 GMT+0800 (China Standard Time),22,22,20.82,21.059999,1571600,21.059999,REXX
Thu May 01 2014 00:00:00 GMT+0800 (China Standard Time),21.02,21.17,20.389999,20.77,1062800,20.77,REXX
Fri May 02 2014 00:00:00 GMT+0800 (China Standard Time),20.85,21.610001,20.73,21.280001,526800,21.280001,REXX
Mon May 05 2014 00:00:00 GMT+0800 (China Standard Time),21.200001,21.42,20.91,21.08,485100,21.08,REXX
Tue May 06 2014 00:00:00 GMT+0800 (China Standard Time),21.09,21.33,20.639999,20.75,422400,20.75,REXX
Wed May 07 2014 00:00:00 GMT+0800 (China Standard Time),20.77,20.959999,20.139999,20.280001,642900,20.280001,REXX
Thu May 08 2014 00:00:00 GMT+0800 (China Standard Time),20.059999,20.219999,19.4,19.440001,578300,19.440001,REXX
Fri May 09 2014 00:00:00 GMT+0800 (China Standard Time),19.379999,19.690001,19.129999,19.43,531300,19.43,REXX
Mon May 12 2014 00:00:00 GMT+0800 (China Standard Time),19.5,19.99,19.35,19.639999,324400,19.639999,REXX
Tue May 13 2014 00:00:00 GMT+0800 (China Standard Time),19.690001,20.129999,19.610001,20.040001,556900,20.040001,REXX
Wed May 14 2014 00:00:00 GMT+0800 (China Standard Time),20.1,20.370001,19.709999,19.74,365800,19.74,REXX
Thu May 15 2014 00:00:00 GMT+0800 (China Standard Time),19.610001,19.74,18.9,19.700001,654700,19.700001,REXX
Fri May 16 2014 00:00:00 GMT+0800 (China Standard Time),19.66,20.18,19.299999,20.18,526900,20.18,REXX
Mon May 19 2014 00:00:00 GMT+0800 (China Standard Time),20.209999,20.33,19.75,19.98,398800,19.98,REXX
Tue May 20 2014 00:00:00 GMT+0800 (China Standard Time),19.9,19.98,19.32,19.530001,545400,19.530001,REXX
Wed May 21 2014 00:00:00 GMT+0800 (China Standard Time),19.59,19.82,19.190001,19.68,867900,19.68,REXX
Thu May 22 2014 00:00:00 GMT+0800 (China Standard Time),19.68,19.83,19.190001,19.219999,504000,19.219999,REXX
Fri May 23 2014 00:00:00 GMT+0800 (China Standard Time),19.280001,19.440001,18.82,18.959999,469100,18.959999,REXX
Tue May 27 2014 00:00:00 GMT+0800 (China Standard Time),18.98,19.190001,18.85,19.1,772200,19.1,REXX
Wed May 28 2014 00:00:00 GMT+0800 (China Standard Time),19.08,19.809999,18.969999,19.67,1169600,19.67,REXX
Thu May 29 2014 00:00:00 GMT+0800 (China Standard Time),19.73,20.139999,19.35,20.02,446900,20.02,REXX
Fri May 30 2014 00:00:00 GMT+0800 (China Standard Time),20,20.15,19.540001,19.879999,367700,19.879999,REXX
Mon Jun 02 2014 00:00:00 GMT+0800 (China Standard Time),19.690001,20.200001,19.389999,19.389999,579900,19.389999,REXX
Tue Jun 03 2014 00:00:00 GMT+0800 (China Standard Time),19.389999,19.559999,18.75,19,1079000,19,REXX
Wed Jun 04 2014 00:00:00 GMT+0800 (China Standard Time),18.940001,19.08,18.66,18.870001,612700,18.870001,REXX
Thu Jun 05 2014 00:00:00 GMT+0800 (China Standard Time),18.98,19.059999,18.42,18.790001,1030600,18.790001,REXX
Fri Jun 06 2014 00:00:00 GMT+0800 (China Standard Time),18.9,19.09,18.76,18.9,617200,18.9,REXX
Mon Jun 09 2014 00:00:00 GMT+0800 (China Standard Time),19.48,19.48,18.6,18.74,864000,18.74,REXX
Tue Jun 10 2014 00:00:00 GMT+0800 (China Standard Time),18.700001,18.870001,18.309999,18.370001,542400,18.370001,REXX
Wed Jun 11 2014 00:00:00 GMT+0800 (China Standard Time),18.370001,18.68,18.23,18.620001,479000,18.620001,REXX
Thu Jun 12 2014 00:00:00 GMT+0800 (China Standard Time),18.67,19.1,18.280001,18.58,799800,18.58,REXX
Fri Jun 13 2014 00:00:00 GMT+0800 (China Standard Time),18.59,18.92,18.35,18.85,452600,18.85,REXX
Mon Jun 16 2014 00:00:00 GMT+0800 (China Standard Time),18.84,18.9,18.49,18.52,455200,18.52,REXX
Tue Jun 17 2014 00:00:00 GMT+0800 (China Standard Time),18.43,18.610001,18.219999,18.4,476000,18.4,REXX
Wed Jun 18 2014 00:00:00 GMT+0800 (China Standard Time),18.41,18.67,18.059999,18.559999,879100,18.559999,REXX
Thu Jun 19 2014 00:00:00 GMT+0800 (China Standard Time),18.889999,19.24,18.700001,18.77,1183500,18.77,REXX
Fri Jun 20 2014 00:00:00 GMT+0800 (China Standard Time),18.879999,19.030001,18.440001,18.49,1038400,18.49,REXX
Mon Jun 23 2014 00:00:00 GMT+0800 (China Standard Time),18.629999,18.99,18.33,18.360001,837900,18.360001,REXX
Tue Jun 24 2014 00:00:00 GMT+0800 (China Standard Time),18.379999,18.610001,17.15,17.280001,1100000,17.280001,REXX
Wed Jun 25 2014 00:00:00 GMT+0800 (China Standard Time),17.07,17.780001,17.07,17.629999,626000,17.629999,REXX
Thu Jun 26 2014 00:00:00 GMT+0800 (China Standard Time),17.700001,17.799999,16.940001,17.16,846700,17.16,REXX
Fri Jun 27 2014 00:00:00 GMT+0800 (China Standard Time),17.040001,17.51,17.02,17.43,778700,17.43,REXX
Mon Jun 30 2014 00:00:00 GMT+0800 (China Standard Time),17.389999,17.73,17.290001,17.709999,540600,17.709999,REXX
Tue Jul 01 2014 00:00:00 GMT+0800 (China Standard Time),17.690001,17.84,17.459999,17.49,504800,17.49,REXX
Wed Jul 02 2014 00:00:00 GMT+0800 (China Standard Time),17.469999,17.629999,17.16,17.190001,489400,17.190001,REXX
Thu Jul 03 2014 00:00:00 GMT+0800 (China Standard Time),17.23,17.5,17.08,17.48,374000,17.48,REXX
Mon Jul 07 2014 00:00:00 GMT+0800 (China Standard Time),17.370001,17.370001,16.33,16.43,1210200,16.43,REXX
Tue Jul 08 2014 00:00:00 GMT+0800 (China Standard Time),16.33,16.549999,16,16.25,1000500,16.25,REXX
Wed Jul 09 2014 00:00:00 GMT+0800 (China Standard Time),16.27,16.6,16.17,16.58,858300,16.58,REXX
Thu Jul 10 2014 00:00:00 GMT+0800 (China Standard Time),16.24,16.32,15.92,16.07,920500,16.07,REXX
Fri Jul 11 2014 00:00:00 GMT+0800 (China Standard Time),15.98,16.07,15.34,15.44,1480100,15.44,REXX
Mon Jul 14 2014 00:00:00 GMT+0800 (China Standard Time),15.46,15.66,15.23,15.32,1119200,15.32,REXX
Tue Jul 15 2014 00:00:00 GMT+0800 (China Standard Time),15.17,15.3,14.72,14.75,1403800,14.75,REXX
Wed Jul 16 2014 00:00:00 GMT+0800 (China Standard Time),14.87,15.14,14.68,15.1,2229400,15.1,REXX
Thu Jul 17 2014 00:00:00 GMT+0800 (China Standard Time),15,15.22,14.55,14.67,1267100,14.67,REXX
Fri Jul 18 2014 00:00:00 GMT+0800 (China Standard Time),14.6,15.03,14.43,14.97,1149400,14.97,REXX
Mon Jul 21 2014 00:00:00 GMT+0800 (China Standard Time),14.96,15.07,14.72,14.86,1087800,14.86,REXX
Tue Jul 22 2014 00:00:00 GMT+0800 (China Standard Time),15.1,15.34,14.88,15.17,920600,15.17,REXX
Wed Jul 23 2014 00:00:00 GMT+0800 (China Standard Time),15.17,15.43,14.7,14.76,862200,14.76,REXX
Thu Jul 24 2014 00:00:00 GMT+0800 (China Standard Time),14.82,14.97,14.58,14.6,566000,14.6,REXX
Fri Jul 25 2014 00:00:00 GMT+0800 (China Standard Time),14.59,14.6,14.23,14.29,666100,14.29,REXX
Mon Jul 28 2014 00:00:00 GMT+0800 (China Standard Time),14.3,14.31,13.91,14.08,719900,14.08,REXX
Tue Jul 29 2014 00:00:00 GMT+0800 (China Standard Time),14.22,14.3,13.84,14.12,1267000,14.12,REXX
Wed Jul 30 2014 00:00:00 GMT+0800 (China Standard Time),14.15,14.25,13.92,14.07,817000,14.07,REXX
Thu Jul 31 2014 00:00:00 GMT+0800 (China Standard Time),13.95,14.04,13.48,13.79,1336500,13.79,REXX
Fri Aug 01 2014 00:00:00 GMT+0800 (China Standard Time),13.75,13.91,13.24,13.39,755200,13.39,REXX
Mon Aug 04 2014 00:00:00 GMT+0800 (China Standard Time),13.4,13.84,13.18,13.82,688600,13.82,REXX
Tue Aug 05 2014 00:00:00 GMT+0800 (China Standard Time),13.75,13.87,13.23,13.43,885000,13.43,REXX
Wed Aug 06 2014 00:00:00 GMT+0800 (China Standard Time),12.47,14.14,12.38,13.83,1079600,13.83,REXX
Thu Aug 07 2014 00:00:00 GMT+0800 (China Standard Time),13.84,14.15,13.38,13.54,1266700,13.54,REXX
Fri Aug 08 2014 00:00:00 GMT+0800 (China Standard Time),13.7,14.43,13.47,14.36,996300,14.36,REXX
Mon Aug 11 2014 00:00:00 GMT+0800 (China Standard Time),14.49,15.5,14.42,15.14,2563700,15.14,REXX
Tue Aug 12 2014 00:00:00 GMT+0800 (China Standard Time),15.05,15.11,14.25,14.38,855100,14.38,REXX
Wed Aug 13 2014 00:00:00 GMT+0800 (China Standard Time),13.76,14.16,13.76,13.88,2591900,13.88,REXX
Thu Aug 14 2014 00:00:00 GMT+0800 (China Standard Time),14.02,14.17,13.73,13.84,1304900,13.84,REXX
Fri Aug 15 2014 00:00:00 GMT+0800 (China Standard Time),14.01,14.17,13.82,14.15,909500,14.15,REXX
Mon Aug 18 2014 00:00:00 GMT+0800 (China Standard Time),14.25,14.4,13.91,14.03,426400,14.03,REXX
Tue Aug 19 2014 00:00:00 GMT+0800 (China Standard Time),14.15,14.83,14.14,14.55,1300400,14.55,REXX
Wed Aug 20 2014 00:00:00 GMT+0800 (China Standard Time),14.47,14.65,13.9,14.12,585700,14.12,REXX
Thu Aug 21 2014 00:00:00 GMT+0800 (China Standard Time),14.34,14.97,14.12,14.72,1047700,14.72,REXX
Fri Aug 22 2014 00:00:00 GMT+0800 (China Standard Time),14.75,14.93,14.35,14.45,724600,14.45,REXX
Mon Aug 25 2014 00:00:00 GMT+0800 (China Standard Time),14.54,14.88,14.46,14.85,529900,14.85,REXX
Tue Aug 26 2014 00:00:00 GMT+0800 (China Standard Time),15.25,15.62,15.01,15.05,985000,15.05,REXX
Wed Aug 27 2014 00:00:00 GMT+0800 (China Standard Time),15.12,15.31,15.05,15.17,679200,15.17,REXX
Thu Aug 28 2014 00:00:00 GMT+0800 (China Standard Time),15.1,15.33,15.02,15.12,384600,15.12,REXX
Fri Aug 29 2014 00:00:00 GMT+0800 (China Standard Time),15.11,15.29,15.03,15.28,512200,15.28,REXX
Tue Sep 02 2014 00:00:00 GMT+0800 (China Standard Time),15.4,15.44,14.86,14.95,586600,14.95,REXX
Wed Sep 03 2014 00:00:00 GMT+0800 (China Standard Time),15.08,15.25,15,15.02,388400,15.02,REXX
Thu Sep 04 2014 00:00:00 GMT+0800 (China Standard Time),15.02,15.26,14.44,14.57,697800,14.57,REXX
Fri Sep 05 2014 00:00:00 GMT+0800 (China Standard Time),14.58,15,14.56,14.98,934100,14.98,REXX
Mon Sep 08 2014 00:00:00 GMT+0800 (China Standard Time),14.88,14.91,14.36,14.58,574600,14.58,REXX
Tue Sep 09 2014 00:00:00 GMT+0800 (China Standard Time),14.6,14.79,14.11,14.27,915100,14.27,REXX
Wed Sep 10 2014 00:00:00 GMT+0800 (China Standard Time),14.2,14.4,13.93,14.34,958400,14.34,REXX
Thu Sep 11 2014 00:00:00 GMT+0800 (China Standard Time),14.17,14.67,13.93,14.55,596000,14.55,REXX
Fri Sep 12 2014 00:00:00 GMT+0800 (China Standard Time),14.48,14.6,14.3,14.43,657200,14.43,REXX
Mon Sep 15 2014 00:00:00 GMT+0800 (China Standard Time),14.42,14.9,14.05,14.84,951900,14.84,REXX
Tue Sep 16 2014 00:00:00 GMT+0800 (China Standard Time),14.72,15.27,14.71,15.21,1014900,15.21,REXX
Wed Sep 17 2014 00:00:00 GMT+0800 (China Standard Time),15.26,15.5,15.16,15.4,1477200,15.4,REXX
Thu Sep 18 2014 00:00:00 GMT+0800 (China Standard Time),15.41,15.45,14.95,15.19,1671500,15.19,REXX
Fri Sep 19 2014 00:00:00 GMT+0800 (China Standard Time),15.28,15.37,14.71,14.76,1622700,14.76,REXX
Mon Sep 22 2014 00:00:00 GMT+0800 (China Standard Time),14.66,14.71,13.56,13.9,2021900,13.9,REXX
Tue Sep 23 2014 00:00:00 GMT+0800 (China Standard Time),13.87,14.25,13.58,13.6,1046500,13.6,REXX
Wed Sep 24 2014 00:00:00 GMT+0800 (China Standard Time),13.6,14,13.18,13.71,1080300,13.71,REXX
Thu Sep 25 2014 00:00:00 GMT+0800 (China Standard Time),13.63,13.84,13.03,13.14,1365200,13.14,REXX
Fri Sep 26 2014 00:00:00 GMT+0800 (China Standard Time),13.19,13.45,12.95,13.35,1089300,13.35,REXX
Mon Sep 29 2014 00:00:00 GMT+0800 (China Standard Time),13.17,13.58,12.79,13.57,1257400,13.57,REXX
Tue Sep 30 2014 00:00:00 GMT+0800 (China Standard Time),13.54,13.9,12.59,12.67,1077600,12.67,REXX
Wed Oct 01 2014 00:00:00 GMT+0800 (China Standard Time),12.68,13.19,12.32,12.48,1410900,12.48,REXX
Thu Oct 02 2014 00:00:00 GMT+0800 (China Standard Time),12.38,12.54,11.63,12.26,1588700,12.26,REXX
Fri Oct 03 2014 00:00:00 GMT+0800 (China Standard Time),12.32,12.36,11.95,12.13,779700,12.13,REXX
Mon Oct 06 2014 00:00:00 GMT+0800 (China Standard Time),12.16,12.28,11.61,11.99,709600,11.99,REXX
Tue Oct 07 2014 00:00:00 GMT+0800 (China Standard Time),12.53,12.53,12.07,12.09,2699400,12.09,REXX
Wed Oct 08 2014 00:00:00 GMT+0800 (China Standard Time),12.02,12.17,11.25,11.66,8610000,11.66,REXX
Thu Oct 09 2014 00:00:00 GMT+0800 (China Standard Time),11.56,11.57,10.49,10.69,2096000,10.69,REXX
Fri Oct 10 2014 00:00:00 GMT+0800 (China Standard Time),10.7,10.87,10.03,10.19,2346500,10.19,REXX
Mon Oct 13 2014 00:00:00 GMT+0800 (China Standard Time),10.13,10.34,8.54,8.55,3267600,8.55,REXX
Tue Oct 14 2014 00:00:00 GMT+0800 (China Standard Time),8.84,9.25,7.79,8.09,3670000,8.09,REXX
Wed Oct 15 2014 00:00:00 GMT+0800 (China Standard Time),7.7,8.99,7.5,8.9,4295000,8.9,REXX
Thu Oct 16 2014 00:00:00 GMT+0800 (China Standard Time),8.46,9.72,8.35,9.22,2810400,9.22,REXX
Fri Oct 17 2014 00:00:00 GMT+0800 (China Standard Time),9.54,10.19,8.76,8.86,2050400,8.86,REXX
Mon Oct 20 2014 00:00:00 GMT+0800 (China Standard Time),9,9.2,8.33,8.56,1934100,8.56,REXX
Tue Oct 21 2014 00:00:00 GMT+0800 (China Standard Time),9.18,9.2,8.6,8.96,2229000,8.96,REXX
Wed Oct 22 2014 00:00:00 GMT+0800 (China Standard Time),8.98,9.1,8.39,8.4,2185800,8.4,REXX
Thu Oct 23 2014 00:00:00 GMT+0800 (China Standard Time),8.58,8.97,8.33,8.68,1063900,8.68,REXX
Fri Oct 24 2014 00:00:00 GMT+0800 (China Standard Time),8.59,8.77,8.04,8.31,1479300,8.31,REXX
Mon Oct 27 2014 00:00:00 GMT+0800 (China Standard Time),7.98,8.1,7.41,7.58,2818000,7.58,REXX
Tue Oct 28 2014 00:00:00 GMT+0800 (China Standard Time),7.72,7.85,7.5,7.72,1738900,7.72,REXX
Wed Oct 29 2014 00:00:00 GMT+0800 (China Standard Time),7.82,8.38,7.82,8.15,2294900,8.15,REXX
Thu Oct 30 2014 00:00:00 GMT+0800 (China Standard Time),7.98,8.12,7.47,7.65,1728200,7.65,REXX
Fri Oct 31 2014 00:00:00 GMT+0800 (China Standard Time),7.66,7.91,6.69,7.84,2154300,7.84,REXX
Mon Nov 03 2014 00:00:00 GMT+0800 (China Standard Time),7.9,8.17,7.58,7.79,2433500,7.79,REXX
Tue Nov 04 2014 00:00:00 GMT+0800 (China Standard Time),7.63,7.75,7.12,7.21,2934300,7.21,REXX
Wed Nov 05 2014 00:00:00 GMT+0800 (China Standard Time),6.77,7.46,6.76,7.45,2740400,7.45,REXX
Thu Nov 06 2014 00:00:00 GMT+0800 (China Standard Time),7.25,7.52,6.62,7.5,3832500,7.5,REXX
Fri Nov 07 2014 00:00:00 GMT+0800 (China Standard Time),7.47,8.27,7.38,8,3515700,8,REXX
Mon Nov 10 2014 00:00:00 GMT+0800 (China Standard Time),7.85,8.17,7.2,7.23,2480300,7.23,REXX
Tue Nov 11 2014 00:00:00 GMT+0800 (China Standard Time),7.25,7.85,7.09,7.56,1646300,7.56,REXX
Wed Nov 12 2014 00:00:00 GMT+0800 (China Standard Time),7.49,8.04,7.27,7.55,2619700,7.55,REXX
Thu Nov 13 2014 00:00:00 GMT+0800 (China Standard Time),7.51,7.6,7.04,7.29,2698800,7.29,REXX
Fri Nov 14 2014 00:00:00 GMT+0800 (China Standard Time),7.36,8.13,7.27,8.09,2609000,8.09,REXX
Mon Nov 17 2014 00:00:00 GMT+0800 (China Standard Time),7.99,7.99,7.31,7.34,2753000,7.34,REXX
Tue Nov 18 2014 00:00:00 GMT+0800 (China Standard Time),7.29,7.99,7.26,7.82,3591700,7.82,REXX
Wed Nov 19 2014 00:00:00 GMT+0800 (China Standard Time),7.82,7.94,7.52,7.66,2405300,7.66,REXX
Thu Nov 20 2014 00:00:00 GMT+0800 (China Standard Time),7.65,8.15,7.62,8.08,2142500,8.08,REXX
Fri Nov 21 2014 00:00:00 GMT+0800 (China Standard Time),8.34,8.73,8.21,8.37,2338200,8.37,REXX
Mon Nov 24 2014 00:00:00 GMT+0800 (China Standard Time),8.3,8.47,7.95,8.26,2872900,8.26,REXX
Tue Nov 25 2014 00:00:00 GMT+0800 (China Standard Time),8.63,9.4,8.31,8.84,5991000,8.84,REXX
Wed Nov 26 2014 00:00:00 GMT+0800 (China Standard Time),8.94,9.02,8.51,8.55,3606100,8.55,REXX
Fri Nov 28 2014 00:00:00 GMT+0800 (China Standard Time),7.99,8.21,7.01,7.02,3326400,7.02,REXX
Mon Dec 01 2014 00:00:00 GMT+0800 (China Standard Time),7,7.3,6.64,6.99,4965200,6.99,REXX
Tue Dec 02 2014 00:00:00 GMT+0800 (China Standard Time),6.79,7.32,6.66,6.84,3033400,6.84,REXX
Wed Dec 03 2014 00:00:00 GMT+0800 (China Standard Time),6.91,7.39,6.85,7.22,2992200,7.22,REXX
Thu Dec 04 2014 00:00:00 GMT+0800 (China Standard Time),7.15,7.16,6.68,6.76,3261800,6.76,REXX
Fri Dec 05 2014 00:00:00 GMT+0800 (China Standard Time),6.8,6.81,6.07,6.15,3497000,6.15,REXX
Mon Dec 08 2014 00:00:00 GMT+0800 (China Standard Time),5.95,5.96,5.02,5.03,3933600,5.03,REXX
Tue Dec 09 2014 00:00:00 GMT+0800 (China Standard Time),5,5.54,4.94,5.47,2919200,5.47,REXX
Wed Dec 10 2014 00:00:00 GMT+0800 (China Standard Time),5.29,5.29,4.99,5.25,3098300,5.25,REXX
Thu Dec 11 2014 00:00:00 GMT+0800 (China Standard Time),5.25,5.58,5.08,5.15,2287000,5.15,REXX
Fri Dec 12 2014 00:00:00 GMT+0800 (China Standard Time),5.03,5.2,4.66,5.18,3848500,5.18,REXX
Mon Dec 15 2014 00:00:00 GMT+0800 (China Standard Time),5.31,5.39,4.55,4.59,3964800,4.59,REXX
Tue Dec 16 2014 00:00:00 GMT+0800 (China Standard Time),4.55,5.38,4.5,5.19,3773000,5.19,REXX
Wed Dec 17 2014 00:00:00 GMT+0800 (China Standard Time),5.17,5.97,5.05,5.91,3668900,5.91,REXX
Thu Dec 18 2014 00:00:00 GMT+0800 (China Standard Time),6.3,6.57,5.75,6.02,4056500,6.02,REXX
Fri Dec 19 2014 00:00:00 GMT+0800 (China Standard Time),6.14,6.48,5.88,6.47,6409000,6.47,REXX
Mon Dec 22 2014 00:00:00 GMT+0800 (China Standard Time),6.38,6.57,5.44,5.53,3728700,5.53,REXX
Tue Dec 23 2014 00:00:00 GMT+0800 (China Standard Time),5.76,5.97,5.09,5.34,4342200,5.34,REXX
Wed Dec 24 2014 00:00:00 GMT+0800 (China Standard Time),5.15,5.29,4.97,5.17,1842300,5.17,REXX
Fri Dec 26 2014 00:00:00 GMT+0800 (China Standard Time),5.17,5.36,4.94,5.07,2020500,5.07,REXX
Mon Dec 29 2014 00:00:00 GMT+0800 (China Standard Time),5.09,5.29,5.01,5.24,2738400,5.24,REXX
Tue Dec 30 2014 00:00:00 GMT+0800 (China Standard Time),5.18,5.27,5,5.05,1802500,5.05,REXX
Wed Dec 31 2014 00:00:00 GMT+0800 (China Standard Time),5.05,5.14,4.64,5.1,3469000,5.1,REXX
Fri Jan 02 2015 00:00:00 GMT+0800 (China Standard Time),5.04,5.27,4.85,5.17,1924900,5.17,REXX
Mon Jan 05 2015 00:00:00 GMT+0800 (China Standard Time),5.11,5.11,4.66,4.73,3096200,4.73,REXX
Tue Jan 06 2015 00:00:00 GMT+0800 (China Standard Time),4.7,4.83,4.36,4.54,3413600,4.54,REXX
Wed Jan 07 2015 00:00:00 GMT+0800 (China Standard Time),4.72,4.75,4.27,4.34,2632800,4.34,REXX
Thu Jan 08 2015 00:00:00 GMT+0800 (China Standard Time),4.45,4.45,3.93,3.99,5740400,3.99,REXX
Fri Jan 09 2015 00:00:00 GMT+0800 (China Standard Time),3.97,3.97,3.62,3.68,3881200,3.68,REXX
Mon Jan 12 2015 00:00:00 GMT+0800 (China Standard Time),3.52,3.53,2.88,2.94,7940800,2.94,REXX
Tue Jan 13 2015 00:00:00 GMT+0800 (China Standard Time),2.94,3.03,2.73,2.73,4295400,2.73,REXX
Wed Jan 14 2015 00:00:00 GMT+0800 (China Standard Time),2.68,2.88,2.63,2.65,6159700,2.65,REXX
Thu Jan 15 2015 00:00:00 GMT+0800 (China Standard Time),2.75,2.85,2.6,2.61,5331100,2.61,REXX
Fri Jan 16 2015 00:00:00 GMT+0800 (China Standard Time),2.66,2.78,2.61,2.67,2414100,2.67,REXX
Tue Jan 20 2015 00:00:00 GMT+0800 (China Standard Time),2.75,2.8,2.47,2.5,3701800,2.5,REXX
Wed Jan 21 2015 00:00:00 GMT+0800 (China Standard Time),2.57,2.85,2.53,2.82,3918500,2.82,REXX
Thu Jan 22 2015 00:00:00 GMT+0800 (China Standard Time),2.88,2.95,2.67,2.83,2380100,2.83,REXX
Fri Jan 23 2015 00:00:00 GMT+0800 (China Standard Time),2.83,3.05,2.77,3.04,4087500,3.04,REXX
Mon Jan 26 2015 00:00:00 GMT+0800 (China Standard Time),3.05,3.31,2.92,3.16,3824800,3.16,REXX
Tue Jan 27 2015 00:00:00 GMT+0800 (China Standard Time),3.13,3.44,3.11,3.43,3906300,3.43,REXX
Wed Jan 28 2015 00:00:00 GMT+0800 (China Standard Time),3.5,3.5,3.08,3.11,4324800,3.11,REXX
Thu Jan 29 2015 00:00:00 GMT+0800 (China Standard Time),3.12,3.39,3.07,3.39,3735500,3.39,REXX
Fri Jan 30 2015 00:00:00 GMT+0800 (China Standard Time),3.32,3.6,3.25,3.54,4085000,3.54,REXX
Mon Feb 02 2015 00:00:00 GMT+0800 (China Standard Time),3.55,4.09,3.55,4.05,5667700,4.05,REXX
Tue Feb 03 2015 00:00:00 GMT+0800 (China Standard Time),4.21,5.05,4.15,5,8288200,5,REXX
Wed Feb 04 2015 00:00:00 GMT+0800 (China Standard Time),4.52,4.62,4.21,4.56,7160300,4.56,REXX
Thu Feb 05 2015 00:00:00 GMT+0800 (China Standard Time),4.83,4.98,4.7,4.77,4247200,4.77,REXX
Fri Feb 06 2015 00:00:00 GMT+0800 (China Standard Time),4.81,4.86,4.47,4.73,3934200,4.73,REXX
Mon Feb 09 2015 00:00:00 GMT+0800 (China Standard Time),4.75,5.24,4.75,4.92,4998200,4.92,REXX
Tue Feb 10 2015 00:00:00 GMT+0800 (China Standard Time),5,5,4.59,4.6,5405900,4.6,REXX
Wed Feb 11 2015 00:00:00 GMT+0800 (China Standard Time),4.48,4.74,4.11,4.71,4801100,4.71,REXX
Thu Feb 12 2015 00:00:00 GMT+0800 (China Standard Time),4.85,5.05,4.83,4.95,2995700,4.95,REXX
Fri Feb 13 2015 00:00:00 GMT+0800 (China Standard Time),5.18,5.2,4.96,5.08,3595300,5.08,REXX
Tue Feb 17 2015 00:00:00 GMT+0800 (China Standard Time),5.11,5.14,4.77,4.91,4050200,4.91,REXX
Wed Feb 18 2015 00:00:00 GMT+0800 (China Standard Time),4.78,4.91,4.59,4.69,3643400,4.69,REXX
Thu Feb 19 2015 00:00:00 GMT+0800 (China Standard Time),4.43,4.82,4.23,4.69,4660000,4.69,REXX
Fri Feb 20 2015 00:00:00 GMT+0800 (China Standard Time),4.66,5,4.6,4.87,3302400,4.87,REXX
Mon Feb 23 2015 00:00:00 GMT+0800 (China Standard Time),4.71,4.9,4.6,4.79,2479700,4.79,REXX
Tue Feb 24 2015 00:00:00 GMT+0800 (China Standard Time),4.83,4.88,4.56,4.65,2326300,4.65,REXX
Wed Feb 25 2015 00:00:00 GMT+0800 (China Standard Time),4.61,4.83,4.47,4.79,2845800,4.79,REXX
Thu Feb 26 2015 00:00:00 GMT+0800 (China Standard Time),4.77,4.98,4.6,4.94,2864700,4.94,REXX
Fri Feb 27 2015 00:00:00 GMT+0800 (China Standard Time),4.95,5.09,4.82,4.9,2523200,4.9,REXX
Mon Mar 02 2015 00:00:00 GMT+0800 (China Standard Time),4.83,5.04,4.71,4.91,2770500,4.91,REXX
Tue Mar 03 2015 00:00:00 GMT+0800 (China Standard Time),4.93,5.14,4.84,4.88,2730000,4.88,REXX
Wed Mar 04 2015 00:00:00 GMT+0800 (China Standard Time),4.9,4.99,4.71,4.93,2503900,4.93,REXX
Thu Mar 05 2015 00:00:00 GMT+0800 (China Standard Time),5,5,4.84,4.88,2127000,4.88,REXX
Fri Mar 06 2015 00:00:00 GMT+0800 (China Standard Time),4.93,4.94,4.64,4.65,2745900,4.65,REXX
Mon Mar 09 2015 00:00:00 GMT+0800 (China Standard Time),4.66,4.66,4.22,4.25,4234700,4.25,REXX
Tue Mar 10 2015 00:00:00 GMT+0800 (China Standard Time),4.09,4.13,3.94,3.95,2809900,3.95,REXX
Wed Mar 11 2015 00:00:00 GMT+0800 (China Standard Time),3.99,4.15,3.87,4.13,2384800,4.13,REXX
Thu Mar 12 2015 00:00:00 GMT+0800 (China Standard Time),4.16,4.2,4.03,4.11,1471000,4.11,REXX
Fri Mar 13 2015 00:00:00 GMT+0800 (China Standard Time),3.99,4.04,3.74,3.93,2316900,3.93,REXX
Mon Mar 16 2015 00:00:00 GMT+0800 (China Standard Time),3.88,4.03,3.57,4.03,2884000,4.03,REXX
Tue Mar 17 2015 00:00:00 GMT+0800 (China Standard Time),3.87,4.04,3.71,3.89,3291900,3.89,REXX
Wed Mar 18 2015 00:00:00 GMT+0800 (China Standard Time),3.81,4.29,3.73,4.27,2993300,4.27,REXX
Thu Mar 19 2015 00:00:00 GMT+0800 (China Standard Time),4.1,4.2,3.89,3.9,2479600,3.9,REXX
Fri Mar 20 2015 00:00:00 GMT+0800 (China Standard Time),4,4.13,3.79,3.85,7326800,3.85,REXX
Mon Mar 23 2015 00:00:00 GMT+0800 (China Standard Time),3.8,4.05,3.8,3.85,2547700,3.85,REXX
Tue Mar 24 2015 00:00:00 GMT+0800 (China Standard Time),3.92,4.02,3.84,4,1548200,4,REXX
Wed Mar 25 2015 00:00:00 GMT+0800 (China Standard Time),3.99,4.32,3.96,4.16,2867500,4.16,REXX
Thu Mar 26 2015 00:00:00 GMT+0800 (China Standard Time),4.36,4.48,4.11,4.21,2473900,4.21,REXX
Fri Mar 27 2015 00:00:00 GMT+0800 (China Standard Time),4.17,4.17,3.78,3.86,3650700,3.86,REXX
Mon Mar 30 2015 00:00:00 GMT+0800 (China Standard Time),3.91,3.94,3.73,3.85,1777000,3.85,REXX
Tue Mar 31 2015 00:00:00 GMT+0800 (China Standard Time),4.01,4.01,3.66,3.72,4139600,3.72,REXX
Wed Apr 01 2015 00:00:00 GMT+0800 (China Standard Time),3.71,3.79,3.63,3.7,4217200,3.7,REXX
Thu Apr 02 2015 00:00:00 GMT+0800 (China Standard Time),3.67,3.94,3.62,3.85,4413600,3.85,REXX
Mon Apr 06 2015 00:00:00 GMT+0800 (China Standard Time),3.88,4.42,3.88,4.38,4637700,4.38,REXX
Tue Apr 07 2015 00:00:00 GMT+0800 (China Standard Time),4.23,4.64,4.12,4.43,2290800,4.43,REXX
Wed Apr 08 2015 00:00:00 GMT+0800 (China Standard Time),4.45,4.57,4.21,4.24,1582000,4.24,REXX
Thu Apr 09 2015 00:00:00 GMT+0800 (China Standard Time),4.25,4.47,4.17,4.45,1269600,4.45,REXX
Fri Apr 10 2015 00:00:00 GMT+0800 (China Standard Time),4.48,4.53,4.28,4.32,1462800,4.32,REXX
Mon Apr 13 2015 00:00:00 GMT+0800 (China Standard Time),4.39,4.45,4.24,4.39,1395700,4.39,REXX
Tue Apr 14 2015 00:00:00 GMT+0800 (China Standard Time),4.43,4.6,4.4,4.49,1846600,4.49,REXX
Wed Apr 15 2015 00:00:00 GMT+0800 (China Standard Time),4.6,5.08,4.56,4.81,3971100,4.81,REXX
Thu Apr 16 2015 00:00:00 GMT+0800 (China Standard Time),4.82,5.04,4.71,4.98,2935600,4.98,REXX
Fri Apr 17 2015 00:00:00 GMT+0800 (China Standard Time),4.91,5.06,4.9,4.97,2990700,4.97,REXX
Mon Apr 20 2015 00:00:00 GMT+0800 (China Standard Time),4.99,5.07,4.92,4.94,2303300,4.94,REXX
Tue Apr 21 2015 00:00:00 GMT+0800 (China Standard Time),4.97,5.02,4.7,4.81,2603100,4.81,REXX
Wed Apr 22 2015 00:00:00 GMT+0800 (China Standard Time),4.8,4.91,4.74,4.77,2378100,4.77,REXX
Thu Apr 23 2015 00:00:00 GMT+0800 (China Standard Time),4.8,4.98,4.8,4.81,1574100,4.81,REXX
Fri Apr 24 2015 00:00:00 GMT+0800 (China Standard Time),4.8,4.94,4.68,4.74,2480200,4.74,REXX
Mon Apr 27 2015 00:00:00 GMT+0800 (China Standard Time),4.77,4.8,4.51,4.65,1702600,4.65,REXX
Tue Apr 28 2015 00:00:00 GMT+0800 (China Standard Time),4.64,4.76,4.57,4.74,1295400,4.74,REXX
Wed Apr 29 2015 00:00:00 GMT+0800 (China Standard Time),4.73,5.07,4.66,4.97,2377800,4.97,REXX
Thu Apr 30 2015 00:00:00 GMT+0800 (China Standard Time),5.01,5.19,4.8,5,3255600,5,REXX
Fri May 01 2015 00:00:00 GMT+0800 (China Standard Time),5,5.08,4.87,4.97,1706100,4.97,REXX
Mon May 04 2015 00:00:00 GMT+0800 (China Standard Time),4.97,5.13,4.9,5.12,2380300,5.12,REXX
Tue May 05 2015 00:00:00 GMT+0800 (China Standard Time),5.23,5.39,4.88,4.94,4048900,4.94,REXX
Wed May 06 2015 00:00:00 GMT+0800 (China Standard Time),5.21,5.37,4.97,5.29,3113900,5.29,REXX
Thu May 07 2015 00:00:00 GMT+0800 (China Standard Time),5.28,5.28,4.97,5.06,3047100,5.06,REXX
Fri May 08 2015 00:00:00 GMT+0800 (China Standard Time),5.12,5.47,5,5.36,2966900,5.36,REXX
Mon May 11 2015 00:00:00 GMT+0800 (China Standard Time),5.4,5.58,5.34,5.37,1983300,5.37,REXX
Tue May 12 2015 00:00:00 GMT+0800 (China Standard Time),5.41,5.72,5.36,5.71,2547100,5.71,REXX
Wed May 13 2015 00:00:00 GMT+0800 (China Standard Time),5.72,5.74,5.37,5.52,2629500,5.52,REXX
Thu May 14 2015 00:00:00 GMT+0800 (China Standard Time),5.55,5.55,5.26,5.3,2325700,5.3,REXX
Fri May 15 2015 00:00:00 GMT+0800 (China Standard Time),5.33,5.47,5.14,5.32,2360900,5.32,REXX
Mon May 18 2015 00:00:00 GMT+0800 (China Standard Time),5.32,5.38,5.09,5.24,2008000,5.24,REXX
Tue May 19 2015 00:00:00 GMT+0800 (China Standard Time),5.21,5.28,5.13,5.21,2669700,5.21,REXX
Wed May 20 2015 00:00:00 GMT+0800 (China Standard Time),5.25,5.33,5.13,5.31,1889300,5.31,REXX
Thu May 21 2015 00:00:00 GMT+0800 (China Standard Time),5.36,5.57,5.31,5.48,1528300,5.48,REXX
Fri May 22 2015 00:00:00 GMT+0800 (China Standard Time),5.47,5.6,5.31,5.41,1314400,5.41,REXX
Tue May 26 2015 00:00:00 GMT+0800 (China Standard Time),5.26,5.37,5.14,5.32,1554700,5.32,REXX
Wed May 27 2015 00:00:00 GMT+0800 (China Standard Time),5.34,5.34,5.13,5.17,1396000,5.17,REXX
Thu May 28 2015 00:00:00 GMT+0800 (China Standard Time),5.13,5.14,4.91,4.99,2715800,4.99,REXX
Fri May 29 2015 00:00:00 GMT+0800 (China Standard Time),5,5.23,4.86,5.02,1768700,5.02,REXX
Mon Jun 01 2015 00:00:00 GMT+0800 (China Standard Time),5.03,5.04,4.85,4.86,1939000,4.86,REXX
Tue Jun 02 2015 00:00:00 GMT+0800 (China Standard Time),4.89,5.09,4.85,5.07,1338200,5.07,REXX
Wed Jun 03 2015 00:00:00 GMT+0800 (China Standard Time),5,5.23,4.97,5.21,1937000,5.21,REXX
Thu Jun 04 2015 00:00:00 GMT+0800 (China Standard Time),5.14,5.22,4.9,5.05,1927500,5.05,REXX
Fri Jun 05 2015 00:00:00 GMT+0800 (China Standard Time),5.01,5.27,4.98,5.12,1119200,5.12,REXX
Mon Jun 08 2015 00:00:00 GMT+0800 (China Standard Time),5.12,5.2,4.91,5.03,1321100,5.03,REXX
Tue Jun 09 2015 00:00:00 GMT+0800 (China Standard Time),5.1,5.17,4.95,4.97,1317900,4.97,REXX
Wed Jun 10 2015 00:00:00 GMT+0800 (China Standard Time),5.06,5.14,4.93,5.08,1817800,5.08,REXX
Thu Jun 11 2015 00:00:00 GMT+0800 (China Standard Time),5.06,5.09,4.72,4.78,2428900,4.78,REXX
Fri Jun 12 2015 00:00:00 GMT+0800 (China Standard Time),4.77,4.77,4.59,4.64,1143600,4.64,REXX
Mon Jun 15 2015 00:00:00 GMT+0800 (China Standard Time),4.54,4.68,4.34,4.6,2255000,4.6,REXX
Tue Jun 16 2015 00:00:00 GMT+0800 (China Standard Time),4.58,4.64,4.51,4.63,2506700,4.63,REXX
Wed Jun 17 2015 00:00:00 GMT+0800 (China Standard Time),4.76,5.22,4.74,4.96,4874900,4.96,REXX
Thu Jun 18 2015 00:00:00 GMT+0800 (China Standard Time),4.96,5.22,4.95,4.99,3956100,4.99,REXX
Fri Jun 19 2015 00:00:00 GMT+0800 (China Standard Time),5.18,5.18,4.91,5.01,10154400,5.01,REXX
Mon Jun 22 2015 00:00:00 GMT+0800 (China Standard Time),4.99,5.05,4.88,4.96,2237100,4.96,REXX
Tue Jun 23 2015 00:00:00 GMT+0800 (China Standard Time),4.98,5.31,4.96,5.21,3167800,5.21,REXX
Wed Jun 24 2015 00:00:00 GMT+0800 (China Standard Time),5.18,5.34,5.1,5.26,1696800,5.26,REXX
Thu Jun 25 2015 00:00:00 GMT+0800 (China Standard Time),5.25,5.48,5.2,5.42,2800700,5.42,REXX
Fri Jun 26 2015 00:00:00 GMT+0800 (China Standard Time),5.41,5.51,5.31,5.5,4040400,5.5,REXX
Mon Jun 29 2015 00:00:00 GMT+0800 (China Standard Time),5.36,5.49,5.3,5.4,3733100,5.4,REXX
Tue Jun 30 2015 00:00:00 GMT+0800 (China Standard Time),5.45,5.59,5.42,5.59,3814900,5.59,REXX
Wed Jul 01 2015 00:00:00 GMT+0800 (China Standard Time),5.6,5.6,5.03,5.05,3087000,5.05,REXX
Thu Jul 02 2015 00:00:00 GMT+0800 (China Standard Time),5.09,5.2,4.89,5.01,2550600,5.01,REXX
Mon Jul 06 2015 00:00:00 GMT+0800 (China Standard Time),4.81,4.82,4.42,4.42,3442800,4.42,REXX
Tue Jul 07 2015 00:00:00 GMT+0800 (China Standard Time),4.37,4.43,3.88,4.26,6643700,4.26,REXX
Wed Jul 08 2015 00:00:00 GMT+0800 (China Standard Time),4.14,4.16,3.76,3.78,4952900,3.78,REXX
Thu Jul 09 2015 00:00:00 GMT+0800 (China Standard Time),3.9,4.02,3.77,3.84,3200700,3.84,REXX
Fri Jul 10 2015 00:00:00 GMT+0800 (China Standard Time),3.85,3.9,3.65,3.7,4616500,3.7,REXX
Mon Jul 13 2015 00:00:00 GMT+0800 (China Standard Time),3.71,3.77,3.65,3.67,3106900,3.67,REXX
Tue Jul 14 2015 00:00:00 GMT+0800 (China Standard Time),3.67,3.82,3.52,3.76,4563800,3.76,REXX
Wed Jul 15 2015 00:00:00 GMT+0800 (China Standard Time),3.79,3.8,3.52,3.55,3978400,3.55,REXX
Thu Jul 16 2015 00:00:00 GMT+0800 (China Standard Time),3.58,3.63,3.46,3.5,2326800,3.5,REXX
Fri Jul 17 2015 00:00:00 GMT+0800 (China Standard Time),3.51,3.51,3.29,3.4,2586400,3.4,REXX
Mon Jul 20 2015 00:00:00 GMT+0800 (China Standard Time),3.36,3.41,3.24,3.25,2745800,3.25,REXX
Tue Jul 21 2015 00:00:00 GMT+0800 (China Standard Time),3.28,3.43,3.23,3.27,3569900,3.27,REXX
Wed Jul 22 2015 00:00:00 GMT+0800 (China Standard Time),3.13,3.13,2.63,2.63,7059000,2.63,REXX
Thu Jul 23 2015 00:00:00 GMT+0800 (China Standard Time),2.68,2.73,2.51,2.6,3436800,2.6,REXX
Fri Jul 24 2015 00:00:00 GMT+0800 (China Standard Time),2.64,2.64,2.25,2.31,4233200,2.31,REXX
Mon Jul 27 2015 00:00:00 GMT+0800 (China Standard Time),2.26,2.29,2.15,2.25,1751800,2.25,REXX
Tue Jul 28 2015 00:00:00 GMT+0800 (China Standard Time),2.27,2.46,2.15,2.43,3227700,2.43,REXX
Wed Jul 29 2015 00:00:00 GMT+0800 (China Standard Time),2.39,2.6,2.33,2.45,3695900,2.45,REXX
Thu Jul 30 2015 00:00:00 GMT+0800 (China Standard Time),2.42,2.49,2.23,2.24,2006600,2.24,REXX
Fri Jul 31 2015 00:00:00 GMT+0800 (China Standard Time),2.34,2.34,2.19,2.24,1401900,2.24,REXX
Mon Aug 03 2015 00:00:00 GMT+0800 (China Standard Time),2.2,2.37,2.09,2.29,3173500,2.29,REXX
Tue Aug 04 2015 00:00:00 GMT+0800 (China Standard Time),2.32,2.32,1.93,1.98,3750000,1.98,REXX
Wed Aug 05 2015 00:00:00 GMT+0800 (China Standard Time),2.02,2.23,2,2.02,2397000,2.02,REXX
Thu Aug 06 2015 00:00:00 GMT+0800 (China Standard Time),2,2.27,1.85,2.25,2400300,2.25,REXX
Fri Aug 07 2015 00:00:00 GMT+0800 (China Standard Time),2.24,2.88,2.24,2.28,3230800,2.28,REXX
Mon Aug 10 2015 00:00:00 GMT+0800 (China Standard Time),2.28,2.57,2.26,2.55,2502300,2.55,REXX
Tue Aug 11 2015 00:00:00 GMT+0800 (China Standard Time),2.5,2.64,2.35,2.57,2394300,2.57,REXX
Wed Aug 12 2015 00:00:00 GMT+0800 (China Standard Time),2.52,3.04,2.5,3,4004800,3,REXX
Thu Aug 13 2015 00:00:00 GMT+0800 (China Standard Time),3,3.06,2.86,2.93,1711200,2.93,REXX
Fri Aug 14 2015 00:00:00 GMT+0800 (China Standard Time),2.93,3.74,2.93,3.35,3079300,3.35,REXX
Mon Aug 17 2015 00:00:00 GMT+0800 (China Standard Time),3.29,3.54,3.21,3.38,1771000,3.38,REXX
Tue Aug 18 2015 00:00:00 GMT+0800 (China Standard Time),3.34,3.53,3.31,3.48,1379600,3.48,REXX
Wed Aug 19 2015 00:00:00 GMT+0800 (China Standard Time),3.37,3.6,3.09,3.19,1983700,3.19,REXX
Thu Aug 20 2015 00:00:00 GMT+0800 (China Standard Time),3.19,3.3,3.07,3.13,1003000,3.13,REXX
Fri Aug 21 2015 00:00:00 GMT+0800 (China Standard Time),3.06,3.1,2.75,2.76,1553800,2.76,REXX
Mon Aug 24 2015 00:00:00 GMT+0800 (China Standard Time),2.47,2.81,2.4,2.57,3046700,2.57,REXX
Tue Aug 25 2015 00:00:00 GMT+0800 (China Standard Time),2.82,2.85,2.46,2.47,1452100,2.47,REXX
Wed Aug 26 2015 00:00:00 GMT+0800 (China Standard Time),2.7,2.75,2.43,2.59,2986700,2.59,REXX
Thu Aug 27 2015 00:00:00 GMT+0800 (China Standard Time),2.77,2.89,2.66,2.77,2656300,2.77,REXX
Fri Aug 28 2015 00:00:00 GMT+0800 (China Standard Time),2.75,3.26,2.74,3.11,3102400,3.11,REXX
Mon Aug 31 2015 00:00:00 GMT+0800 (China Standard Time),3,3.48,2.86,3.45,3298200,3.45,REXX
Tue Sep 01 2015 00:00:00 GMT+0800 (China Standard Time),3.36,3.48,3.1,3.12,2135800,3.12,REXX
Wed Sep 02 2015 00:00:00 GMT+0800 (China Standard Time),3.2,3.25,2.95,3.18,1869500,3.18,REXX
Thu Sep 03 2015 00:00:00 GMT+0800 (China Standard Time),3.21,3.31,3.1,3.12,1510900,3.12,REXX
Fri Sep 04 2015 00:00:00 GMT+0800 (China Standard Time),3.01,3.09,2.98,2.99,832500,2.99,REXX
Tue Sep 08 2015 00:00:00 GMT+0800 (China Standard Time),3.02,3.11,2.93,2.98,950000,2.98,REXX
Wed Sep 09 2015 00:00:00 GMT+0800 (China Standard Time),2.98,3.09,2.85,2.85,1451400,2.85,REXX
Thu Sep 10 2015 00:00:00 GMT+0800 (China Standard Time),2.85,2.95,2.68,2.69,1536500,2.69,REXX
Fri Sep 11 2015 00:00:00 GMT+0800 (China Standard Time),2.65,2.66,2.5,2.5,1473200,2.5,REXX
Mon Sep 14 2015 00:00:00 GMT+0800 (China Standard Time),2.46,2.51,2.31,2.34,1628700,2.34,REXX
Tue Sep 15 2015 00:00:00 GMT+0800 (China Standard Time),2.33,2.47,2.3,2.33,929100,2.33,REXX
Wed Sep 16 2015 00:00:00 GMT+0800 (China Standard Time),2.39,2.69,2.37,2.64,2679600,2.64,REXX
Thu Sep 17 2015 00:00:00 GMT+0800 (China Standard Time),2.66,2.74,2.57,2.62,2009200,2.62,REXX
Fri Sep 18 2015 00:00:00 GMT+0800 (China Standard Time),2.46,2.58,2.44,2.53,3720000,2.53,REXX
Mon Sep 21 2015 00:00:00 GMT+0800 (China Standard Time),2.6,2.6,2.38,2.42,1421200,2.42,REXX
Tue Sep 22 2015 00:00:00 GMT+0800 (China Standard Time),2.35,2.51,2.31,2.32,1305800,2.32,REXX
Wed Sep 23 2015 00:00:00 GMT+0800 (China Standard Time),2.34,2.39,2.13,2.16,1638200,2.16,REXX
Thu Sep 24 2015 00:00:00 GMT+0800 (China Standard Time),2.14,2.19,2.05,2.17,2130000,2.17,REXX
Fri Sep 25 2015 00:00:00 GMT+0800 (China Standard Time),2.21,2.25,2.05,2.19,1763900,2.19,REXX
Mon Sep 28 2015 00:00:00 GMT+0800 (China Standard Time),2.15,2.22,2.02,2.03,1284900,2.03,REXX
Tue Sep 29 2015 00:00:00 GMT+0800 (China Standard Time),2.04,2.17,2,2.03,1589500,2.03,REXX
Wed Sep 30 2015 00:00:00 GMT+0800 (China Standard Time),2.07,2.12,1.96,2.07,3723700,2.07,REXX
Thu Oct 01 2015 00:00:00 GMT+0800 (China Standard Time),2.13,2.28,2.12,2.17,1259100,2.17,REXX
Fri Oct 02 2015 00:00:00 GMT+0800 (China Standard Time),2.24,2.48,2.15,2.48,1891300,2.48,REXX
Mon Oct 05 2015 00:00:00 GMT+0800 (China Standard Time),2.54,2.74,2.53,2.64,2334800,2.64,REXX
Tue Oct 06 2015 00:00:00 GMT+0800 (China Standard Time),2.67,3.12,2.62,3.12,3371400,3.12,REXX
Wed Oct 07 2015 00:00:00 GMT+0800 (China Standard Time),3.16,3.34,2.69,3.19,3698200,3.19,REXX
Thu Oct 08 2015 00:00:00 GMT+0800 (China Standard Time),3.15,3.19,2.88,3.1,2160200,3.1,REXX
Fri Oct 09 2015 00:00:00 GMT+0800 (China Standard Time),3.1,3.15,2.93,2.95,1783200,2.95,REXX
Mon Oct 12 2015 00:00:00 GMT+0800 (China Standard Time),2.96,3.05,2.69,2.7,1903000,2.7,REXX
Tue Oct 13 2015 00:00:00 GMT+0800 (China Standard Time),2.67,2.85,2.51,2.52,1873600,2.52,REXX
Wed Oct 14 2015 00:00:00 GMT+0800 (China Standard Time),2.5,2.58,2.45,2.52,2311900,2.52,REXX
Thu Oct 15 2015 00:00:00 GMT+0800 (China Standard Time),2.49,2.72,2.45,2.7,1569300,2.7,REXX
Fri Oct 16 2015 00:00:00 GMT+0800 (China Standard Time),2.7,2.79,2.59,2.73,1426600,2.73,REXX
Mon Oct 19 2015 00:00:00 GMT+0800 (China Standard Time),2.63,2.7,2.56,2.59,1664700,2.59,REXX
Tue Oct 20 2015 00:00:00 GMT+0800 (China Standard Time),2.58,2.77,2.57,2.72,1328100,2.72,REXX
Wed Oct 21 2015 00:00:00 GMT+0800 (China Standard Time),2.68,2.69,2.48,2.48,1563400,2.48,REXX
Thu Oct 22 2015 00:00:00 GMT+0800 (China Standard Time),2.52,2.57,2.3,2.4,1753100,2.4,REXX
Fri Oct 23 2015 00:00:00 GMT+0800 (China Standard Time),2.4,2.4,2.22,2.28,1686600,2.28,REXX
Mon Oct 26 2015 00:00:00 GMT+0800 (China Standard Time),2.24,2.29,2.1,2.1,2454600,2.1,REXX
Tue Oct 27 2015 00:00:00 GMT+0800 (China Standard Time),2.12,2.15,1.98,2.05,2380400,2.05,REXX
Wed Oct 28 2015 00:00:00 GMT+0800 (China Standard Time),2.1,2.29,2.05,2.22,1892400,2.22,REXX
Thu Oct 29 2015 00:00:00 GMT+0800 (China Standard Time),2.24,2.38,2.14,2.19,1272900,2.19,REXX
Fri Oct 30 2015 00:00:00 GMT+0800 (China Standard Time),2.15,2.29,2.04,2.26,1509600,2.26,REXX
Mon Nov 02 2015 00:00:00 GMT+0800 (China Standard Time),2.21,2.52,2.2,2.52,1802400,2.52,REXX
Tue Nov 03 2015 00:00:00 GMT+0800 (China Standard Time),2.55,2.68,2.44,2.52,2795900,2.52,REXX
Wed Nov 04 2015 00:00:00 GMT+0800 (China Standard Time),2.57,2.75,2.46,2.6,2076200,2.6,REXX
Thu Nov 05 2015 00:00:00 GMT+0800 (China Standard Time),2.56,2.68,2.48,2.5,1265800,2.5,REXX
Fri Nov 06 2015 00:00:00 GMT+0800 (China Standard Time),2.42,2.59,2.4,2.46,1183300,2.46,REXX
Mon Nov 09 2015 00:00:00 GMT+0800 (China Standard Time),2.47,2.59,2.37,2.47,1288200,2.47,REXX
Tue Nov 10 2015 00:00:00 GMT+0800 (China Standard Time),2.55,2.55,2.22,2.32,2039500,2.32,REXX
Wed Nov 11 2015 00:00:00 GMT+0800 (China Standard Time),2.29,2.29,2.14,2.18,2272000,2.18,REXX
Thu Nov 12 2015 00:00:00 GMT+0800 (China Standard Time),2.18,2.2,2.03,2.09,2140300,2.09,REXX
Fri Nov 13 2015 00:00:00 GMT+0800 (China Standard Time),2.07,2.21,2,2.07,3260500,2.07,REXX
Mon Nov 16 2015 00:00:00 GMT+0800 (China Standard Time),2.09,2.29,2.04,2.26,1772200,2.26,REXX
Tue Nov 17 2015 00:00:00 GMT+0800 (China Standard Time),2.09,2.26,2.09,2.11,1382100,2.11,REXX
Wed Nov 18 2015 00:00:00 GMT+0800 (China Standard Time),2.14,2.29,2.04,2.13,1456700,2.13,REXX
Thu Nov 19 2015 00:00:00 GMT+0800 (China Standard Time),2.13,2.13,2,2.08,2278800,2.08,REXX
Fri Nov 20 2015 00:00:00 GMT+0800 (China Standard Time),2.07,2.13,1.87,1.9,2645500,1.9,REXX
Mon Nov 23 2015 00:00:00 GMT+0800 (China Standard Time),1.96,1.96,1.5,1.51,4102500,1.51,REXX
Tue Nov 24 2015 00:00:00 GMT+0800 (China Standard Time),1.55,1.75,1.55,1.75,2899700,1.75,REXX
Wed Nov 25 2015 00:00:00 GMT+0800 (China Standard Time),1.79,1.79,1.61,1.61,1824400,1.61,REXX
Fri Nov 27 2015 00:00:00 GMT+0800 (China Standard Time),1.61,1.62,1.51,1.51,1192600,1.51,REXX
Mon Nov 30 2015 00:00:00 GMT+0800 (China Standard Time),1.57,1.62,1.36,1.37,2670000,1.37,REXX
Tue Dec 01 2015 00:00:00 GMT+0800 (China Standard Time),1.28,1.33,1.06,1.13,4157400,1.13,REXX
Wed Dec 02 2015 00:00:00 GMT+0800 (China Standard Time),1.17,1.23,1.09,1.15,3753200,1.15,REXX
Thu Dec 03 2015 00:00:00 GMT+0800 (China Standard Time),1.19,1.28,1.15,1.21,1851200,1.21,REXX
Fri Dec 04 2015 00:00:00 GMT+0800 (China Standard Time),1.2,1.24,1.07,1.07,2299100,1.07,REXX
Mon Dec 07 2015 00:00:00 GMT+0800 (China Standard Time),1.03,1.1,0.93,1.03,3221700,1.03,REXX
Tue Dec 08 2015 00:00:00 GMT+0800 (China Standard Time),1.01,1.04,0.98,0.99,1549900,0.99,REXX
Wed Dec 09 2015 00:00:00 GMT+0800 (China Standard Time),1.01,1.1,0.96,1.03,1247700,1.03,REXX
Thu Dec 10 2015 00:00:00 GMT+0800 (China Standard Time),1.02,1.05,0.98,1.05,1131700,1.05,REXX
Fri Dec 11 2015 00:00:00 GMT+0800 (China Standard Time),1.04,1.05,0.97,0.98,1597500,0.98,REXX
Mon Dec 14 2015 00:00:00 GMT+0800 (China Standard Time),0.98,1.01,0.89,0.92,2408400,0.92,REXX
Tue Dec 15 2015 00:00:00 GMT+0800 (China Standard Time),0.95,1.08,0.95,1.05,2516200,1.05,REXX
Wed Dec 16 2015 00:00:00 GMT+0800 (China Standard Time),1.05,1.07,0.95,1,1929700,1,REXX
Thu Dec 17 2015 00:00:00 GMT+0800 (China Standard Time),1,1.18,1,1.06,3132200,1.06,REXX
Fri Dec 18 2015 00:00:00 GMT+0800 (China Standard Time),1.08,1.15,1.01,1.15,7772200,1.15,REXX
Mon Dec 21 2015 00:00:00 GMT+0800 (China Standard Time),1.13,1.21,1.02,1.15,3038900,1.15,REXX
Tue Dec 22 2015 00:00:00 GMT+0800 (China Standard Time),1.03,1.12,1.02,1.06,2613100,1.06,REXX
Wed Dec 23 2015 00:00:00 GMT+0800 (China Standard Time),1.14,1.14,1.04,1.06,3898000,1.06,REXX
Thu Dec 24 2015 00:00:00 GMT+0800 (China Standard Time),1.11,1.11,1.03,1.03,1175500,1.03,REXX
Mon Dec 28 2015 00:00:00 GMT+0800 (China Standard Time),1.02,1.05,0.92,0.92,2509000,0.92,REXX
Tue Dec 29 2015 00:00:00 GMT+0800 (China Standard Time),0.96,1.07,0.91,1.06,2242000,1.06,REXX
Wed Dec 30 2015 00:00:00 GMT+0800 (China Standard Time),1.05,1.05,0.94,0.94,1547800,0.94,REXX
Thu Dec 31 2015 00:00:00 GMT+0800 (China Standard Time),0.93,1.15,0.93,1.05,2777300,1.05,REXX
Mon Jan 04 2016 00:00:00 GMT+0800 (China Standard Time),1.05,1.09,0.98,1.01,2114500,1.01,REXX
Tue Jan 05 2016 00:00:00 GMT+0800 (China Standard Time),1,1.02,0.95,0.96,1982900,0.96,REXX
Wed Jan 06 2016 00:00:00 GMT+0800 (China Standard Time),0.93,0.98,0.83,0.87,2297600,0.87,REXX
Thu Jan 07 2016 00:00:00 GMT+0800 (China Standard Time),0.86,0.97,0.84,0.94,1340600,0.94,REXX
Fri Jan 08 2016 00:00:00 GMT+0800 (China Standard Time),0.95,1.01,0.92,1.01,3061100,1.01,REXX
Mon Jan 11 2016 00:00:00 GMT+0800 (China Standard Time),0.98,1,0.81,0.81,2293000,0.81,REXX
Tue Jan 12 2016 00:00:00 GMT+0800 (China Standard Time),0.85,0.86,0.75,0.75,1987200,0.75,REXX
Wed Jan 13 2016 00:00:00 GMT+0800 (China Standard Time),0.74,0.8,0.66,0.66,3331000,0.66,REXX
Thu Jan 14 2016 00:00:00 GMT+0800 (China Standard Time),0.72,0.94,0.68,0.85,2984800,0.85,REXX
Fri Jan 15 2016 00:00:00 GMT+0800 (China Standard Time),0.78,0.83,0.7,0.72,1626200,0.72,REXX
Tue Jan 19 2016 00:00:00 GMT+0800 (China Standard Time),0.74,0.75,0.56,0.57,2375800,0.57,REXX
Wed Jan 20 2016 00:00:00 GMT+0800 (China Standard Time),0.55,0.95,0.51,0.83,3205300,0.83,REXX
Thu Jan 21 2016 00:00:00 GMT+0800 (China Standard Time),0.8,0.81,0.66,0.75,2917700,0.75,REXX
Fri Jan 22 2016 00:00:00 GMT+0800 (China Standard Time),0.77,0.81,0.7,0.78,2407400,0.78,REXX
Mon Jan 25 2016 00:00:00 GMT+0800 (China Standard Time),0.74,0.8,0.54,0.56,5562000,0.56,REXX
Tue Jan 26 2016 00:00:00 GMT+0800 (China Standard Time),0.6,0.73,0.53,0.67,7797600,0.67,REXX
Wed Jan 27 2016 00:00:00 GMT+0800 (China Standard Time),0.63,0.76,0.61,0.7,1519200,0.7,REXX
Thu Jan 28 2016 00:00:00 GMT+0800 (China Standard Time),0.75,0.76,0.68,0.73,2188000,0.73,REXX
Fri Jan 29 2016 00:00:00 GMT+0800 (China Standard Time),0.74,0.76,0.68,0.74,2115400,0.74,REXX
Mon Feb 01 2016 00:00:00 GMT+0800 (China Standard Time),0.68,0.75,0.65,0.68,1456500,0.68,REXX
Tue Feb 02 2016 00:00:00 GMT+0800 (China Standard Time),0.65,0.67,0.55,0.55,2084900,0.55,REXX
Wed Feb 03 2016 00:00:00 GMT+0800 (China Standard Time),0.62,0.65,0.57,0.62,3454200,0.62,REXX
Thu Feb 04 2016 00:00:00 GMT+0800 (China Standard Time),0.65,0.65,0.55,0.58,2404000,0.58,REXX
Fri Feb 05 2016 00:00:00 GMT+0800 (China Standard Time),0.58,0.6,0.54,0.54,1223200,0.54,REXX
Mon Feb 08 2016 00:00:00 GMT+0800 (China Standard Time),0.54,0.58,0.49,0.54,2046100,0.54,REXX
Tue Feb 09 2016 00:00:00 GMT+0800 (China Standard Time),0.56,0.6,0.5,0.55,1280000,0.55,REXX
Wed Feb 10 2016 00:00:00 GMT+0800 (China Standard Time),0.57,0.6,0.51,0.57,1774400,0.57,REXX
Thu Feb 11 2016 00:00:00 GMT+0800 (China Standard Time),0.52,0.62,0.52,0.61,2321400,0.61,REXX
Fri Feb 12 2016 00:00:00 GMT+0800 (China Standard Time),0.64,0.64,0.6,0.63,1681900,0.63,REXX
Tue Feb 16 2016 00:00:00 GMT+0800 (China Standard Time),0.63,0.69,0.54,0.67,2048300,0.67,REXX
Wed Feb 17 2016 00:00:00 GMT+0800 (China Standard Time),0.63,0.84,0.6,0.72,3852600,0.72,REXX
Thu Feb 18 2016 00:00:00 GMT+0800 (China Standard Time),0.7,0.75,0.51,0.52,3589400,0.52,REXX
Fri Feb 19 2016 00:00:00 GMT+0800 (China Standard Time),0.56,0.61,0.52,0.56,2211300,0.56,REXX
Mon Feb 22 2016 00:00:00 GMT+0800 (China Standard Time),0.62,0.69,0.59,0.66,4297700,0.66,REXX
Tue Feb 23 2016 00:00:00 GMT+0800 (China Standard Time),0.67,0.67,0.55,0.56,2910200,0.56,REXX
Wed Feb 24 2016 00:00:00 GMT+0800 (China Standard Time),0.6,0.66,0.53,0.64,3146000,0.64,REXX
Thu Feb 25 2016 00:00:00 GMT+0800 (China Standard Time),0.64,0.64,0.56,0.6,1317900,0.6,REXX
Fri Feb 26 2016 00:00:00 GMT+0800 (China Standard Time),0.63,0.65,0.57,0.65,2022600,0.65,REXX
Mon Feb 29 2016 00:00:00 GMT+0800 (China Standard Time),0.65,0.65,0.58,0.59,1929200,0.59,REXX
Tue Mar 01 2016 00:00:00 GMT+0800 (China Standard Time),0.59,0.62,0.59,0.61,1180300,0.61,REXX
Wed Mar 02 2016 00:00:00 GMT+0800 (China Standard Time),0.65,0.84,0.62,0.82,5360100,0.82,REXX
Thu Mar 03 2016 00:00:00 GMT+0800 (China Standard Time),0.81,1.16,0.77,1.14,6385900,1.14,REXX
Fri Mar 04 2016 00:00:00 GMT+0800 (China Standard Time),1.15,1.49,0.93,1.41,7402500,1.41,REXX
Mon Mar 07 2016 00:00:00 GMT+0800 (China Standard Time),1.53,2.43,1.5,2.17,13098800,2.17,REXX
Tue Mar 08 2016 00:00:00 GMT+0800 (China Standard Time),2,2.06,1.29,1.31,6773300,1.31,REXX
Wed Mar 09 2016 00:00:00 GMT+0800 (China Standard Time),1.6,1.61,1.26,1.32,6598100,1.32,REXX
Thu Mar 10 2016 00:00:00 GMT+0800 (China Standard Time),1.37,1.37,1.09,1.23,3760100,1.23,REXX
Fri Mar 11 2016 00:00:00 GMT+0800 (China Standard Time),1.33,1.55,1.29,1.54,5367000,1.54,REXX
Mon Mar 14 2016 00:00:00 GMT+0800 (China Standard Time),1.41,1.95,1.38,1.66,6961900,1.66,REXX
Tue Mar 15 2016 00:00:00 GMT+0800 (China Standard Time),1.63,1.85,1.55,1.69,3720700,1.69,REXX
Wed Mar 16 2016 00:00:00 GMT+0800 (China Standard Time),1.83,1.92,1.48,1.59,6889700,1.59,REXX
Thu Mar 17 2016 00:00:00 GMT+0800 (China Standard Time),1.68,1.72,1.52,1.53,3010400,1.53,REXX
Fri Mar 18 2016 00:00:00 GMT+0800 (China Standard Time),1.58,1.63,1.16,1.19,29784300,1.19,REXX
Mon Mar 21 2016 00:00:00 GMT+0800 (China Standard Time),1.24,1.36,1.18,1.27,4350200,1.27,REXX
Tue Mar 22 2016 00:00:00 GMT+0800 (China Standard Time),1.26,1.26,1.16,1.18,1768600,1.18,REXX
Wed Mar 23 2016 00:00:00 GMT+0800 (China Standard Time),1.2,1.2,0.98,1,3390900,1,REXX
Thu Mar 24 2016 00:00:00 GMT+0800 (China Standard Time),0.96,1.05,0.91,1.03,1957400,1.03,REXX
Mon Mar 28 2016 00:00:00 GMT+0800 (China Standard Time),1.05,1.05,0.93,0.97,2006500,0.97,REXX
Tue Mar 29 2016 00:00:00 GMT+0800 (China Standard Time),1.16,1.16,0.85,0.86,2642500,0.86,REXX
Wed Mar 30 2016 00:00:00 GMT+0800 (China Standard Time),0.88,0.94,0.83,0.85,1700400,0.85,REXX
Thu Mar 31 2016 00:00:00 GMT+0800 (China Standard Time),0.85,0.87,0.74,0.77,1897600,0.77,REXX
Fri Apr 01 2016 00:00:00 GMT+0800 (China Standard Time),0.75,0.81,0.73,0.78,1554400,0.78,REXX
Mon Apr 04 2016 00:00:00 GMT+0800 (China Standard Time),0.76,0.8,0.72,0.73,1026900,0.73,REXX
Tue Apr 05 2016 00:00:00 GMT+0800 (China Standard Time),0.74,0.75,0.66,0.67,2143800,0.67,REXX
Wed Apr 06 2016 00:00:00 GMT+0800 (China Standard Time),0.73,0.77,0.69,0.74,1818600,0.74,REXX
Thu Apr 07 2016 00:00:00 GMT+0800 (China Standard Time),0.79,0.79,0.69,0.69,4199400,0.69,REXX
Fri Apr 08 2016 00:00:00 GMT+0800 (China Standard Time),0.75,0.81,0.73,0.76,2146900,0.76,REXX
Mon Apr 11 2016 00:00:00 GMT+0800 (China Standard Time),0.79,0.97,0.79,0.95,4342800,0.95,REXX
Tue Apr 12 2016 00:00:00 GMT+0800 (China Standard Time),1.05,1.44,1.03,1.15,12954100,1.15,REXX
Wed Apr 13 2016 00:00:00 GMT+0800 (China Standard Time),1.18,1.31,1.05,1.11,7028400,1.11,REXX
Thu Apr 14 2016 00:00:00 GMT+0800 (China Standard Time),1.09,1.13,1,1.04,3069400,1.04,REXX
Fri Apr 15 2016 00:00:00 GMT+0800 (China Standard Time),1,1.21,0.91,1.1,3949000,1.1,REXX
Mon Apr 18 2016 00:00:00 GMT+0800 (China Standard Time),0.96,1.05,0.9,1,3844300,1,REXX
Tue Apr 19 2016 00:00:00 GMT+0800 (China Standard Time),1.1,1.14,1.06,1.09,3042400,1.09,REXX
Wed Apr 20 2016 00:00:00 GMT+0800 (China Standard Time),1.1,1.19,1.05,1.11,3812300,1.11,REXX
Thu Apr 21 2016 00:00:00 GMT+0800 (China Standard Time),1.11,1.16,1.08,1.12,2349100,1.12,REXX
Fri Apr 22 2016 00:00:00 GMT+0800 (China Standard Time),1.13,1.18,1.11,1.14,2130000,1.14,REXX
Mon Apr 25 2016 00:00:00 GMT+0800 (China Standard Time),1.16,1.16,1.05,1.1,2601400,1.1,REXX
Tue Apr 26 2016 00:00:00 GMT+0800 (China Standard Time),1.18,1.19,1.06,1.08,2794200,1.08,REXX
Wed Apr 27 2016 00:00:00 GMT+0800 (China Standard Time),1.12,1.15,1.03,1.04,4317400,1.04,REXX
Thu Apr 28 2016 00:00:00 GMT+0800 (China Standard Time),1.05,1.05,0.97,0.97,2303300,0.97,REXX
Fri Apr 29 2016 00:00:00 GMT+0800 (China Standard Time),1.02,1.04,0.98,1.01,1643800,1.01,REXX
Mon May 02 2016 00:00:00 GMT+0800 (China Standard Time),1,1.03,0.94,1.01,1618000,1.01,REXX
Tue May 03 2016 00:00:00 GMT+0800 (China Standard Time),1,1,0.9,0.94,1440600,0.94,REXX
Wed May 04 2016 00:00:00 GMT+0800 (China Standard Time),0.94,0.95,0.85,0.87,1219700,0.87,REXX
Thu May 05 2016 00:00:00 GMT+0800 (China Standard Time),0.96,0.96,0.83,0.84,1648700,0.84,REXX
Fri May 06 2016 00:00:00 GMT+0800 (China Standard Time),0.83,0.91,0.83,0.89,2221100,0.89,REXX
Mon May 09 2016 00:00:00 GMT+0800 (China Standard Time),0.92,0.93,0.8,0.8,2242100,0.8,REXX
Tue May 10 2016 00:00:00 GMT+0800 (China Standard Time),0.77,0.81,0.73,0.74,3433700,0.74,REXX
Wed May 11 2016 00:00:00 GMT+0800 (China Standard Time),0.8,0.85,0.72,0.76,3069000,0.76,REXX
Thu May 12 2016 00:00:00 GMT+0800 (China Standard Time),0.8,0.82,0.71,0.72,2386700,0.72,REXX
Fri May 13 2016 00:00:00 GMT+0800 (China Standard Time),0.72,0.75,0.7,0.73,1453800,0.73,REXX
Mon May 16 2016 00:00:00 GMT+0800 (China Standard Time),0.77,0.82,0.65,0.66,10170400,0.66,REXX
Tue May 17 2016 00:00:00 GMT+0800 (China Standard Time),0.74,0.74,0.67,0.68,3208100,0.68,REXX
Wed May 18 2016 00:00:00 GMT+0800 (China Standard Time),0.7,0.72,0.67,0.67,1728100,0.67,REXX
Thu May 19 2016 00:00:00 GMT+0800 (China Standard Time),0.67,0.68,0.6,0.61,3607100,0.61,REXX
Fri May 20 2016 00:00:00 GMT+0800 (China Standard Time),0.65,0.65,0.6,0.6,2522900,0.6,REXX
Mon May 23 2016 00:00:00 GMT+0800 (China Standard Time),0.61,0.62,0.54,0.55,3897600,0.55,REXX
Tue May 24 2016 00:00:00 GMT+0800 (China Standard Time),0.55,0.62,0.55,0.57,2048200,0.57,REXX
Wed May 25 2016 00:00:00 GMT+0800 (China Standard Time),0.6,0.67,0.58,0.66,3411900,0.66,REXX
Thu May 26 2016 00:00:00 GMT+0800 (China Standard Time),0.71,0.88,0.7,0.79,6292200,0.79,REXX
Fri May 27 2016 00:00:00 GMT+0800 (China Standard Time),0.85,0.87,0.7,0.73,3714000,0.73,REXX
Tue May 31 2016 00:00:00 GMT+0800 (China Standard Time),0.76,0.81,0.72,0.74,2265100,0.74,REXX
Wed Jun 01 2016 00:00:00 GMT+0800 (China Standard Time),0.75,0.77,0.7,0.76,2289800,0.76,REXX
Thu Jun 02 2016 00:00:00 GMT+0800 (China Standard Time),0.78,0.81,0.74,0.78,2497500,0.78,REXX
Fri Jun 03 2016 00:00:00 GMT+0800 (China Standard Time),0.78,0.81,0.73,0.76,1480600,0.76,REXX
Mon Jun 06 2016 00:00:00 GMT+0800 (China Standard Time),0.79,0.84,0.76,0.82,3417000,0.82,REXX
Tue Jun 07 2016 00:00:00 GMT+0800 (China Standard Time),0.85,0.87,0.8,0.8,1666900,0.8,REXX
Wed Jun 08 2016 00:00:00 GMT+0800 (China Standard Time),0.81,0.85,0.8,0.84,1941000,0.84,REXX
Thu Jun 09 2016 00:00:00 GMT+0800 (China Standard Time),0.84,0.98,0.82,0.91,4085400,0.91,REXX
Fri Jun 10 2016 00:00:00 GMT+0800 (China Standard Time),0.88,0.98,0.85,0.85,2908200,0.85,REXX
Mon Jun 13 2016 00:00:00 GMT+0800 (China Standard Time),0.91,0.91,0.8,0.83,1674200,0.83,REXX
Tue Jun 14 2016 00:00:00 GMT+0800 (China Standard Time),0.85,0.86,0.8,0.8,1263600,0.8,REXX
Wed Jun 15 2016 00:00:00 GMT+0800 (China Standard Time),0.85,0.88,0.8,0.85,1601800,0.85,REXX
Thu Jun 16 2016 00:00:00 GMT+0800 (China Standard Time),0.83,0.86,0.79,0.8,1712100,0.8,REXX
Fri Jun 17 2016 00:00:00 GMT+0800 (China Standard Time),0.81,0.87,0.81,0.82,1370600,0.82,REXX
Mon Jun 20 2016 00:00:00 GMT+0800 (China Standard Time),0.87,0.87,0.77,0.8,1742400,0.8,REXX
Tue Jun 21 2016 00:00:00 GMT+0800 (China Standard Time),0.81,0.84,0.73,0.76,2609100,0.76,REXX
Wed Jun 22 2016 00:00:00 GMT+0800 (China Standard Time),0.76,0.87,0.76,0.8,4537000,0.8,REXX
Thu Jun 23 2016 00:00:00 GMT+0800 (China Standard Time),0.81,0.85,0.79,0.82,823000,0.82,REXX
Fri Jun 24 2016 00:00:00 GMT+0800 (China Standard Time),0.72,0.78,0.72,0.75,8255400,0.75,REXX
Mon Jun 27 2016 00:00:00 GMT+0800 (China Standard Time),0.74,0.78,0.7,0.72,2397700,0.72,REXX
Tue Jun 28 2016 00:00:00 GMT+0800 (China Standard Time),0.73,0.77,0.72,0.72,2419300,0.72,REXX
Wed Jun 29 2016 00:00:00 GMT+0800 (China Standard Time),0.76,0.77,0.71,0.72,1681900,0.72,REXX
Thu Jun 30 2016 00:00:00 GMT+0800 (China Standard Time),0.73,0.73,0.65,0.66,3027100,0.66,REXX
Fri Jul 01 2016 00:00:00 GMT+0800 (China Standard Time),0.68,0.73,0.67,0.71,1776300,0.71,REXX
Tue Jul 05 2016 00:00:00 GMT+0800 (China Standard Time),0.7,0.72,0.65,0.67,1760400,0.67,REXX
Wed Jul 06 2016 00:00:00 GMT+0800 (China Standard Time),0.67,0.7,0.66,0.66,1054300,0.66,REXX
Thu Jul 07 2016 00:00:00 GMT+0800 (China Standard Time),0.67,0.7,0.64,0.65,1518900,0.65,REXX
Fri Jul 08 2016 00:00:00 GMT+0800 (China Standard Time),0.65,0.68,0.65,0.66,1034600,0.66,REXX
Mon Jul 11 2016 00:00:00 GMT+0800 (China Standard Time),0.68,0.69,0.63,0.63,1258100,0.63,REXX
Tue Jul 12 2016 00:00:00 GMT+0800 (China Standard Time),0.65,0.7,0.65,0.66,2211500,0.66,REXX
Wed Jul 13 2016 00:00:00 GMT+0800 (China Standard Time),0.66,0.67,0.64,0.65,1035600,0.65,REXX
Thu Jul 14 2016 00:00:00 GMT+0800 (China Standard Time),0.67,0.69,0.64,0.65,963000,0.65,REXX
Fri Jul 15 2016 00:00:00 GMT+0800 (China Standard Time),0.65,0.66,0.64,0.65,682100,0.65,REXX
Mon Jul 18 2016 00:00:00 GMT+0800 (China Standard Time),0.65,0.68,0.65,0.67,769900,0.67,REXX
Tue Jul 19 2016 00:00:00 GMT+0800 (China Standard Time),0.68,0.68,0.65,0.67,691800,0.67,REXX
Wed Jul 20 2016 00:00:00 GMT+0800 (China Standard Time),0.67,0.73,0.65,0.7,2151600,0.7,REXX
Thu Jul 21 2016 00:00:00 GMT+0800 (China Standard Time),0.7,0.74,0.67,0.68,1471200,0.68,REXX
Fri Jul 22 2016 00:00:00 GMT+0800 (China Standard Time),0.69,0.69,0.65,0.65,1527300,0.65,REXX
Mon Jul 25 2016 00:00:00 GMT+0800 (China Standard Time),0.66,0.66,0.59,0.59,2922000,0.59,REXX
Tue Jul 26 2016 00:00:00 GMT+0800 (China Standard Time),0.61,0.66,0.59,0.66,1133200,0.66,REXX
Wed Jul 27 2016 00:00:00 GMT+0800 (China Standard Time),0.66,0.69,0.61,0.63,1044800,0.63,REXX
Thu Jul 28 2016 00:00:00 GMT+0800 (China Standard Time),0.62,0.65,0.61,0.64,683200,0.64,REXX
Fri Jul 29 2016 00:00:00 GMT+0800 (China Standard Time),0.62,0.67,0.61,0.65,1463400,0.65,REXX
Mon Aug 01 2016 00:00:00 GMT+0800 (China Standard Time),0.66,0.66,0.63,0.65,1240200,0.65,REXX
Tue Aug 02 2016 00:00:00 GMT+0800 (China Standard Time),0.66,0.66,0.61,0.65,1224600,0.65,REXX
Wed Aug 03 2016 00:00:00 GMT+0800 (China Standard Time),0.61,0.65,0.58,0.61,2399200,0.61,REXX
Thu Aug 04 2016 00:00:00 GMT+0800 (China Standard Time),0.61,0.63,0.6,0.6,1494300,0.6,REXX
Fri Aug 05 2016 00:00:00 GMT+0800 (China Standard Time),0.61,0.62,0.6,0.6,1034300,0.6,REXX
Mon Aug 08 2016 00:00:00 GMT+0800 (China Standard Time),0.6,0.63,0.59,0.59,1471300,0.59,REXX
Tue Aug 09 2016 00:00:00 GMT+0800 (China Standard Time),0.61,0.62,0.55,0.58,1394500,0.58,REXX
Wed Aug 10 2016 00:00:00 GMT+0800 (China Standard Time),0.59,0.59,0.55,0.57,1176600,0.57,REXX
Thu Aug 11 2016 00:00:00 GMT+0800 (China Standard Time),0.57,0.59,0.56,0.56,1093300,0.56,REXX
Fri Aug 12 2016 00:00:00 GMT+0800 (China Standard Time),0.57,0.58,0.56,0.57,1193300,0.57,REXX
Mon Aug 15 2016 00:00:00 GMT+0800 (China Standard Time),0.6,0.63,0.59,0.62,2133000,0.62,REXX
Tue Aug 16 2016 00:00:00 GMT+0800 (China Standard Time),0.61,0.62,0.6,0.61,1052600,0.61,REXX
Wed Aug 17 2016 00:00:00 GMT+0800 (China Standard Time),0.61,0.62,0.59,0.61,744000,0.61,REXX
Thu Aug 18 2016 00:00:00 GMT+0800 (China Standard Time),0.62,0.67,0.6,0.62,3112300,0.62,REXX
Fri Aug 19 2016 00:00:00 GMT+0800 (China Standard Time),0.62,0.64,0.6,0.62,745900,0.62,REXX
Mon Aug 22 2016 00:00:00 GMT+0800 (China Standard Time),0.62,0.62,0.6,0.6,1038000,0.6,REXX
Tue Aug 23 2016 00:00:00 GMT+0800 (China Standard Time),0.61,0.61,0.59,0.6,808500,0.6,REXX
Wed Aug 24 2016 00:00:00 GMT+0800 (China Standard Time),0.58,0.61,0.57,0.59,1096600,0.59,REXX
Thu Aug 25 2016 00:00:00 GMT+0800 (China Standard Time),0.59,0.6,0.57,0.57,785600,0.57,REXX
Fri Aug 26 2016 00:00:00 GMT+0800 (China Standard Time),0.58,0.58,0.56,0.56,860400,0.56,REXX
Mon Aug 29 2016 00:00:00 GMT+0800 (China Standard Time),0.59,0.6,0.56,0.57,582300,0.57,REXX
Tue Aug 30 2016 00:00:00 GMT+0800 (China Standard Time),0.57,0.61,0.57,0.58,501000,0.58,REXX
Wed Aug 31 2016 00:00:00 GMT+0800 (China Standard Time),0.58,0.58,0.56,0.58,730100,0.58,REXX
Thu Sep 01 2016 00:00:00 GMT+0800 (China Standard Time),0.58,0.58,0.53,0.56,1034600,0.56,REXX
Fri Sep 02 2016 00:00:00 GMT+0800 (China Standard Time),0.53,0.57,0.53,0.56,730600,0.56,REXX
Tue Sep 06 2016 00:00:00 GMT+0800 (China Standard Time),0.58,0.58,0.55,0.56,532600,0.56,REXX
Wed Sep 07 2016 00:00:00 GMT+0800 (China Standard Time),0.56,0.57,0.55,0.55,912300,0.55,REXX
Thu Sep 08 2016 00:00:00 GMT+0800 (China Standard Time),0.56,0.57,0.55,0.56,987700,0.56,REXX
Fri Sep 09 2016 00:00:00 GMT+0800 (China Standard Time),0.55,0.56,0.54,0.55,493700,0.55,REXX
Mon Sep 12 2016 00:00:00 GMT+0800 (China Standard Time),0.55,0.55,0.53,0.53,1021800,0.53,REXX
Tue Sep 13 2016 00:00:00 GMT+0800 (China Standard Time),0.54,0.55,0.51,0.53,1422500,0.53,REXX
Wed Sep 14 2016 00:00:00 GMT+0800 (China Standard Time),0.55,0.55,0.49,0.51,1186700,0.51,REXX
Thu Sep 15 2016 00:00:00 GMT+0800 (China Standard Time),0.52,0.53,0.51,0.51,380700,0.51,REXX
Fri Sep 16 2016 00:00:00 GMT+0800 (China Standard Time),0.51,0.52,0.5,0.5,772800,0.5,REXX
Mon Sep 19 2016 00:00:00 GMT+0800 (China Standard Time),0.5,0.52,0.5,0.51,481100,0.51,REXX
Tue Sep 20 2016 00:00:00 GMT+0800 (China Standard Time),0.5,0.51,0.48,0.48,1624900,0.48,REXX
Wed Sep 21 2016 00:00:00 GMT+0800 (China Standard Time),0.48,0.5,0.47,0.48,910900,0.48,REXX
Thu Sep 22 2016 00:00:00 GMT+0800 (China Standard Time),0.49,0.5,0.48,0.49,1568500,0.49,REXX
Fri Sep 23 2016 00:00:00 GMT+0800 (China Standard Time),0.5,0.5,0.48,0.48,825100,0.48,REXX
Mon Sep 26 2016 00:00:00 GMT+0800 (China Standard Time),0.49,0.5,0.48,0.49,606300,0.49,REXX
Tue Sep 27 2016 00:00:00 GMT+0800 (China Standard Time),0.48,0.49,0.45,0.46,1272200,0.46,REXX
Wed Sep 28 2016 00:00:00 GMT+0800 (China Standard Time),0.45,0.55,0.45,0.55,2633100,0.55,REXX
Thu Sep 29 2016 00:00:00 GMT+0800 (China Standard Time),0.6,0.67,0.55,0.56,7332500,0.56,REXX
Fri Sep 30 2016 00:00:00 GMT+0800 (China Standard Time),0.61,0.61,0.56,0.58,1348200,0.58,REXX
Mon Oct 03 2016 00:00:00 GMT+0800 (China Standard Time),0.6,0.62,0.58,0.59,1251600,0.59,REXX
Tue Oct 04 2016 00:00:00 GMT+0800 (China Standard Time),0.58,0.6,0.53,0.57,1338900,0.57,REXX
Wed Oct 05 2016 00:00:00 GMT+0800 (China Standard Time),0.59,0.59,0.56,0.56,1205600,0.56,REXX
Thu Oct 06 2016 00:00:00 GMT+0800 (China Standard Time),0.57,0.58,0.55,0.56,849300,0.56,REXX
Fri Oct 07 2016 00:00:00 GMT+0800 (China Standard Time),0.56,0.56,0.53,0.55,1200900,0.55,REXX
Mon Oct 10 2016 00:00:00 GMT+0800 (China Standard Time),0.56,0.59,0.55,0.56,929900,0.56,REXX
Tue Oct 11 2016 00:00:00 GMT+0800 (China Standard Time),0.56,0.58,0.55,0.57,587400,0.57,REXX
Wed Oct 12 2016 00:00:00 GMT+0800 (China Standard Time),0.57,0.58,0.55,0.57,511800,0.57,REXX
Thu Oct 13 2016 00:00:00 GMT+0800 (China Standard Time),0.55,0.58,0.53,0.57,1271900,0.57,REXX
Fri Oct 14 2016 00:00:00 GMT+0800 (China Standard Time),0.58,0.58,0.54,0.54,703500,0.54,REXX
Mon Oct 17 2016 00:00:00 GMT+0800 (China Standard Time),0.57,0.57,0.53,0.54,787100,0.54,REXX
Tue Oct 18 2016 00:00:00 GMT+0800 (China Standard Time),0.55,0.56,0.52,0.54,632600,0.54,REXX
Wed Oct 19 2016 00:00:00 GMT+0800 (China Standard Time),0.54,0.59,0.54,0.57,2339400,0.57,REXX
Thu Oct 20 2016 00:00:00 GMT+0800 (China Standard Time),0.58,0.61,0.57,0.59,3077800,0.59,REXX
Fri Oct 21 2016 00:00:00 GMT+0800 (China Standard Time),0.59,0.59,0.55,0.57,1444700,0.57,REXX
Mon Oct 24 2016 00:00:00 GMT+0800 (China Standard Time),0.56,0.57,0.52,0.53,1621500,0.53,REXX
Tue Oct 25 2016 00:00:00 GMT+0800 (China Standard Time),0.56,0.56,0.5,0.52,1549500,0.52,REXX
Wed Oct 26 2016 00:00:00 GMT+0800 (China Standard Time),0.52,0.52,0.5,0.5,1325600,0.5,REXX
Thu Oct 27 2016 00:00:00 GMT+0800 (China Standard Time),0.5,0.52,0.49,0.49,1428900,0.49,REXX
Fri Oct 28 2016 00:00:00 GMT+0800 (China Standard Time),0.5,0.51,0.47,0.49,1780000,0.49,REXX
Mon Oct 31 2016 00:00:00 GMT+0800 (China Standard Time),0.49,0.49,0.46,0.46,1572100,0.46,REXX
Tue Nov 01 2016 00:00:00 GMT+0800 (China Standard Time),0.46,0.48,0.43,0.44,1984100,0.44,REXX
Wed Nov 02 2016 00:00:00 GMT+0800 (China Standard Time),0.44,0.44,0.37,0.42,1840900,0.42,REXX
Thu Nov 03 2016 00:00:00 GMT+0800 (China Standard Time),0.42,0.44,0.4,0.43,589800,0.43,REXX
Fri Nov 04 2016 00:00:00 GMT+0800 (China Standard Time),0.42,0.47,0.41,0.45,972500,0.45,REXX
Mon Nov 07 2016 00:00:00 GMT+0800 (China Standard Time),0.45,0.48,0.44,0.44,791600,0.44,REXX
Tue Nov 08 2016 00:00:00 GMT+0800 (China Standard Time),0.46,0.47,0.4,0.44,1346800,0.44,REXX
Wed Nov 09 2016 00:00:00 GMT+0800 (China Standard Time),0.43,0.47,0.42,0.44,1508900,0.44,REXX
Thu Nov 10 2016 00:00:00 GMT+0800 (China Standard Time),0.44,0.46,0.43,0.45,954200,0.45,REXX
Fri Nov 11 2016 00:00:00 GMT+0800 (China Standard Time),0.45,0.46,0.38,0.39,3143800,0.39,REXX
